{"train_accuracy":0.34125,"val_accuracy":0.32894736842105265,"_wandb":{"runtime":0},"_timestamp":1.728774097486204e+09,"_runtime":0.53818,"_step":1,"train_loss":0.30088914106267334,"val_loss":0.28724698598407017}