{"val_loss":0.2591813894833522,"_timestamp":1.72878390597381e+09,"_runtime":0.435769,"_step":1,"train_accuracy":0.52125,"val_accuracy":0.5175438596491229,"_wandb":{"runtime":0},"train_loss":0.27510469513221836}