{"_wandb":{"runtime":0},"train_loss":0.2772918209757419,"val_loss":0.2611679587167901,"_timestamp":1.7287851065481129e+09,"_runtime":0.427196,"_step":1,"train_accuracy":0.51,"val_accuracy":0.5043859649122807}