{"train_loss":0.33839675412193754,"val_loss":0.32739006130394277,"_timestamp":1.728771515719372e+09,"_runtime":0.487007,"train_accuracy":0.00625,"val_accuracy":0.0043859649122807015,"_wandb":{"runtime":0},"_step":1}