{"train_rmse":3.493281844442185,"train_mse":12.203018044709395,"val_mse":16.807005285881722,"_wandb":{"runtime":0},"_timestamp":1.728809677898305e+09,"val_r2":0.8031141864767009,"train_r2":0.8532000362634833,"_step":0,"val_rmse":4.09963477469417,"_runtime":0.402639}