{"_wandb":{"runtime":1},"_step":2,"early_stop_epoch":17,"val_loss":0.2982073398791305,"train_accuracy":0.31,"_timestamp":1.728783756163027e+09,"train_loss":0.31089359555819934,"val_accuracy":0.30701754385964913,"_runtime":1.103968}