{"train_loss":0.3334822923717148,"val_loss":0.3191601914644158,"_timestamp":1.728771408750655e+09,"_runtime":0.670093,"_step":1,"train_accuracy":0.00625,"val_accuracy":0.0043859649122807015,"_wandb":{"runtime":0}}