{"_wandb":{"runtime":1},"train_loss":0.274131540430454,"val_loss":0.26019476552515997,"_timestamp":1.728785575987179e+09,"_runtime":1.027182,"_step":1,"train_accuracy":0.5375,"val_accuracy":0.5482456140350878}