{"_timestamp":1.7288138424971368e+09,"val_r2":-5.847773028379642,"train_mse":536.6363559363435,"train_rmse":23.165412923933463,"val_mse":584.5548514894664,"_wandb":{"runtime":0},"train_r2":-5.455632311820266,"_runtime":0.406498,"_step":0,"val_rmse":24.17756918073995}