{"train_accuracy":0.40375,"_runtime":1.5113569999999998,"val_loss":0.2894701396154864,"_timestamp":1.728780478506856e+09,"train_loss":0.2899085114549033,"val_accuracy":0.4166666666666667,"_step":2,"early_stop_epoch":34,"_wandb":{"runtime":1}}