{"train_r2":-5.505019850635748,"_timestamp":1.728812960379164e+09,"_wandb":{"runtime":0},"val_mse":588.8616131629188,"_runtime":0.397981,"val_rmse":24.266470966395563,"val_r2":-5.8982246264665985,"train_rmse":23.253855299543527,"train_mse":540.7417862921086,"_step":0}