{"val_mse":494.6211895137382,"val_rmse":22.240080699353097,"_step":0,"train_mse":452.493915749837,"_timestamp":1.7288106422049978e+09,"_wandb":{"runtime":0},"_runtime":0.406951,"train_r2":-4.443414914220299,"train_rmse":21.27190437525134,"val_r2":-4.794244341975608}