{"_runtime":0.433045,"_step":1,"train_accuracy":0.00625,"val_accuracy":0.0043859649122807015,"_wandb":{"runtime":0},"train_loss":0.3788052231681639,"val_loss":0.3709068670227615,"_timestamp":1.728775879789633e+09}