{"early_stop_epoch":16,"train_r2":-5.4556323117704615,"_timestamp":1.7288154848562849e+09,"train_rmse":23.1654129238441,"_runtime":0.606936,"val_mse":584.5548514851484,"val_r2":-5.84777302832906,"_step":1,"_wandb":{"runtime":0},"val_rmse":24.177569180650657,"train_mse":536.6363559322034}