{"train_accuracy":0.00625,"val_accuracy":0.0043859649122807015,"_wandb":{"runtime":0},"_step":1,"train_loss":0.4173920851472776,"val_loss":0.4149903380499829,"_timestamp":1.728772773727577e+09,"_runtime":0.454247}