{"val_accuracy":0.0043859649122807015,"_wandb":{"runtime":0},"_timestamp":1.728778309133451e+09,"_runtime":0.6589,"_step":1,"train_loss":0.3329193774374012,"val_loss":0.3173006585325171,"train_accuracy":0.00625}