{"val_mse":10.602328061665315,"train_rmse":2.8006971673614736,"train_mse":7.843904623266582,"early_stop_epoch":36,"train_r2":0.9056393336443966,"_runtime":1.061219,"_step":1,"_wandb":{"runtime":1},"_timestamp":1.728810099746912e+09,"val_r2":0.8757989332331927,"val_rmse":3.256121628819371}