{"_wandb":{"runtime":0},"_step":1,"train_r2":-5.4556323117704615,"val_mse":584.5548514851484,"train_rmse":23.1654129238441,"val_r2":-5.84777302832906,"_runtime":0.461047,"_timestamp":1.728817658864465e+09,"early_stop_epoch":143,"val_rmse":24.177569180650657,"train_mse":536.6363559322034}