{"val_accuracy":0.5657894736842105,"val_loss":0.2627293569957381,"_runtime":1.994173,"train_loss":0.23649347404283957,"_step":2,"_wandb":{"runtime":1},"train_accuracy":0.55,"early_stop_epoch":34,"_timestamp":1.728773838672665e+09}