{"_wandb":{"runtime":0},"val_mse":13.934601873603782,"val_r2":0.8367629819030047,"_step":0,"train_mse":8.942633263061062,"val_rmse":3.732907964791495,"_runtime":0.449384,"train_rmse":2.990423592580332,"train_r2":0.89242183909615,"_timestamp":1.72881084271999e+09}