{"val_rmse":3.456066265429422,"train_r2":0.9044003337284116,"val_r2":0.8600772894490922,"val_mse":11.94439403103927,"train_rmse":2.8190244374671396,"_wandb":{"runtime":0},"_timestamp":1.728809550117075e+09,"_runtime":0.836436,"early_stop_epoch":41,"train_mse":7.946898779036923,"_step":1}