{"_timestamp":1.728809339755198e+09,"train_rmse":2.7400417501837366,"val_r2":0.8640213575414031,"_wandb":{"runtime":0},"train_mse":7.507828792749955,"_step":0,"val_rmse":3.407009202652609,"train_r2":0.9096822613489861,"_runtime":0.453127,"val_mse":11.607711706959567}