{"_step":1,"train_loss":0.4289944365039734,"val_loss":0.42716960226989,"train_accuracy":0.00625,"val_accuracy":0.0043859649122807015,"_wandb":{"runtime":0},"_timestamp":1.728784034733269e+09,"_runtime":0.415121}