{"train_r2":-5.4556323117704615,"val_mse":584.5548514851484,"_step":1,"train_rmse":23.1654129238441,"_runtime":0.408275,"_wandb":{"runtime":0},"_timestamp":1.72881583245047e+09,"early_stop_epoch":41,"val_rmse":24.177569180650657,"val_r2":-5.84777302832906,"train_mse":536.6363559322034}