{"_runtime":0.629182,"_step":0,"_wandb":{"runtime":0},"val_rmse":3.548602831020919,"val_mse":12.592582052329682,"train_mse":8.349539406555635,"train_rmse":2.889556956793833,"train_r2":0.899556644298302,"_timestamp":1.7288102583744252e+09,"val_r2":0.8524840850847772}