{"val_accuracy":0.3815789473684211,"_wandb":{"runtime":3},"val_loss":0.2869561063608465,"_timestamp":1.728776644230958e+09,"_runtime":3.363468,"_step":1,"train_loss":0.3013243927883798,"train_accuracy":0.35}