{"val_mse":9.503335246909208,"early_stop_epoch":35,"train_r2":0.9080658447799597,"_step":1,"train_mse":7.642196404686156,"_timestamp":1.728812120404521e+09,"_wandb":{"runtime":1},"train_rmse":2.7644522793287925,"_runtime":1.129105,"val_r2":0.8886730943766581,"val_rmse":3.082748002498616}