{"train_r2":0.9338342982942809,"train_rmse":2.3452390338921365,"_step":1,"val_r2":0.8783921615147885,"_timestamp":1.728811647551677e+09,"train_mse":5.500146126091321,"_wandb":{"runtime":1},"val_mse":10.380959133877527,"val_rmse":3.2219495858683955,"early_stop_epoch":92,"_runtime":1.479764}