{"val_mse":398.6681226678453,"val_rmse":19.966675303310897,"val_r2":-3.670201283461269,"_step":0,"train_rmse":18.986026359594494,"_timestamp":1.728811311788191e+09,"_runtime":0.42822,"train_mse":360.4691969272169,"_wandb":{"runtime":0},"train_r2":-3.3363752182591275}