{"train_mse":8.865684250825447,"train_r2":0.8933475209368522,"_step":0,"val_mse":12.287104991824737,"_timestamp":1.728811538991856e+09,"_wandb":{"runtime":0},"train_rmse":2.9775298908366055,"_runtime":0.461512,"val_r2":0.8560625988382504,"val_rmse":3.5052967052483215}