{"val_r2":0.8574086813504764,"val_rmse":3.4888676814463926,"_wandb":{"runtime":0},"_timestamp":1.7288121799350688e+09,"_step":1,"val_mse":12.172197698641126,"early_stop_epoch":134,"_runtime":0.585214,"train_r2":0.918663456427636,"train_rmse":2.6002404443608764,"train_mse":6.761250368490049}