{"_step":2,"_wandb":{"runtime":1},"train_accuracy":0.52125,"_timestamp":1.72877999852096e+09,"val_accuracy":0.5526315789473685,"_runtime":1.313307,"train_loss":0.25236154537265987,"val_loss":0.257180729933091,"early_stop_epoch":34}