{"val_loss":0.2719190581562746,"val_accuracy":0.41228070175438597,"train_loss":0.2797127571286356,"early_stop_epoch":49,"_step":2,"train_accuracy":0.43,"_wandb":{"runtime":2},"_timestamp":1.728778654662839e+09,"_runtime":2.137061}