{"_wandb":{"runtime":0},"train_loss":0.2709422443294463,"val_loss":0.2627616609966367,"_timestamp":1.728783339314754e+09,"_runtime":0.95852,"_step":1,"train_accuracy":0.54,"val_accuracy":0.5394736842105263}