{"_step":0,"train_r2":-5.558980897007601,"train_rmse":23.350104880026983,"_runtime":1.5366300000000002,"train_mse":545.22739790826,"val_r2":-5.952847266788509,"val_rmse":24.362356877623622,"val_mse":593.524432632695,"_wandb":{"runtime":1},"_timestamp":1.7288159208525598e+09}