{"train_accuracy":0.00625,"val_accuracy":0.0043859649122807015,"_wandb":{"runtime":0},"_step":1,"train_loss":0.3331869532998522,"val_loss":0.31762603590269795,"_timestamp":1.7287793294327838e+09,"_runtime":0.895371}