{"train_r2":0.9296155254599675,"val_mse":11.736304179930956,"_wandb":{"runtime":0},"train_rmse":2.4188508444519425,"train_mse":5.850839407705875,"_timestamp":1.728812126106125e+09,"_runtime":0.703854,"_step":0,"val_rmse":3.425828977040587,"val_r2":0.8625149598683322}