{"_step":0,"val_mse":13.012807941820835,"_wandb":{"runtime":0},"_runtime":0.453306,"_timestamp":1.728810581321285e+09,"val_rmse":3.6073269801642374,"train_r2":0.8696904972506656,"val_r2":0.847561345149334,"train_mse":10.832218026302403,"train_rmse":3.2912335113605056}