{"val_rmse":3.104428701257779,"val_mse":9.637477561193059,"train_rmse":2.541406362734691,"train_r2":0.9223025222752228,"_runtime":0.996702,"_step":0,"_wandb":{"runtime":0},"train_mse":6.4587463005483725,"val_r2":0.8871016830379671,"_timestamp":1.728809936355226e+09}