{"_wandb":{"runtime":0},"_runtime":0.600684,"_step":1,"train_loss":0.33336845712693836,"val_loss":0.3178177960582189,"_timestamp":1.7287776088988302e+09,"train_accuracy":0.00625,"val_accuracy":0.0043859649122807015}