{"_wandb":{"runtime":0},"_step":0,"train_r2":-5.365521705706427,"val_r2":-5.757074226138002,"train_mse":529.1457454182065,"train_rmse":23.00316816045578,"val_rmse":24.016919418255256,"_timestamp":1.728810053772458e+09,"_runtime":0.378264,"val_mse":576.8124183429665}