{"val_rmse":24.090412590533873,"_step":0,"_wandb":{"runtime":0},"train_r2":-5.403638975619692,"_runtime":0.475781,"train_rmse":23.071937800311925,"_timestamp":1.728809946650356e+09,"val_r2":-5.798491580478621,"val_mse":580.347978782153,"train_mse":532.3143138614623}