{"val_accuracy":0.5350877192982456,"_wandb":{"runtime":0},"_runtime":0.570446,"_step":1,"train_loss":0.2678418985009429,"val_loss":0.2559176012932222,"_timestamp":1.7287811888317518e+09,"train_accuracy":0.535}