{"train_r2":-5.497490576250576,"val_mse":587.8686090440846,"val_rmse":24.24600191875115,"_step":0,"_timestamp":1.728815442670034e+09,"val_r2":-5.886592070848085,"_runtime":0.395764,"train_mse":540.1159014563962,"_wandb":{"runtime":0},"train_rmse":23.240393745726344}