{"train_accuracy":0.00625,"val_accuracy":0.0043859649122807015,"_wandb":{"runtime":0},"_step":1,"train_loss":0.43024016970500023,"val_loss":0.4291373860213171,"_timestamp":1.728784651075563e+09,"_runtime":0.585066}