{"_step":2,"_runtime":1.883848,"_wandb":{"runtime":1},"train_accuracy":0.33,"val_accuracy":0.3333333333333333,"val_loss":0.29632445580515887,"early_stop_epoch":16,"_timestamp":1.7287864572822468e+09,"train_loss":0.3113730405734922}