{"val_loss":0.2568798924193332,"_timestamp":1.7287835022344499e+09,"_runtime":1.598707,"_step":1,"train_accuracy":0.50875,"val_accuracy":0.4956140350877193,"_wandb":{"runtime":1},"train_loss":0.268526131268878}