{"_step":0,"train_r2":0.8973117452792575,"val_mse":12.013512231151557,"train_rmse":2.9216691774758434,"_wandb":{"runtime":0},"val_r2":0.8592676036765885,"_timestamp":1.728811522502379e+09,"val_rmse":3.4660513889946234,"_runtime":0.491369,"train_mse":8.536150782612372}