{"_timestamp":1.7287738905629811e+09,"_runtime":0.503884,"_step":1,"train_accuracy":0.00625,"val_accuracy":0.0043859649122807015,"_wandb":{"runtime":0},"train_loss":0.337876874785318,"val_loss":0.32442206021900516}