{"_runtime":1.862357,"val_loss":0.2605172415969115,"_timestamp":1.7287815140207129e+09,"train_loss":0.2395090395637312,"_wandb":{"runtime":1},"train_accuracy":0.53875,"early_stop_epoch":47,"_step":2,"val_accuracy":0.5350877192982456}