{"_wandb":{"runtime":0},"_step":2,"val_loss":0.3163327497636024,"train_accuracy":0.00625,"train_loss":0.33360452541531926,"early_stop_epoch":36,"val_accuracy":0.0043859649122807015,"_timestamp":1.728778276206246e+09,"_runtime":0.533799}