{"train_r2":-5.455632312784078,"_wandb":{"runtime":0},"val_mse":584.55485157356,"val_rmse":24.177569182479036,"train_mse":536.6363560164622,"train_rmse":23.165412925662736,"val_r2":-5.847773029364758,"_runtime":0.462603,"_step":0,"_timestamp":1.7288140839401338e+09}