{"train_mse":540.252680663519,"train_rmse":23.243336263615834,"train_r2":-5.4991360038465995,"_runtime":0.378889,"_step":0,"val_r2":-5.88929580451241,"_timestamp":1.728815658599288e+09,"_wandb":{"runtime":0},"val_mse":588.0994111784524,"val_rmse":24.250761043283827}