{"_wandb":{"runtime":2},"val_rmse":3.344104110956892,"train_mse":7.74497916404785,"early_stop_epoch":50,"val_r2":0.868996268189383,"val_mse":11.183032304918784,"train_r2":0.9068293879221763,"_timestamp":1.728810519558891e+09,"_runtime":2.184867,"train_rmse":2.7829802665573915,"_step":1}