{"_timestamp":1.7287755889551182e+09,"_runtime":0.467165,"val_accuracy":0.0043859649122807015,"train_accuracy":0.00625,"_wandb":{"runtime":0},"_step":1,"train_loss":0.33395357428877137,"val_loss":0.3186764249636112}