{"train_accuracy":0.00625,"val_accuracy":0.0043859649122807015,"_wandb":{"runtime":0},"val_loss":0.43182302005066764,"_timestamp":1.728772442203448e+09,"_runtime":0.397164,"_step":1,"train_loss":0.4329190464270077}