{"_wandb":{"runtime":0},"_runtime":0.417552,"_step":1,"train_loss":0.4094014649014908,"val_loss":0.40574685120065723,"_timestamp":1.728776222544103e+09,"train_accuracy":0.00625,"val_accuracy":0.0043859649122807015}