{"_wandb":{"runtime":1},"train_rmse":2.203411968009727,"train_r2":0.9415949899703934,"train_mse":4.8550243007684974,"val_r2":0.8905822500314446,"_step":0,"val_mse":9.340361650145866,"_timestamp":1.728810978932765e+09,"val_rmse":3.0562005251857847,"_runtime":1.7012610000000001}