{"_step":1,"train_loss":0.3802386077353169,"val_loss":0.3790668811652195,"_timestamp":1.728785148544817e+09,"train_accuracy":0.00625,"val_accuracy":0.0043859649122807015,"_wandb":{"runtime":0},"_runtime":0.512197}