{"train_rmse":2.8638631146641464,"val_rmse":3.517222677656847,"_wandb":{"runtime":0},"_step":0,"train_mse":8.201711939533826,"train_r2":0.9013349803393169,"val_r2":0.8550815043528169,"_timestamp":1.728809313059482e+09,"val_mse":12.3708553642236,"_runtime":0.435319}