{"_wandb":{"runtime":0},"train_r2":0.45834630623691386,"train_mse":45.02596343169419,"_timestamp":1.728810880372908e+09,"val_r2":0.4274305809844534,"_runtime":0.405753,"train_rmse":6.7101388533840485,"_step":0,"val_rmse":6.99120489465423,"val_mse":48.87694587903726}