{"val_mse":584.5548514859842,"_runtime":0.488485,"val_r2":-5.84777302833885,"_step":0,"train_rmse":23.165412923861307,"_wandb":{"runtime":0},"train_mse":536.6363559330005,"val_rmse":24.177569180667938,"_timestamp":1.7288130897262871e+09,"train_r2":-5.455632311780049}