{"early_stop_epoch":179,"val_r2":-5.84777302832906,"_runtime":0.452522,"train_rmse":23.1654129238441,"_step":1,"train_mse":536.6363559322034,"train_r2":-5.4556323117704615,"val_mse":584.5548514851484,"_wandb":{"runtime":0},"val_rmse":24.177569180650657,"_timestamp":1.728817838637315e+09}