{"_wandb":{"runtime":0},"early_stop_epoch":41,"train_accuracy":0.00625,"_step":2,"_timestamp":1.728776733059152e+09,"train_loss":0.33334763589879873,"_runtime":0.556896,"val_accuracy":0.0043859649122807015,"val_loss":0.31659879033365784}