{"train_loss":0.2687358352334065,"_runtime":1.423262,"_step":2,"early_stop_epoch":40,"val_accuracy":0.5,"_wandb":{"runtime":1},"_timestamp":1.728785004971296e+09,"train_accuracy":0.48375,"val_loss":0.25619776575974196}