{"val_loss":0.31715191408358756,"_timestamp":1.728778771800127e+09,"_runtime":0.568066,"train_accuracy":0.00625,"val_accuracy":0.0043859649122807015,"_wandb":{"runtime":0},"_step":1,"train_loss":0.3326493858286626}