{"_timestamp":1.7287764961772292e+09,"_runtime":0.448547,"_step":1,"train_loss":0.3939109487195309,"val_loss":0.3884810823275141,"train_accuracy":0.00625,"val_accuracy":0.0043859649122807015,"_wandb":{"runtime":0}}