{"_timestamp":1.7288118990033689e+09,"train_mse":7.291278856677717,"val_r2":0.869401872251444,"_step":0,"_wandb":{"runtime":0},"train_r2":0.9122873154959257,"_runtime":0.478771,"val_mse":11.148408227678054,"val_rmse":3.338923213803824,"train_rmse":2.700236814925261}