{"val_accuracy":0.5526315789473685,"_wandb":{"runtime":0},"train_loss":0.27688067100475694,"val_loss":0.2671433922738977,"_timestamp":1.728783495220801e+09,"_runtime":0.625724,"_step":1,"train_accuracy":0.55}