{"_runtime":0.493662,"_step":1,"train_loss":0.2711827389566211,"val_loss":0.2570305993805352,"_timestamp":1.728784111636451e+09,"train_accuracy":0.53125,"val_accuracy":0.5394736842105263,"_wandb":{"runtime":0}}