{"val_r2":0.8802548120215827,"_timestamp":1.728811782520222e+09,"early_stop_epoch":152,"_step":1,"_wandb":{"runtime":2},"val_rmse":3.1971792901127345,"train_mse":4.428134335195909,"_runtime":2.56522,"train_r2":0.946730394280699,"val_mse":10.22195541312577,"train_rmse":2.104313269262899}