{"train_loss":0.28195546228373997,"val_loss":0.2701226892858867,"train_accuracy":0.45375,"val_accuracy":0.4649122807017544,"_wandb":{"runtime":0},"_timestamp":1.7287730188664162e+09,"_runtime":0.58007,"_step":1}