{"val_accuracy":0.5482456140350878,"_wandb":{"runtime":0},"train_loss":0.25996732098323766,"val_loss":0.25306434502392006,"_timestamp":1.728780423118547e+09,"_runtime":0.481578,"_step":1,"train_accuracy":0.535}