{"val_accuracy":0.0043859649122807015,"early_stop_epoch":36,"train_accuracy":0.00625,"train_loss":0.33360452541531926,"_timestamp":1.72877685693244e+09,"_step":2,"_wandb":{"runtime":0},"_runtime":0.525458,"val_loss":0.3163327497636024}