{"_wandb":{"runtime":0},"_step":2,"early_stop_epoch":64,"train_loss":0.25175690728731853,"_runtime":0.568951,"train_accuracy":0.5375,"val_loss":0.2529208370370046,"_timestamp":1.728781292415321e+09,"val_accuracy":0.5701754385964912}