{"train_loss":0.33233013635694725,"val_loss":0.3166237708168649,"train_accuracy":0.00625,"val_accuracy":0.0043859649122807015,"_wandb":{"runtime":0},"_timestamp":1.7287770294208572e+09,"_runtime":0.570162,"_step":1}