{"_step":1,"train_loss":0.32490855451606243,"val_loss":0.3095978175516266,"train_accuracy":0.00625,"val_accuracy":0.0043859649122807015,"_wandb":{"runtime":0},"_timestamp":1.728781939559532e+09,"_runtime":0.436808}