{"val_accuracy":0.0043859649122807015,"_wandb":{"runtime":0},"train_loss":0.4137409640071802,"val_loss":0.4107714501813808,"_timestamp":1.728773056772445e+09,"_runtime":0.51117,"_step":1,"train_accuracy":0.00625}