{"val_r2":0.8186656243870527,"train_rmse":3.2009656887027296,"_timestamp":1.728811505689367e+09,"_wandb":{"runtime":0},"val_rmse":3.9343956091574466,"train_r2":0.876740406047428,"_step":0,"val_mse":15.479468809357396,"_runtime":0.568858,"train_mse":10.24618134025214}