{"val_accuracy":0.5175438596491229,"_wandb":{"runtime":0},"train_loss":0.26587748630135555,"val_loss":0.262338516981016,"_timestamp":1.7287750219029062e+09,"_runtime":0.923446,"_step":1,"train_accuracy":0.5425}