{"_runtime":1.08997,"train_accuracy":0.505,"train_loss":0.25709030048245207,"val_accuracy":0.5175438596491229,"_timestamp":1.728779809663775e+09,"_wandb":{"runtime":1},"val_loss":0.25995998208550136,"_step":2,"early_stop_epoch":25}