{"train_accuracy":0.53,"val_accuracy":0.5350877192982456,"_wandb":{"runtime":0},"val_loss":0.26213571300646865,"_timestamp":1.7287853601477492e+09,"_runtime":0.521545,"_step":1,"train_loss":0.2767205732694488}