{"val_accuracy":0.0043859649122807015,"_wandb":{"runtime":0},"train_loss":0.3332637562289177,"val_loss":0.317686379575266,"_timestamp":1.7287761431487029e+09,"_runtime":0.485219,"_step":1,"train_accuracy":0.00625}