{"train_mse":530.9006119985191,"_wandb":{"runtime":0},"val_r2":-5.777325991889645,"_timestamp":1.728809543622752e+09,"val_rmse":24.05288329228912,"_step":0,"train_r2":-5.3866324136811645,"val_mse":578.5411946724811,"train_rmse":23.041280606739704,"_runtime":0.512692}