{"_runtime":0.549337,"_step":1,"train_accuracy":0.00625,"val_accuracy":0.0043859649122807015,"_wandb":{"runtime":0},"train_loss":0.4322393254220856,"val_loss":0.4312775123639839,"_timestamp":1.728771956265683e+09}