{"train_r2":0.9103356911118234,"val_r2":0.8614894531622059,"train_mse":7.453511237187301,"_step":0,"_wandb":{"runtime":0},"_timestamp":1.728809882810441e+09,"val_mse":11.823845767220226,"_runtime":0.994911,"val_rmse":3.4385819413270093,"train_rmse":2.730111945907585}