{"train_r2":-0.6230174303000926,"train_rmse":11.615348497473056,"val_rmse":11.914257346110402,"_runtime":0.443322,"_timestamp":1.7288110206043499e+09,"train_mse":134.91632071774956,"val_mse":141.9495281093457,"_wandb":{"runtime":0},"_step":0,"val_r2":-0.6628690147752736}