{"_wandb":{"runtime":0},"train_loss":0.3482063066623517,"val_loss":0.3374512354612288,"_timestamp":1.728779803095531e+09,"_runtime":0.464592,"_step":1,"train_accuracy":0.00625,"val_accuracy":0.0043859649122807015}