{"val_rmse":3.2002764606589893,"_runtime":0.656099,"train_mse":5.570253994846764,"train_r2":0.9329909140959427,"val_r2":0.8800227006066481,"_timestamp":1.728811393398008e+09,"_wandb":{"runtime":0},"train_rmse":2.3601385541630315,"val_mse":10.241769424648028,"_step":0}