{"train_r2":0.8979713685492723,"val_rmse":3.886832974225783,"_runtime":1.313324,"train_mse":8.48131838032958,"_timestamp":1.728810150858423e+09,"early_stop_epoch":44,"val_r2":0.8230234010898068,"train_rmse":2.9122703137465757,"val_mse":15.107470569528846,"_step":1,"_wandb":{"runtime":1}}