{"train_accuracy":0.0525,"val_accuracy":0.05263157894736842,"_wandb":{"runtime":0},"_step":1,"train_loss":0.32000410817786334,"val_loss":0.30542534588486797,"_timestamp":1.728782283001429e+09,"_runtime":0.537213}