{"val_accuracy":0.25877192982456143,"_runtime":1.342978,"train_accuracy":0.28125,"_timestamp":1.728771769248291e+09,"train_loss":0.3149296526866445,"val_loss":0.33313214718297185,"early_stop_epoch":30,"_step":2,"_wandb":{"runtime":1}}