{"val_loss":0.3640963966980379,"train_accuracy":0.00625,"val_accuracy":0.0043859649122807015,"_wandb":{"runtime":1},"_timestamp":1.728786262017584e+09,"_runtime":1.001312,"_step":1,"train_loss":0.3688330913520017}