{"_runtime":0.500554,"_step":1,"train_accuracy":0.00625,"val_accuracy":0.0043859649122807015,"_wandb":{"runtime":0},"train_loss":0.40490256578661116,"val_loss":0.4024687852023792,"_timestamp":1.728773255246094e+09}