{"_step":1,"train_accuracy":0.51875,"val_accuracy":0.5175438596491229,"_wandb":{"runtime":0},"train_loss":0.26615254490427065,"val_loss":0.25584156332255,"_timestamp":1.7287839919974751e+09,"_runtime":0.501316}