{"_runtime":0.514928,"val_mse":584.5548514851484,"_wandb":{"runtime":0},"train_rmse":23.1654129238441,"_step":1,"_timestamp":1.728814175012204e+09,"val_rmse":24.177569180650657,"val_r2":-5.84777302832906,"early_stop_epoch":23,"train_mse":536.6363559322034,"train_r2":-5.4556323117704615}