{"val_loss":0.32031554783536226,"_timestamp":1.728773492634109e+09,"_runtime":0.4335,"_step":1,"train_accuracy":0.00625,"val_accuracy":0.0043859649122807015,"_wandb":{"runtime":0},"train_loss":0.33520727444649057}