{"train_accuracy":0.00625,"val_accuracy":0.0043859649122807015,"_wandb":{"runtime":0},"train_loss":0.3335724409196528,"val_loss":0.31827243268310096,"_timestamp":1.728777877984004e+09,"_runtime":0.508254,"_step":1}