{"val_loss":0.42590520638615514,"_timestamp":1.7287800894559512e+09,"val_accuracy":0.0043859649122807015,"train_accuracy":0.00625,"_wandb":{"runtime":0},"_runtime":0.430593,"_step":1,"train_loss":0.4274394686621827}