{"_timestamp":1.7288176260218549e+09,"_runtime":0.429625,"train_r2":-5.4556323117704615,"val_mse":584.5548514851484,"val_r2":-5.84777302832906,"val_rmse":24.177569180650657,"_step":1,"_wandb":{"runtime":0},"train_mse":536.6363559322034,"early_stop_epoch":24,"train_rmse":23.1654129238441}