{"val_r2":-5.84777302832906,"_timestamp":1.728815220501717e+09,"_runtime":1.211632,"_step":1,"early_stop_epoch":16,"train_r2":-5.4556323117704615,"train_rmse":23.1654129238441,"val_mse":584.5548514851484,"_wandb":{"runtime":1},"train_mse":536.6363559322034,"val_rmse":24.177569180650657}