{"val_mse":23.35950954837928,"val_r2":0.7263548167738527,"_timestamp":1.728812061190424e+09,"train_rmse":4.663101527277144,"_wandb":{"runtime":0},"train_mse":21.744515853694434,"_runtime":0.409847,"_step":0,"val_rmse":4.8331676515903395,"train_r2":0.7384176498719195}