{"val_loss":0.43081371626669157,"_timestamp":1.728772580314525e+09,"train_accuracy":0.00625,"val_accuracy":0.0043859649122807015,"_wandb":{"runtime":0},"_runtime":0.458966,"_step":1,"train_loss":0.4319786104930742}