{"train_mse":539.1913898653978,"_timestamp":1.72881011781099e+09,"_wandb":{"runtime":0},"val_r2":-5.87916005360248,"_runtime":0.402996,"_step":0,"val_mse":587.2341806365911,"train_rmse":23.220495039197544,"train_r2":-5.486368879344507,"val_rmse":24.23291523190289}