{"_step":0,"val_rmse":3.418496650519635,"_runtime":0.591061,"val_r2":0.8631028505112767,"_timestamp":1.728812152966989e+09,"train_mse":6.297350429894055,"train_r2":0.924244083606401,"_wandb":{"runtime":0},"train_rmse":2.5094522170972007,"val_mse":11.686119349613962}