{"val_accuracy":0.2850877192982456,"_wandb":{"runtime":0},"train_loss":0.2972769130155328,"val_loss":0.2824305060260897,"_timestamp":1.728783933110646e+09,"_runtime":0.40967,"_step":1,"train_accuracy":0.25875}