{"val_mse":16.651028207549995,"train_r2":0.9045535952160355,"_timestamp":1.7288123987114618e+09,"_step":1,"_runtime":2.859822,"train_rmse":2.8167638585597077,"early_stop_epoch":67,"val_r2":0.804941381353835,"val_rmse":4.080567142879773,"_wandb":{"runtime":2},"train_mse":7.934158634888174}