{"_wandb":{"runtime":0},"_step":2,"_runtime":0.425253,"early_stop_epoch":39,"train_accuracy":0.5275,"val_accuracy":0.5307017543859649,"val_loss":0.25553690647698885,"_timestamp":1.728783642122165e+09,"train_loss":0.2667436184227892}