{"_step":1,"train_accuracy":0.00625,"val_accuracy":0.0043859649122807015,"_wandb":{"runtime":0},"train_loss":0.35993778339752114,"val_loss":0.35236237256553277,"_timestamp":1.728777543990552e+09,"_runtime":0.491461}