{"_wandb":{"runtime":0},"_step":0,"val_rmse":16.220834476000345,"_runtime":0.425786,"val_r2":-2.0822685360355706,"_timestamp":1.728809763951044e+09,"train_rmse":15.92345700858498,"val_mse":263.1154710978014,"train_mse":253.55648310425417,"train_r2":-2.050235801380367}