{"_timestamp":1.728812645613206e+09,"train_r2":-5.4556323117704615,"_runtime":0.41498,"_step":1,"train_mse":536.6363559322034,"train_rmse":23.1654129238441,"val_rmse":24.177569180650657,"val_mse":584.5548514851484,"val_r2":-5.84777302832906,"early_stop_epoch":23,"_wandb":{"runtime":0}}