{"_wandb":{"runtime":0},"_step":2,"train_loss":0.31106249802853264,"val_loss":0.31523072566541144,"_timestamp":1.728782688749909e+09,"train_accuracy":0.3625,"val_accuracy":0.40789473684210525,"early_stop_epoch":16,"_runtime":0.831968}