{"_runtime":0.438745,"_step":1,"train_loss":0.3345969026812308,"train_accuracy":0.00625,"val_accuracy":0.0043859649122807015,"_wandb":{"runtime":0},"val_loss":0.3214680389471658,"_timestamp":1.728771338567868e+09}