{"val_loss":0.42693247619503133,"_timestamp":1.728771827284965e+09,"_runtime":0.573269,"_step":1,"train_accuracy":0.00625,"val_accuracy":0.0043859649122807015,"_wandb":{"runtime":0},"train_loss":0.42847791636776755}