{"val_r2":-5.84777302832906,"_runtime":1.073947,"val_rmse":24.177569180650657,"train_mse":536.6363559322034,"_step":1,"_timestamp":1.7288147506804092e+09,"early_stop_epoch":97,"train_rmse":23.1654129238441,"val_mse":584.5548514851484,"train_r2":-5.4556323117704615,"_wandb":{"runtime":1}}