{"val_loss":0.31602312667374227,"_timestamp":1.728773510191472e+09,"_runtime":0.53981,"_step":1,"train_loss":0.3314486830221476,"train_accuracy":0.00625,"val_accuracy":0.0043859649122807015,"_wandb":{"runtime":0}}