{"train_loss":0.3325710434805221,"val_loss":0.3167449003700068,"train_accuracy":0.00625,"val_accuracy":0.0043859649122807015,"_wandb":{"runtime":1},"_timestamp":1.728786788084374e+09,"_runtime":1.512855,"_step":1}