{"_step":1,"train_accuracy":0.5325,"val_accuracy":0.5263157894736842,"_wandb":{"runtime":0},"train_loss":0.2709195165570689,"val_loss":0.257869525185621,"_timestamp":1.728784494211408e+09,"_runtime":0.466923}