{"_wandb":{"runtime":0},"val_accuracy":0.5263157894736842,"_runtime":0.481608,"val_loss":0.2583873826422569,"early_stop_epoch":61,"train_loss":0.2547490274807718,"_timestamp":1.728781928939125e+09,"train_accuracy":0.53875,"_step":2}