{"train_rmse":23.165669180274566,"_timestamp":1.7288128135372832e+09,"train_mse":536.6482285699228,"train_r2":-5.455775137322327,"_wandb":{"runtime":0},"val_mse":584.5674114955187,"_runtime":0.602183,"_step":0,"val_rmse":24.177828924357925,"val_r2":-5.8479201626827155}