{"val_accuracy":0.5921052631578947,"train_accuracy":0.58875,"_wandb":{"runtime":1},"_timestamp":1.728774347830715e+09,"_runtime":1.15902,"_step":1,"train_loss":0.2464344110402444,"val_loss":0.24864138879986114}