{"_step":1,"train_loss":0.41410778846101004,"val_loss":0.4116744574058878,"_timestamp":1.728781727873939e+09,"_runtime":0.688151,"train_accuracy":0.00625,"val_accuracy":0.0043859649122807015,"_wandb":{"runtime":0}}