{"val_rmse":24.177569180653055,"train_mse":536.6363559323629,"_wandb":{"runtime":0},"val_mse":584.5548514852644,"_runtime":0.438149,"val_r2":-5.847773028330418,"_timestamp":1.728816797506272e+09,"_step":0,"train_r2":-5.455632311772381,"train_rmse":23.165412923847544}