{"_timestamp":1.7287845323395462e+09,"_runtime":0.428647,"_step":1,"train_accuracy":0.00625,"val_accuracy":0.0043859649122807015,"_wandb":{"runtime":0},"train_loss":0.4316587207873158,"val_loss":0.4304558718834242}