{"val_mse":38.36956388929813,"_timestamp":1.728811528041131e+09,"_wandb":{"runtime":0},"train_rmse":6.080893372477459,"_step":0,"val_rmse":6.194317063994879,"val_r2":0.5505194011437268,"train_r2":0.5551706123157581,"train_mse":36.97726420744029,"_runtime":0.3931}