{"_timestamp":1.728809973552408e+09,"train_r2":-1.4136842390071909,"train_rmse":14.164814122323346,"_wandb":{"runtime":0},"val_r2":-1.404325687987256,"_step":0,"train_mse":200.64195911997092,"val_rmse":14.326318574539293,"val_mse":205.24340389918956,"_runtime":0.474579}