{"train_rmse":4.296772963870882,"_runtime":0.465288,"train_mse":18.46225790305176,"_wandb":{"runtime":0},"_step":0,"train_r2":0.7779025827272911,"val_mse":20.700202880747906,"val_r2":0.7575072884818468,"val_rmse":4.549747562310233,"_timestamp":1.728812007657697e+09}