{"train_r2":-4.891390892257883,"_runtime":0.400369,"val_rmse":23.136284519146965,"_wandb":{"runtime":0},"_step":0,"_timestamp":1.728811182736879e+09,"val_r2":-5.270632089500834,"train_mse":489.7327460904275,"train_rmse":22.129906147347924,"val_mse":535.2876613509195}