{"train_mse":12.437657483700413,"_step":0,"val_r2":0.8020441453579576,"train_r2":0.8503773688701517,"train_rmse":3.5267063222928576,"_runtime":0.409832,"_wandb":{"runtime":0},"_timestamp":1.7288098393624132e+09,"val_mse":16.898348518880574,"val_rmse":4.110760090163445}