{"_runtime":0.970512,"_step":1,"val_accuracy":0.05263157894736842,"train_accuracy":0.05125,"_wandb":{"runtime":0},"train_loss":0.3173681661211375,"val_loss":0.3018216767024526,"_timestamp":1.728778862788919e+09}