{"_step":0,"val_rmse":24.360652333320246,"_wandb":{"runtime":0},"_runtime":0.436114,"train_rmse":23.374590191793153,"_timestamp":1.728815728841326e+09,"val_r2":-5.951874370638951,"train_mse":546.3714666342727,"val_mse":593.4413821049011,"train_r2":-5.572743824086412}