{"_step":1,"train_accuracy":0.00625,"val_accuracy":0.0043859649122807015,"_wandb":{"runtime":0},"train_loss":0.3688414712189988,"val_loss":0.36110207186072146,"_timestamp":1.728777910066415e+09,"_runtime":0.480374}