{"val_r2":-5.84777302832906,"_timestamp":1.7288165790766358e+09,"train_mse":536.6363559322034,"train_r2":-5.4556323117704615,"val_mse":584.5548514851484,"early_stop_epoch":29,"val_rmse":24.177569180650657,"train_rmse":23.1654129238441,"_runtime":0.448269,"_wandb":{"runtime":0},"_step":1}