{"_runtime":0.512127,"_step":1,"val_accuracy":0.0043859649122807015,"train_accuracy":0.00625,"_wandb":{"runtime":0},"train_loss":0.3334342969603542,"val_loss":0.31801912583123665,"_timestamp":1.72878165884959e+09}