{"_runtime":0.491875,"_step":1,"train_loss":0.28729735543046997,"train_accuracy":0.45,"val_accuracy":0.4517543859649123,"_wandb":{"runtime":0},"val_loss":0.2738381347670119,"_timestamp":1.728771741949425e+09}