{"_step":0,"_wandb":{"runtime":2},"train_r2":-5.456497906844381,"_timestamp":1.7288132060097358e+09,"train_mse":536.7083101210028,"val_mse":584.6303425036652,"train_rmse":23.166965923940122,"val_rmse":24.179130309084016,"val_r2":-5.848657368539679,"_runtime":2.438747}