{"_wandb":{"runtime":0},"_timestamp":1.7288155778140569e+09,"val_r2":-5.9199804081011145,"_runtime":0.387084,"train_r2":-5.530131753497371,"train_mse":542.8292595854085,"train_rmse":23.29869652116634,"val_rmse":24.304706923674797,"val_mse":590.7187786457256,"_step":0}