{"_runtime":1.385465,"_step":1,"train_r2":-5.4556323117704615,"val_rmse":24.177569180650657,"early_stop_epoch":31,"train_mse":536.6363559322034,"val_r2":-5.84777302832906,"_wandb":{"runtime":1},"val_mse":584.5548514851484,"_timestamp":1.728815351058632e+09,"train_rmse":23.1654129238441}