{"_step":1,"train_accuracy":0.40375,"val_accuracy":0.3684210526315789,"_wandb":{"runtime":0},"train_loss":0.2965687506646678,"val_loss":0.28267013207254194,"_timestamp":1.7287809307818382e+09,"_runtime":0.521086}