{"train_loss":0.3396561621213527,"train_accuracy":0.32875,"val_accuracy":0.35526315789473684,"early_stop_epoch":16,"_runtime":1.144767,"val_loss":0.3172834296196661,"_step":2,"_wandb":{"runtime":1},"_timestamp":1.72877546679551e+09}