{"_step":1,"train_loss":0.3350787944786634,"val_loss":0.3217411976101054,"_timestamp":1.728782213444078e+09,"_runtime":0.513084,"train_accuracy":0.00625,"val_accuracy":0.0043859649122807015,"_wandb":{"runtime":0}}