{"_step":1,"train_loss":0.30845469630974276,"val_loss":0.2955242044094749,"train_accuracy":0.235,"val_accuracy":0.25877192982456143,"_wandb":{"runtime":0},"_timestamp":1.728779857608938e+09,"_runtime":0.416157}