{"_runtime":0.527904,"train_accuracy":0.00625,"val_accuracy":0.0043859649122807015,"_wandb":{"runtime":0},"_step":1,"train_loss":0.364939610011723,"val_loss":0.3570407021520686,"_timestamp":1.728778324481712e+09}