{"_runtime":0.421169,"_step":1,"val_accuracy":0.0043859649122807015,"train_accuracy":0.00625,"_wandb":{"runtime":0},"train_loss":0.33438035351755585,"val_loss":0.3194512694706601,"_timestamp":1.728777002648106e+09}