{"train_accuracy":0.56875,"val_accuracy":0.5614035087719298,"_wandb":{"runtime":0},"train_loss":0.2632052455444376,"val_loss":0.2570323597690567,"_timestamp":1.728772187902772e+09,"_runtime":0.473027,"_step":1}