{"_runtime":1.196497,"val_accuracy":0.35964912280701755,"_wandb":{"runtime":1},"train_loss":0.30226479895786434,"_timestamp":1.728782192772182e+09,"early_stop_epoch":20,"train_accuracy":0.335,"_step":2,"val_loss":0.2811558090197793}