{"_step":1,"train_loss":0.35154647334619477,"train_accuracy":0.00625,"val_accuracy":0.0043859649122807015,"_wandb":{"runtime":0},"val_loss":0.3415813488913649,"_timestamp":1.728772124314486e+09,"_runtime":0.416978}