{"_timestamp":1.728786393977917e+09,"train_loss":0.31132587186628674,"val_loss":0.29576496482119624,"val_accuracy":0.42543859649122806,"early_stop_epoch":25,"train_accuracy":0.39875,"_runtime":2.613824,"_wandb":{"runtime":2},"_step":2}