{"train_r2":0.8427828039369949,"_wandb":{"runtime":1},"train_mse":13.068969716769955,"train_rmse":3.6151030022351995,"_step":0,"val_mse":16.082677961503357,"val_rmse":4.010321428701614,"val_r2":0.8115993253870327,"_timestamp":1.728812246258662e+09,"_runtime":1.4611290000000001}