{"train_r2":-5.4612076566762875,"_wandb":{"runtime":0},"val_rmse":24.182674895757348,"val_mse":584.8017651138927,"_step":0,"val_r2":-5.850665500238148,"train_mse":537.0998167721078,"_timestamp":1.7288164021778638e+09,"train_rmse":23.175414058266743,"_runtime":0.666814}