{"_runtime":0.571115,"val_mse":583.4945069221485,"train_rmse":23.14308953581546,"train_mse":535.6025932627709,"val_r2":-5.835351612475956,"_wandb":{"runtime":0},"val_rmse":24.155630956821405,"train_r2":-5.443196345370277,"_timestamp":1.7288096299956e+09,"_step":0}