{"train_accuracy":0.00625,"val_accuracy":0.0043859649122807015,"_wandb":{"runtime":0},"train_loss":0.33327579161140286,"val_loss":0.31780007898230134,"_timestamp":1.728779572387646e+09,"_runtime":0.659714,"_step":1}