{"_runtime":0.932448,"_step":1,"train_accuracy":0.55,"val_accuracy":0.543859649122807,"_wandb":{"runtime":0},"train_loss":0.26982472139744856,"val_loss":0.2616556764820165,"_timestamp":1.7287834631741078e+09}