{"_runtime":2.285744,"_step":1,"train_accuracy":0.57875,"val_accuracy":0.5789473684210527,"_wandb":{"runtime":2},"train_loss":0.2588328214525001,"val_loss":0.26025022796613867,"_timestamp":1.728780631441211e+09}