{"_wandb":{"runtime":1},"_timestamp":1.728811162155066e+09,"val_r2":0.8806768604778664,"train_r2":0.9187251501578494,"train_rmse":2.5992541167133956,"val_rmse":3.191540000201022,"train_mse":6.756121963251535,"early_stop_epoch":52,"val_mse":10.18592757288314,"_runtime":1.385025,"_step":1}