{"_runtime":0.525341,"_step":1,"train_loss":0.2759229897066073,"train_accuracy":0.53125,"val_accuracy":0.5350877192982456,"_wandb":{"runtime":0},"val_loss":0.2627277553393904,"_timestamp":1.72877304144497e+09}