{"_runtime":0.393995,"_timestamp":1.728812786548335e+09,"_wandb":{"runtime":0},"val_mse":584.6019012226633,"val_rmse":24.178542164958234,"train_mse":536.681431825705,"_step":0,"val_r2":-5.8483241928993746,"train_rmse":23.166385817077835,"train_r2":-5.456174566113378}