{"_runtime":0.441336,"train_r2":-5.204394960014495,"_wandb":{"runtime":0},"_step":0,"val_mse":562.6339348565738,"val_rmse":23.719905877902924,"_timestamp":1.7288101446289659e+09,"train_rmse":22.710169245730768,"train_mse":515.7517871697356,"val_r2":-5.590980254709907}