{"train_mse":7.642803559529851,"train_rmse":2.764562091820303,"val_mse":13.209665111854832,"_wandb":{"runtime":0},"val_r2":0.8452552600728571,"train_r2":0.9080585408237818,"val_rmse":3.6345102987685745,"_step":0,"_timestamp":1.7288110911046221e+09,"_runtime":0.486579}