{"train_accuracy":0.5575,"val_accuracy":0.5570175438596491,"early_stop_epoch":49,"_runtime":2.080828,"train_loss":0.2820509675047979,"_step":2,"_wandb":{"runtime":2},"val_loss":0.27209171760611306,"_timestamp":1.7287768847806442e+09}