{"train_rmse":23.166908188237667,"_step":0,"train_mse":536.7056350022334,"val_rmse":24.179072265480645,"train_r2":-5.456465725679286,"_wandb":{"runtime":0},"_timestamp":1.728813133460922e+09,"val_r2":-5.848624487268127,"_runtime":0.449699,"val_mse":584.6275356193353}