{"_step":0,"_wandb":{"runtime":0},"train_rmse":2.9285031501516663,"train_r2":0.8968307945450219,"val_r2":0.8565179841214207,"_runtime":0.522378,"_timestamp":1.728809048612231e+09,"val_rmse":3.4997473307544755,"train_mse":8.576130700448234,"val_mse":12.248231379123075}