{"_timestamp":1.728815048211605e+09,"early_stop_epoch":156,"_wandb":{"runtime":0},"train_mse":536.6363559322034,"train_rmse":23.1654129238441,"val_r2":-5.84777302832906,"val_mse":584.5548514851484,"train_r2":-5.4556323117704615,"_runtime":0.480555,"val_rmse":24.177569180650657,"_step":1}