{"val_rmse":24.099810389373147,"_runtime":0.426305,"_timestamp":1.728810355948791e+09,"_step":0,"_wandb":{"runtime":0},"train_rmse":23.08806217002829,"train_mse":533.0586147670914,"train_r2":-5.412592772586564,"val_mse":580.8008608037378,"val_r2":-5.803796870965126}