{"_step":0,"train_r2":0.8644542790401447,"val_rmse":3.9515186921551155,"val_r2":0.8170838005976093,"train_rmse":3.3567079607076966,"val_mse":15.614499974451276,"_runtime":0.444376,"train_mse":11.267488333478422,"_wandb":{"runtime":0},"_timestamp":1.728810209319895e+09}