{"val_loss":0.25657196440737795,"_timestamp":1.72878433996401e+09,"early_stop_epoch":48,"val_accuracy":0.4824561403508772,"_runtime":1.821552,"_step":2,"train_accuracy":0.475,"_wandb":{"runtime":1},"train_loss":0.2704726130756083}