{"_wandb":{"runtime":0},"train_loss":0.28129580035701596,"val_loss":0.2698531106329862,"_timestamp":1.7287820256571321e+09,"_runtime":0.602924,"_step":1,"train_accuracy":0.54375,"val_accuracy":0.543859649122807}