{"val_accuracy":0.0043859649122807015,"_wandb":{"runtime":0},"train_loss":0.4165621530071258,"val_loss":0.41406239053746774,"_timestamp":1.728781976915921e+09,"_runtime":0.453813,"_step":1,"train_accuracy":0.00625}