{"val_accuracy":0.0043859649122807015,"_wandb":{"runtime":0},"val_loss":0.34321588313510193,"_timestamp":1.7287809090238452e+09,"_runtime":0.52817,"_step":1,"train_loss":0.35248111867978504,"train_accuracy":0.00625}