{"_step":1,"train_loss":0.413866420004169,"train_accuracy":0.00625,"val_accuracy":0.0043859649122807015,"_wandb":{"runtime":0},"val_loss":0.4113407259770489,"_timestamp":1.728785316724589e+09,"_runtime":0.464969}