{"_wandb":{"runtime":0},"_timestamp":1.728775180599235e+09,"_runtime":0.834298,"_step":1,"train_loss":0.25320816454437567,"val_loss":0.25264179578506396,"train_accuracy":0.60125,"val_accuracy":0.5964912280701754}