{"_timestamp":1.728772049478466e+09,"_runtime":0.50163,"_step":1,"train_accuracy":0.00625,"val_accuracy":0.0043859649122807015,"_wandb":{"runtime":0},"train_loss":0.35886606275549704,"val_loss":0.350695613889494}