{"train_loss":0.4181354671620828,"train_accuracy":0.006564551422319475,"val_accuracy":0,"_wandb":{"runtime":0},"val_loss":0.41722187715947257,"_timestamp":1.728767891885639e+09,"_runtime":0.721634,"_step":1}