{"val_rmse":3.2346939387453695,"val_r2":0.877428224437923,"train_mse":6.472789001831458,"_step":0,"_wandb":{"runtime":1},"train_rmse":2.5441676442073264,"train_r2":0.9221335912754023,"val_mse":10.463244877356031,"_runtime":1.023813,"_timestamp":1.7288096998125298e+09}