{"_wandb":{"runtime":1},"val_loss":0.40349852743967063,"_timestamp":1.72878146586559e+09,"_runtime":1.781012,"_step":1,"train_loss":0.4065987083573514,"val_accuracy":0.0043859649122807015,"train_accuracy":0.00625}