{"val_accuracy":0.3157894736842105,"_wandb":{"runtime":0},"val_loss":0.29186207645875933,"_timestamp":1.7287728700809999e+09,"_runtime":0.459074,"_step":1,"train_loss":0.30615685790796626,"train_accuracy":0.32375}