{"_step":0,"val_mse":10.69206508167188,"val_rmse":3.2698723341549405,"train_rmse":2.0557086285984925,"train_r2":0.9491627777781045,"_wandb":{"runtime":0},"_runtime":0.77446,"val_r2":0.8747477081108926,"train_mse":4.225937965694295,"_timestamp":1.7288124663677928e+09}