{"_timestamp":1.728782225186348e+09,"train_accuracy":0.48,"_runtime":1.6122999999999998,"val_accuracy":0.5219298245614035,"early_stop_epoch":29,"_wandb":{"runtime":1},"val_loss":0.2611600775923874,"_step":2,"train_loss":0.2607000590519621}