{"val_loss":0.2657784731767321,"_timestamp":1.728780257715838e+09,"_runtime":0.481624,"_step":1,"train_accuracy":0.50625,"val_accuracy":0.5,"_wandb":{"runtime":0},"train_loss":0.2792159139091494}