{"train_r2":-5.45563231180381,"val_mse":584.5548514856838,"val_rmse":24.177569180661727,"_step":0,"train_mse":536.6363559349755,"val_r2":-5.847773028335331,"train_rmse":23.165412923903936,"_wandb":{"runtime":0},"_runtime":0.423947,"_timestamp":1.7288172970541718e+09}