{"_timestamp":1.728810492722187e+09,"_step":0,"_wandb":{"runtime":2},"val_rmse":3.5758665499188647,"train_mse":10.484185287724504,"train_rmse":3.2379291665699705,"val_mse":12.786821582828644,"train_r2":0.8738772642631513,"_runtime":2.191803,"val_r2":0.8502086643700116}