{"train_accuracy":0.5295404814004376,"val_accuracy":0.49122807017543857,"_wandb":{"runtime":0},"train_loss":0.2686750045508253,"val_loss":0.2707197456033158,"_timestamp":1.72876784367977e+09,"_runtime":0.575042,"_step":1}