{"_step":1,"train_loss":0.2576035394671911,"train_accuracy":0.5325,"val_accuracy":0.5657894736842105,"_wandb":{"runtime":0},"val_loss":0.2527208866810776,"_timestamp":1.728779916199618e+09,"_runtime":0.502102}