{"train_loss":0.3334116692099233,"val_loss":0.317811821118694,"_timestamp":1.728776271489771e+09,"_runtime":0.552337,"_step":1,"train_accuracy":0.00625,"val_accuracy":0.0043859649122807015,"_wandb":{"runtime":0}}