{"train_r2":0.9165217253263476,"train_mse":6.939285720888688,"_step":0,"val_rmse":3.4267319390632176,"_timestamp":1.7288117270889301e+09,"_runtime":0.538711,"val_r2":0.8624424751463378,"_wandb":{"runtime":0},"train_rmse":2.63425240265406,"val_mse":11.742491782195959}