{"train_mse":134.91632071774956,"val_r2":-0.6628690147752736,"val_mse":141.9495281093457,"_wandb":{"runtime":0},"_step":0,"_runtime":0.3873,"train_rmse":11.615348497473056,"_timestamp":1.7288093283108401e+09,"val_rmse":11.914257346110402,"train_r2":-0.6230174303000926}