{"val_accuracy":0.0043859649122807015,"_wandb":{"runtime":0},"val_loss":0.34401240341766665,"_timestamp":1.728777403401226e+09,"_runtime":0.504896,"_step":1,"train_loss":0.3525937518698878,"train_accuracy":0.00625}