{"_timestamp":1.7287769591580958e+09,"_runtime":0.5722,"_step":1,"train_accuracy":0.00625,"val_accuracy":0.0043859649122807015,"_wandb":{"runtime":0},"train_loss":0.3332810823652513,"val_loss":0.3176957351706282}