{"val_accuracy":0.0043859649122807015,"_wandb":{"runtime":1},"train_loss":0.3336067445438671,"val_loss":0.31804050123190003,"_timestamp":1.728785544252416e+09,"_runtime":1.023403,"_step":1,"train_accuracy":0.00625}