{"val_accuracy":0.0043859649122807015,"_wandb":{"runtime":0},"val_loss":0.3813370625754373,"_timestamp":1.728783478434035e+09,"_runtime":0.738375,"_step":1,"train_loss":0.386172969398108,"train_accuracy":0.00625}