{"val_loss":0.39191010828637396,"val_accuracy":0.0043859649122807015,"train_accuracy":0.00625,"_wandb":{"runtime":0},"_timestamp":1.728777979984305e+09,"_runtime":0.442503,"_step":1,"train_loss":0.3959962222726256}