{"val_loss":0.25411964651668195,"_timestamp":1.7287862468896909e+09,"_runtime":1.40031,"_step":1,"train_accuracy":0.54125,"val_accuracy":0.5394736842105263,"_wandb":{"runtime":1},"train_loss":0.26656487083027103}