{"train_rmse":23.360463859656832,"_wandb":{"runtime":0},"val_rmse":24.372656493654194,"_step":0,"val_r2":-5.958727387096444,"val_mse":594.026384557664,"train_mse":545.7112717383329,"_runtime":0.423083,"train_r2":-5.564801806265255,"_timestamp":1.728815382182535e+09}