{"val_rmse":3.9636524311055044,"_timestamp":1.728811263950295e+09,"_runtime":1.302418,"early_stop_epoch":42,"val_r2":0.8159587318950466,"_wandb":{"runtime":1},"train_mse":11.00909355261108,"val_mse":15.710540594608574,"train_rmse":3.3179954117827046,"train_r2":0.8675627186345184,"_step":1}