{"_step":0,"val_rmse":24.177650195229074,"val_mse":584.5587689628604,"_timestamp":1.728813257899488e+09,"train_mse":536.6400898656153,"train_rmse":23.16549351655637,"train_r2":-5.455677230272381,"_runtime":0.567293,"val_r2":-5.847818919656703,"_wandb":{"runtime":0}}