{"early_stop_epoch":47,"train_accuracy":0.00625,"val_accuracy":0.0043859649122807015,"train_loss":0.33332397492032356,"_runtime":0.510294,"_timestamp":1.728778067995628e+09,"_wandb":{"runtime":0},"_step":2,"val_loss":0.3166320160279594}