{"_timestamp":1.728781749534236e+09,"train_loss":0.2521549412341365,"train_accuracy":0.545,"val_accuracy":0.5482456140350878,"_runtime":0.534873,"_step":2,"early_stop_epoch":72,"val_loss":0.2543874524161035,"_wandb":{"runtime":0}}