{"val_rmse":24.28795503962524,"_timestamp":1.72881578406439e+09,"_step":0,"val_mse":589.904760006857,"val_r2":-5.910444579486161,"_wandb":{"runtime":0},"_runtime":0.40139,"train_mse":542.0830780228034,"train_rmse":23.282677638596542,"train_r2":-5.52115533258822}