{"_step":1,"train_accuracy":0.46875,"val_accuracy":0.5,"_wandb":{"runtime":5},"train_loss":0.2778406098101703,"val_loss":0.27108588963425656,"_timestamp":1.728777673179085e+09,"_runtime":5.107584}