{"_runtime":0.419123,"train_rmse":22.47570099460949,"_step":0,"_wandb":{"runtime":0},"val_r2":-5.46051397191743,"_timestamp":1.72881127974592e+09,"train_mse":505.15713519908996,"train_r2":-5.076943331294984,"val_mse":551.4967814716601,"val_rmse":23.48396860566076}