{"_wandb":{"runtime":0},"val_loss":0.3262456812173881,"_timestamp":1.7287842030079548e+09,"_runtime":0.42378,"_step":1,"train_loss":0.3373789413003643,"train_accuracy":0.00625,"val_accuracy":0.013157894736842105}