{"early_stop_epoch":66,"_step":2,"train_loss":0.33321948429881737,"_runtime":0.525748,"_wandb":{"runtime":0},"val_loss":0.3168438109105453,"_timestamp":1.728779030005613e+09,"train_accuracy":0.00625,"val_accuracy":0.0043859649122807015}