{"_runtime":2.123663,"_step":2,"early_stop_epoch":50,"_wandb":{"runtime":2},"train_loss":0.29752294129128204,"_timestamp":1.72877833214288e+09,"val_accuracy":0.35526315789473684,"train_accuracy":0.32875,"val_loss":0.2748307870534672}