{"val_accuracy":0.0043859649122807015,"_wandb":{"runtime":0},"_runtime":0.566555,"_step":1,"train_loss":0.3430937870933867,"val_loss":0.3312192487768815,"_timestamp":1.7287786792637298e+09,"train_accuracy":0.00625}