{"train_r2":-5.4556323117704615,"val_r2":-5.84777302832906,"val_rmse":24.177569180650657,"train_mse":536.6363559322034,"_timestamp":1.728813668592851e+09,"val_mse":584.5548514851484,"train_rmse":23.1654129238441,"_step":1,"early_stop_epoch":25,"_wandb":{"runtime":0},"_runtime":0.412963}