{"_runtime":0.522482,"_step":1,"val_accuracy":0.0043859649122807015,"train_accuracy":0.00625,"_wandb":{"runtime":0},"train_loss":0.33505323792967123,"val_loss":0.32051114728888497,"_timestamp":1.728772565084939e+09}