{"_runtime":1.2558,"val_rmse":3.747043654860391,"val_r2":0.8355243567611119,"train_r2":0.9066083153824928,"train_mse":7.763356227108908,"val_mse":14.040336151429518,"early_stop_epoch":36,"_wandb":{"runtime":1},"_timestamp":1.7288122350446541e+09,"train_rmse":2.7862799979738053,"_step":1}