{"train_accuracy":0.00625,"val_accuracy":0.0043859649122807015,"_wandb":{"runtime":1},"_timestamp":1.7287870640420742e+09,"_runtime":1.2010939999999999,"_step":1,"train_loss":0.38583715988198475,"val_loss":0.3810807807982997}