{"_wandb":{"runtime":0},"_step":1,"train_loss":0.2696781089213349,"val_loss":0.25511024506640734,"_timestamp":1.728785084821573e+09,"_runtime":0.531327,"train_accuracy":0.53875,"val_accuracy":0.543859649122807}