{"train_loss":0.2819113348125037,"val_loss":0.26856868450805993,"_timestamp":1.7287759815561721e+09,"train_accuracy":0.50125,"val_accuracy":0.4780701754385965,"_wandb":{"runtime":0},"_runtime":0.491763,"_step":1}