{"_runtime":0.908005,"val_r2":-5.847774200060603,"val_mse":584.554951509106,"_step":0,"train_rmse":23.165414981600648,"train_r2":-5.455633458663054,"train_mse":536.6364512697678,"val_rmse":24.177571249178566,"_timestamp":1.7288132411698e+09,"_wandb":{"runtime":0}}