{"_runtime":0.400389,"_timestamp":1.728809656560519e+09,"_wandb":{"runtime":0},"train_r2":-5.310471390958968,"train_mse":524.5695863570509,"val_rmse":23.915026939731213,"val_mse":571.9285135280697,"train_rmse":22.903484153225484,"val_r2":-5.699861679566184,"_step":0}