{"_runtime":0.724957,"_wandb":{"runtime":0},"val_r2":-5.847773028329165,"_timestamp":1.7288142086619039e+09,"train_r2":-5.455632311770563,"train_mse":536.6363559322118,"val_mse":584.5548514851574,"val_rmse":24.177569180650842,"_step":0,"train_rmse":23.165412923844286}