{"_runtime":0.426043,"val_rmse":22.30219994078209,"_wandb":{"runtime":0},"val_mse":497.3881221986205,"train_r2":-4.458521069828773,"val_r2":-4.826657599623886,"_step":0,"train_rmse":21.30140002036451,"_timestamp":1.728811343784669e+09,"train_mse":453.74964282758526}