{"_wandb":{"runtime":1},"_step":2,"_timestamp":1.728775250597059e+09,"_runtime":1.335337,"train_accuracy":0.33875,"val_accuracy":0.36403508771929827,"train_loss":0.3396559536980647,"early_stop_epoch":18,"val_loss":0.3172837176515337}