{"train_accuracy":0.5375,"val_accuracy":0.543859649122807,"_wandb":{"runtime":0},"_runtime":0.530168,"_step":1,"train_loss":0.26883325166805483,"val_loss":0.25854272854475235,"_timestamp":1.728773180340532e+09}