{"train_loss":0.27621128367242875,"val_loss":0.26092502168054205,"_timestamp":1.728780074138088e+09,"train_accuracy":0.5,"val_accuracy":0.4956140350877193,"_wandb":{"runtime":0},"_runtime":0.47118,"_step":1}