{"_runtime":0.454088,"_step":0,"val_rmse":24.17756943163462,"train_mse":536.6364291516788,"train_r2":-5.455633192586691,"val_mse":584.5548636215127,"_timestamp":1.7288165583394089e+09,"train_rmse":23.165414504206023,"_wandb":{"runtime":0},"val_r2":-5.8477731705006075}