{"val_loss":0.3189977883538673,"_timestamp":1.728777947638871e+09,"_runtime":0.492426,"train_accuracy":0.00625,"val_accuracy":0.0043859649122807015,"_wandb":{"runtime":0},"_step":1,"train_loss":0.33408221240653063}