{"early_stop_epoch":41,"train_rmse":2.645847635870669,"_timestamp":1.728810626085411e+09,"_step":1,"train_mse":7.000509712242408,"_wandb":{"runtime":1},"_runtime":1.536159,"train_r2":0.9157852124671841,"val_rmse":3.3924739638868067,"val_mse":11.508879595649862,"val_r2":0.8651791271920013}