{"_step":1,"train_accuracy":0.50875,"val_accuracy":0.4868421052631579,"_wandb":{"runtime":0},"train_loss":0.28098469748541083,"val_loss":0.26580819679937906,"_timestamp":1.72877276754192e+09,"_runtime":0.56979}