{"train_accuracy":0.53375,"val_accuracy":0.5307017543859649,"_wandb":{"runtime":0},"train_loss":0.27456704476663524,"val_loss":0.2650496060212922,"_timestamp":1.7287742397667131e+09,"_runtime":0.547638,"_step":1}