{"_timestamp":1.728811667159992e+09,"_step":0,"_runtime":0.415508,"val_r2":0.731046554113716,"train_r2":0.7606015390173639,"val_mse":22.959003016903257,"train_mse":19.900439106989133,"train_rmse":4.460990821217763,"_wandb":{"runtime":0},"val_rmse":4.791555385978884}