{"val_rmse":24.177569244722577,"_step":0,"_runtime":0.569714,"train_mse":536.6363588787285,"train_r2":-5.455632347216593,"_timestamp":1.728817118953792e+09,"_wandb":{"runtime":0},"train_rmse":23.165412987441613,"val_mse":584.554854583355,"val_r2":-5.847773064623028}