{"train_r2":-5.4556323117704615,"_timestamp":1.7288140293165262e+09,"_runtime":0.433524,"train_rmse":23.1654129238441,"train_mse":536.6363559322034,"_step":1,"early_stop_epoch":28,"val_rmse":24.177569180650657,"_wandb":{"runtime":0},"val_mse":584.5548514851484,"val_r2":-5.84777302832906}