{"train_r2":0.9338027406843081,"_runtime":0.716468,"_wandb":{"runtime":0},"train_rmse":2.3457982459474063,"val_rmse":3.2484071502531546,"_timestamp":1.72881224009277e+09,"_step":0,"val_r2":0.87638675613737,"train_mse":5.502769410689927,"val_mse":10.552149013815821}