{"_step":1,"train_r2":0.9363595364395838,"_runtime":1.618118,"early_stop_epoch":95,"train_mse":5.290231042531565,"train_rmse":2.3000502260888926,"_wandb":{"runtime":1},"val_rmse":3.340452018198345,"val_r2":0.8692822500330766,"_timestamp":1.7288107632603421e+09,"val_mse":11.158619685885396}