{"early_stop_epoch":97,"train_rmse":23.1654129238441,"_step":1,"_wandb":{"runtime":0},"val_mse":584.5548514851484,"_runtime":0.479405,"train_mse":536.6363559322034,"_timestamp":1.7288137970969028e+09,"val_r2":-5.84777302832906,"train_r2":-5.4556323117704615,"val_rmse":24.177569180650657}