{"val_mse":86.67435227355628,"_timestamp":1.7288103506112761e+09,"train_mse":82.2404518673555,"_runtime":0.491446,"val_r2":-0.015347473789343313,"_wandb":{"runtime":0},"val_rmse":9.309906136667344,"train_rmse":9.068652152737776,"train_r2":0.010663156641259608,"_step":0}