{"_runtime":0.615105,"val_accuracy":0.0043859649122807015,"train_accuracy":0.00625,"_wandb":{"runtime":0},"_step":1,"train_loss":0.3428443928784036,"val_loss":0.33117914738690907,"_timestamp":1.728778943376439e+09}