{"train_accuracy":0.00625,"val_accuracy":0.0043859649122807015,"_wandb":{"runtime":0},"_runtime":0.679716,"_step":1,"train_loss":0.3327056139305313,"val_loss":0.31718526936031605,"_timestamp":1.728778572138724e+09}