{"_wandb":{"runtime":0},"val_r2":-5.84777302832906,"val_mse":584.5548514851484,"_step":1,"train_rmse":23.1654129238441,"train_mse":536.6363559322034,"train_r2":-5.4556323117704615,"_timestamp":1.728813105448454e+09,"val_rmse":24.177569180650657,"early_stop_epoch":16,"_runtime":0.95365}