{"train_rmse":21.59088868461516,"train_mse":466.1664741914429,"train_r2":-4.6078931667361465,"_step":0,"val_rmse":22.59370322452297,"_timestamp":1.728811457756425e+09,"_wandb":{"runtime":0},"val_mse":510.4754253978196,"val_r2":-4.97996892983242,"_runtime":0.511959}