{"train_rmse":23.1654129238441,"train_r2":-5.4556323117704615,"train_mse":536.6363559322034,"val_r2":-5.84777302832906,"early_stop_epoch":16,"_runtime":0.5751,"_step":1,"val_mse":584.5548514851484,"_timestamp":1.728815610615125e+09,"_wandb":{"runtime":0},"val_rmse":24.177569180650657}