{"val_accuracy":0.0043859649122807015,"_wandb":{"runtime":0},"train_loss":0.331758609238921,"val_loss":0.31620947356601975,"_timestamp":1.728775125218254e+09,"_runtime":0.599447,"_step":1,"train_accuracy":0.00625}