{"early_stop_epoch":16,"_wandb":{"runtime":0},"val_rmse":24.177569180650657,"_step":1,"train_mse":536.6363559322034,"_runtime":0.62133,"_timestamp":1.728816661248024e+09,"train_rmse":23.1654129238441,"val_mse":584.5548514851484,"train_r2":-5.4556323117704615,"val_r2":-5.84777302832906}