{"_runtime":0.489178,"train_accuracy":0.00625,"val_accuracy":0.0043859649122807015,"_wandb":{"runtime":0},"_step":1,"train_loss":0.3335900219089685,"val_loss":0.3182449402522782,"_timestamp":1.728777733288217e+09}