{"val_accuracy":0.5263157894736842,"train_loss":0.2531376789340439,"val_loss":0.2583749060477673,"_wandb":{"runtime":2},"_timestamp":1.7287821611001961e+09,"train_accuracy":0.52375,"early_stop_epoch":41,"_runtime":2.052033,"_step":2}