{"_step":1,"val_accuracy":0.0043859649122807015,"train_accuracy":0.00625,"_wandb":{"runtime":1},"train_loss":0.432111792913122,"val_loss":0.4308641703533056,"_timestamp":1.728779695756185e+09,"_runtime":1.032808}