{"_timestamp":1.728815696147286e+09,"train_r2":-5.546140983942196,"train_mse":544.1600564264128,"_runtime":0.40033,"val_r2":-5.9362937197065335,"_wandb":{"runtime":0},"val_rmse":24.33333828066607,"val_mse":592.1113518813288,"_step":0,"train_rmse":23.327238508370698}