{"val_mse":12.908190565532953,"_step":1,"val_rmse":3.5927970392902733,"train_rmse":3.5375991206967448,"val_r2":0.8487868863381867,"train_r2":0.8494516744845448,"early_stop_epoch":30,"_runtime":1.6189909999999998,"train_mse":12.514607538754383,"_timestamp":1.7288102214878862e+09,"_wandb":{"runtime":1}}