{"_step":1,"train_loss":0.4074312075756268,"val_loss":0.40467532020615166,"_timestamp":1.728781400114078e+09,"train_accuracy":0.00625,"val_accuracy":0.0043859649122807015,"_wandb":{"runtime":0},"_runtime":0.502051}