{"_wandb":{"runtime":0},"train_loss":0.27432653030391807,"val_loss":0.260943256152156,"_timestamp":1.728777424828507e+09,"_runtime":0.591605,"_step":1,"train_accuracy":0.5225,"val_accuracy":0.5482456140350878}