{"val_accuracy":0.0043859649122807015,"_wandb":{"runtime":0},"train_loss":0.43173287461170107,"val_loss":0.4305607815762951,"_timestamp":1.728784587194877e+09,"_runtime":0.415601,"_step":1,"train_accuracy":0.00625}