{"val_r2":-5.893041725820978,"_runtime":0.407405,"train_mse":540.4164237153557,"val_mse":588.4191788554981,"train_rmse":23.24685836226813,"_step":0,"_timestamp":1.7288098546900601e+09,"_wandb":{"runtime":0},"train_r2":-5.501105801316674,"val_rmse":24.257353088403896}