{"_step":1,"train_loss":0.33433543540468197,"val_loss":0.3194943191253572,"train_accuracy":0.00625,"val_accuracy":0.0043859649122807015,"_wandb":{"runtime":0},"_timestamp":1.728776052041271e+09,"_runtime":0.489532}