{"val_rmse":3.1982587290783187,"train_mse":6.5800363505630255,"_wandb":{"runtime":1},"val_r2":0.8801739410848971,"train_rmse":2.5651581531287744,"_timestamp":1.7288118935838091e+09,"_runtime":1.05385,"early_stop_epoch":58,"train_r2":0.9208434262648328,"_step":1,"val_mse":10.228858898125662}