{"train_mse":537.0101618971446,"_wandb":{"runtime":0},"train_rmse":23.173479710590392,"val_r2":-5.852367146483769,"_step":0,"train_r2":-5.460129125746874,"_timestamp":1.728813150587599e+09,"_runtime":0.450382,"val_mse":584.9470248303398,"val_rmse":24.185678093250555}