{"_step":1,"train_accuracy":0.00875,"val_accuracy":0.013157894736842105,"_wandb":{"runtime":0},"train_loss":0.32918627935626954,"val_loss":0.31316400822331697,"_timestamp":1.7287722152117271e+09,"_runtime":0.530322}