{"_step":1,"train_accuracy":0.00625,"val_accuracy":0.0043859649122807015,"_wandb":{"runtime":0},"train_loss":0.4164357500167688,"val_loss":0.4143972221376632,"_timestamp":1.728785365912653e+09,"_runtime":0.890048}