{"val_loss":0.38146447472090983,"_timestamp":1.728783160939112e+09,"_runtime":1.110419,"_step":1,"train_accuracy":0.00625,"val_accuracy":0.0043859649122807015,"_wandb":{"runtime":1},"train_loss":0.38633688791699483}