{"_runtime":0.42035,"val_r2":-5.84777302832906,"val_mse":584.5548514851484,"_wandb":{"runtime":0},"early_stop_epoch":27,"train_rmse":23.1654129238441,"train_mse":536.6363559322034,"train_r2":-5.4556323117704615,"_timestamp":1.728817790262815e+09,"val_rmse":24.177569180650657,"_step":1}