{"val_accuracy":0.5394736842105263,"_wandb":{"runtime":0},"train_loss":0.27022521665280835,"val_loss":0.25866135397571616,"_timestamp":1.728773120904963e+09,"_runtime":0.566896,"_step":1,"train_accuracy":0.54125}