{"_wandb":{"runtime":0},"_step":1,"train_loss":0.31078894593600925,"val_loss":0.2956168457613009,"_timestamp":1.728773351878217e+09,"_runtime":0.441226,"train_accuracy":0.24125,"val_accuracy":0.2543859649122807}