{"val_loss":0.314013799825759,"_timestamp":1.728777179009745e+09,"_runtime":0.706611,"_step":1,"train_accuracy":0.00625,"val_accuracy":0.0043859649122807015,"_wandb":{"runtime":0},"train_loss":0.3297994755533881}