{"_wandb":{"runtime":1},"train_mse":8.593211587777134,"train_rmse":2.9314180165539567,"val_r2":0.8595287071243384,"_step":1,"train_r2":0.8966253147504921,"val_rmse":3.4628345812582215,"_timestamp":1.728810545535956e+09,"early_stop_epoch":97,"_runtime":1.423205,"val_mse":11.991223337157804}