{"_wandb":{"runtime":0},"val_mse":584.5742088675419,"train_mse":536.6546284022546,"val_r2":-5.847999790557987,"_runtime":0.390621,"_timestamp":1.728812901101834e+09,"val_rmse":24.17796949430497,"_step":0,"train_rmse":23.165807311687946,"train_r2":-5.455852126076322}