{"_timestamp":1.728810940536395e+09,"_wandb":{"runtime":0},"val_rmse":20.982527246002554,"train_mse":400.9111604638356,"val_r2":-4.157505256161404,"_runtime":0.757398,"train_rmse":20.02276605426522,"train_r2":-3.82288427354837,"_step":0,"val_mse":440.2664496292396}