{"_runtime":0.399863,"val_rmse":6.5060091106778355,"train_r2":0.529646227802119,"_timestamp":1.7288107226421602e+09,"val_mse":42.328154548223,"val_r2":0.5041464555159378,"train_mse":39.099025799691695,"_wandb":{"runtime":0},"_step":0,"train_rmse":6.252921381217878}