{"_runtime":0.858332,"early_stop_epoch":19,"_wandb":{"runtime":0},"train_loss":0.3102522005123629,"_timestamp":1.7287847440251951e+09,"_step":2,"val_loss":0.2954042911144769,"train_accuracy":0.37375,"val_accuracy":0.40789473684210525}