{"_wandb":{"runtime":0},"val_loss":0.2551278111132231,"_runtime":0.417738,"_timestamp":1.7287849930823412e+09,"train_loss":0.2667109037596313,"_step":2,"train_accuracy":0.52875,"val_accuracy":0.5219298245614035,"early_stop_epoch":43}