{"_step":1,"train_r2":0.9253605737820454,"val_mse":10.674237858198786,"val_rmse":3.267145215352202,"_runtime":1.286567,"val_r2":0.8749565452794814,"train_rmse":2.4908914312948083,"_timestamp":1.7288119592189598e+09,"train_mse":6.2045401224978995,"_wandb":{"runtime":1},"early_stop_epoch":70}