{"_runtime":0.566669,"_step":1,"train_accuracy":0.00625,"val_accuracy":0.0043859649122807015,"_wandb":{"runtime":0},"train_loss":0.333846605132434,"val_loss":0.31864221627025086,"_timestamp":1.728779373135835e+09}