{"_wandb":{"runtime":2},"_runtime":2.577268,"_timestamp":1.7287770201166751e+09,"early_stop_epoch":61,"train_loss":0.2735453231628897,"_step":2,"val_loss":0.2623825235865955,"train_accuracy":0.46375,"val_accuracy":0.5043859649122807}