{"_runtime":0.950365,"_step":1,"train_accuracy":0.00625,"val_accuracy":0.0043859649122807015,"_wandb":{"runtime":0},"train_loss":0.39423020487125776,"val_loss":0.39011147387937056,"_timestamp":1.7287865212297332e+09}