{"_wandb":{"runtime":2},"train_loss":0.27319515953188545,"val_loss":0.25925407260118727,"_timestamp":1.728775714158371e+09,"_runtime":2.261934,"_step":1,"train_accuracy":0.47875,"val_accuracy":0.5131578947368421}