{"train_mse":536.6363559322034,"_runtime":0.401458,"val_mse":584.5548514851484,"val_rmse":24.177569180650657,"val_r2":-5.84777302832906,"_step":1,"early_stop_epoch":22,"_timestamp":1.728813597305158e+09,"train_r2":-5.4556323117704615,"train_rmse":23.1654129238441,"_wandb":{"runtime":0}}