{"_step":1,"train_accuracy":0.00625,"val_accuracy":0.0043859649122807015,"_wandb":{"runtime":0},"train_loss":0.3309173255589517,"val_loss":0.31516442547405804,"_timestamp":1.728778524110163e+09,"_runtime":0.829773}