{"_step":1,"val_mse":584.5548514851484,"val_rmse":24.177569180650657,"_timestamp":1.7288151563926451e+09,"train_mse":536.6363559322034,"_runtime":1.7180879999999998,"early_stop_epoch":16,"train_rmse":23.1654129238441,"val_r2":-5.84777302832906,"train_r2":-5.4556323117704615,"_wandb":{"runtime":1}}