{"train_accuracy":0.00625,"val_accuracy":0.0043859649122807015,"_wandb":{"runtime":0},"train_loss":0.34539201539608616,"val_loss":0.33362873915459673,"_timestamp":1.728777113921951e+09,"_runtime":0.514112,"_step":1}