{"train_loss":0.2672230789525838,"_timestamp":1.728795146584097e+09,"train_accuracy":0.52,"early_stop_epoch":58,"val_accuracy":0.5087719298245614,"_wandb":{"runtime":1},"_step":2,"_runtime":1.054953,"val_loss":0.2553926740160049}