{"_runtime":1.572492,"train_mse":6.206880609542766,"val_rmse":3.2447149621542555,"_timestamp":1.728810680804489e+09,"_wandb":{"runtime":1},"train_r2":0.9253324181723386,"_step":0,"val_mse":10.528175185627692,"train_rmse":2.491361196122065,"val_r2":0.876667597761788}