{"val_loss":0.2585440269113996,"_timestamp":1.72877994344785e+09,"train_accuracy":0.53,"val_accuracy":0.543859649122807,"_wandb":{"runtime":0},"_runtime":0.527535,"_step":1,"train_loss":0.2705217121060468}