{"_step":1,"val_rmse":3.4662450631640325,"early_stop_epoch":173,"_wandb":{"runtime":0},"_runtime":0.54152,"val_r2":0.8592518756977373,"val_mse":12.014854837909029,"_timestamp":1.7288120287628748e+09,"train_mse":7.163952115887788,"train_r2":0.9138190317371185,"train_rmse":2.6765560177003187}