{"val_loss":0.2590246685800061,"_timestamp":1.7287868469912598e+09,"_runtime":1.630187,"_step":1,"train_accuracy":0.54625,"val_accuracy":0.543859649122807,"_wandb":{"runtime":1},"train_loss":0.27377475816266955}