{"val_loss":0.41442625107769065,"_timestamp":1.728781783250178e+09,"_runtime":0.522359,"_step":1,"train_loss":0.4164838318169639,"train_accuracy":0.00625,"val_accuracy":0.0043859649122807015,"_wandb":{"runtime":0}}