{"train_accuracy":0.00625,"val_accuracy":0.0043859649122807015,"_wandb":{"runtime":0},"train_loss":0.3927562246070916,"val_loss":0.39004021274933176,"_timestamp":1.728776840128082e+09,"_runtime":0.481638,"_step":1}