{"_runtime":0.868248,"_step":1,"train_loss":0.28037774931921433,"train_accuracy":0.5475,"val_accuracy":0.5307017543859649,"_wandb":{"runtime":0},"val_loss":0.2740577657929745,"_timestamp":1.7287753794022e+09}