{"train_accuracy":0.53,"val_accuracy":0.5219298245614035,"_wandb":{"runtime":1},"train_loss":0.2757397763904655,"val_loss":0.2609714440365272,"_timestamp":1.728785670962583e+09,"_runtime":1.290673,"_step":1}