{"_runtime":0.594419,"train_r2":0.9280259674874834,"val_r2":0.8668184101979104,"train_rmse":2.4460119274466705,"_timestamp":1.728812283317854e+09,"train_mse":5.982974349211377,"val_rmse":3.371786391359372,"_step":0,"_wandb":{"runtime":0},"val_mse":11.368943468956257}