{"_wandb":{"runtime":0},"val_loss":0.32388028777200395,"_timestamp":1.728775632069746e+09,"_runtime":0.409906,"_step":1,"train_loss":0.3374499999259991,"train_accuracy":0.00625,"val_accuracy":0.0043859649122807015}