{"train_accuracy":0.00625,"val_accuracy":0.0043859649122807015,"_wandb":{"runtime":0},"_step":1,"train_loss":0.3407977515660706,"val_loss":0.32850903820186816,"_timestamp":1.728778744194528e+09,"_runtime":0.633728}