{"_runtime":0.471241,"val_mse":12.55751501314869,"train_rmse":2.7093746558445893,"train_r2":0.9116926559946332,"val_r2":0.8528948782284436,"val_rmse":3.5436584221886696,"_timestamp":1.7288118232835891e+09,"train_mse":7.340711025732985,"_wandb":{"runtime":0},"_step":0}