{"val_loss":0.317100907075743,"_timestamp":1.7287775103025239e+09,"_runtime":0.690606,"_step":1,"train_accuracy":0.00625,"val_accuracy":0.0043859649122807015,"_wandb":{"runtime":0},"train_loss":0.33237622396111843}