{"_runtime":0.708018,"_step":1,"train_loss":0.2957281853063231,"val_loss":0.27970101878303033,"val_accuracy":0.37719298245614036,"train_accuracy":0.40875,"_wandb":{"runtime":0},"_timestamp":1.728782901932586e+09}