{"train_rmse":23.170619942534742,"val_r2":-5.85073291198483,"_step":0,"_wandb":{"runtime":0},"val_rmse":24.182793876339876,"_timestamp":1.728816754368683e+09,"train_mse":536.8776285213887,"val_mse":584.8075196655413,"_runtime":0.507511,"train_r2":-5.4585347746868695}