{"_wandb":{"runtime":0},"_timestamp":1.728771678523415e+09,"_runtime":0.395922,"_step":1,"train_loss":0.4301583884677796,"val_loss":0.42833854166154717,"train_accuracy":0.00625,"val_accuracy":0.0043859649122807015}