{"_wandb":{"runtime":0},"val_loss":0.4310344644700617,"_timestamp":1.728772639791509e+09,"_runtime":0.411772,"_step":1,"train_loss":0.43219367866170944,"train_accuracy":0.00625,"val_accuracy":0.0043859649122807015}