{"val_r2":0.826976135896309,"_step":0,"_runtime":0.484811,"val_rmse":3.8431820693393197,"val_mse":14.770048418091257,"_wandb":{"runtime":0},"_timestamp":1.7288101815007071e+09,"train_r2":0.8798388127831064,"train_mse":9.988620559289036,"train_rmse":3.1604779004588903}