{"_step":1,"_runtime":2.054046,"val_r2":-5.84777302832906,"_wandb":{"runtime":2},"train_r2":-5.4556323117704615,"train_rmse":23.1654129238441,"train_mse":536.6363559322034,"_timestamp":1.7288133408856971e+09,"val_mse":584.5548514851484,"val_rmse":24.177569180650657,"early_stop_epoch":16}