{"_runtime":0.517535,"_step":1,"train_loss":0.332830470955594,"val_loss":0.3175451566650726,"_timestamp":1.728775842363246e+09,"train_accuracy":0.00625,"val_accuracy":0.0043859649122807015,"_wandb":{"runtime":0}}