{"_timestamp":1.7287830038299031e+09,"_runtime":0.599932,"_step":1,"train_accuracy":0.53875,"val_accuracy":0.5307017543859649,"_wandb":{"runtime":0},"train_loss":0.2754119971458284,"val_loss":0.2631960422005186}