{"_timestamp":1.728779099491209e+09,"_runtime":0.606364,"_step":1,"train_accuracy":0.00625,"val_accuracy":0.0043859649122807015,"_wandb":{"runtime":0},"train_loss":0.33319398173505477,"val_loss":0.3177051332442155}