{"val_loss":0.25144141067204223,"train_accuracy":0.53,"val_accuracy":0.5614035087719298,"_wandb":{"runtime":0},"_timestamp":1.728780102008872e+09,"_runtime":0.473314,"_step":1,"train_loss":0.2583568861116828}