{"_step":2,"val_loss":0.25433715967829457,"_timestamp":1.728771658171902e+09,"early_stop_epoch":33,"train_loss":0.2383731608288602,"_runtime":1.416452,"_wandb":{"runtime":1},"train_accuracy":0.5375,"val_accuracy":0.5745614035087719}