{"train_loss":0.26550465937092904,"val_loss":0.2554902963262576,"_timestamp":1.7287851607837398e+09,"train_accuracy":0.5275,"val_accuracy":0.5350877192982456,"_wandb":{"runtime":0},"_runtime":0.553254,"_step":1}