{"_wandb":{"runtime":0},"_timestamp":1.728772667024181e+09,"_runtime":0.661666,"_step":1,"train_loss":0.35362368417038276,"val_loss":0.3446240931585384,"train_accuracy":0.00625,"val_accuracy":0.0043859649122807015}