{"_wandb":{"runtime":0},"_step":1,"train_loss":0.41517061531159716,"val_loss":0.41428403128756686,"_timestamp":1.728767854178446e+09,"_runtime":0.438301,"train_accuracy":0.006564551422319475,"val_accuracy":0}