{"_timestamp":1.7288112108564749e+09,"val_rmse":4.612544541261837,"train_mse":20.69806463223364,"train_rmse":4.549512570840269,"train_r2":0.7510062571164265,"_step":0,"val_mse":21.275567145124366,"_wandb":{"runtime":1},"val_r2":0.7507671786682827,"_runtime":1.8103310000000001}