{"train_accuracy":0.00625,"val_accuracy":0.0043859649122807015,"_wandb":{"runtime":0},"_runtime":0.538307,"_step":1,"train_loss":0.33341425572170375,"val_loss":0.3178262939018102,"_timestamp":1.728776824839267e+09}