{"val_accuracy":0.4692982456140351,"train_loss":0.3408704702505604,"_step":2,"train_accuracy":0.41125,"val_loss":0.31816490752089643,"_timestamp":1.728785689541543e+09,"_runtime":2.452734,"_wandb":{"runtime":2},"early_stop_epoch":16}