{"train_accuracy":0.00625,"val_accuracy":0.0043859649122807015,"_wandb":{"runtime":0},"train_loss":0.3306093192074732,"val_loss":0.31466147244665565,"_timestamp":1.72877879865328e+09,"_runtime":0.788208,"_step":1}