{"train_rmse":4.206742214475896,"_timestamp":1.728812390479717e+09,"_step":0,"_runtime":0.792112,"val_rmse":4.3040594921653845,"train_r2":0.7871123371769406,"train_mse":17.696680059053563,"val_r2":0.7829895641863664,"val_mse":18.524928112098944,"_wandb":{"runtime":0}}