{"_step":1,"train_accuracy":0.00625,"val_accuracy":0.0043859649122807015,"_wandb":{"runtime":0},"train_loss":0.33406801699030086,"val_loss":0.3190747676159951,"_timestamp":1.7287780833936691e+09,"_runtime":0.503864}