{"_step":1,"train_accuracy":0.00625,"val_accuracy":0.0043859649122807015,"_wandb":{"runtime":0},"train_loss":0.336383272132382,"val_loss":0.3226011464378074,"_timestamp":1.728784084208865e+09,"_runtime":0.453052}