{"train_accuracy":0.00625,"val_accuracy":0.0043859649122807015,"_wandb":{"runtime":0},"_step":1,"train_loss":0.4158952035457859,"val_loss":0.41356663517820075,"_timestamp":1.728785742190163e+09,"_runtime":0.728704}