{"_wandb":{"runtime":0},"_timestamp":1.72881045885866e+09,"train_mse":522.4033094502637,"val_r2":-5.672781100358429,"train_rmse":22.85614380096222,"val_rmse":23.866646199587766,"_runtime":0.448911,"_step":0,"train_r2":-5.2844114957597235,"val_mse":569.6168008162972}