{"_runtime":0.66726,"_step":1,"train_loss":0.33848070971287625,"train_accuracy":0.00625,"val_accuracy":0.0043859649122807015,"_wandb":{"runtime":0},"val_loss":0.32582687635165536,"_timestamp":1.728777194302444e+09}