{"val_loss":0.25625749809909754,"_timestamp":1.7287715229217658e+09,"_runtime":1.440866,"train_accuracy":0.52875,"_step":2,"train_loss":0.23861701947483147,"val_accuracy":0.5745614035087719,"_wandb":{"runtime":1},"early_stop_epoch":28}