{"val_accuracy":0.0043859649122807015,"_wandb":{"runtime":0},"_step":1,"train_loss":0.33154508126150456,"val_loss":0.31742305345978533,"_timestamp":1.728785778975281e+09,"_runtime":0.879635,"train_accuracy":0.00625}