{"_wandb":{"runtime":1},"train_mse":4.743114164703986,"val_rmse":3.020409691053429,"_timestamp":1.728810729177814e+09,"_runtime":1.546888,"train_rmse":2.177869179887531,"train_r2":0.9429412474171847,"val_mse":9.12287470180947,"_step":0,"val_r2":0.8931300028300876}