{"_timestamp":1.72881016107094e+09,"_wandb":{"runtime":0},"_runtime":0.58717,"val_mse":579.1883688807734,"_step":0,"train_r2":-5.394043338558838,"val_rmse":24.066332684494608,"val_r2":-5.78490731993254,"train_mse":531.516658812894,"train_rmse":23.05464505935613}