{"_runtime":0.521084,"train_r2":-3.750791887457517,"_timestamp":1.7288114307445672e+09,"val_rmse":20.86201101312704,"val_r2":-4.098429618830961,"_step":0,"train_rmse":19.872552623024824,"_wandb":{"runtime":0},"train_mse":394.91834775489076,"val_mse":435.22350351183394}