{"train_accuracy":0.55125,"val_accuracy":0.5570175438596491,"_wandb":{"runtime":1},"train_loss":0.27840560807136505,"val_loss":0.2678915159457617,"_timestamp":1.728782171224243e+09,"_runtime":1.6013570000000001,"_step":1}