{"_step":1,"train_accuracy":0.00625,"val_accuracy":0.0043859649122807015,"_wandb":{"runtime":0},"train_loss":0.33869585998174395,"val_loss":0.3254097270621862,"_timestamp":1.72878558110388e+09,"_runtime":0.716337}