{"_step":1,"train_accuracy":0.02125,"val_accuracy":0.02631578947368421,"_wandb":{"runtime":0},"train_loss":0.3360487569757556,"val_loss":0.3214911328513199,"_timestamp":1.7287715700645702e+09,"_runtime":0.4388}