{"_timestamp":1.728813630211626e+09,"_step":0,"val_mse":584.5548518973176,"_wandb":{"runtime":0},"train_mse":536.6363563272896,"val_r2":-5.847773033157418,"val_rmse":24.17756918917445,"train_r2":-5.455632316523273,"_runtime":0.412421,"train_rmse":23.165412932371606}