{"val_r2":-5.857439640779333,"train_r2":-5.465094197877034,"_wandb":{"runtime":0},"val_rmse":24.19462821340779,"_step":0,"_runtime":0.457074,"train_mse":537.4228926857323,"val_mse":585.3800343850281,"train_rmse":23.182383239989203,"_timestamp":1.7288133176095512e+09}