{"_runtime":0.509763,"_step":1,"train_accuracy":0.53375,"val_accuracy":0.5307017543859649,"_wandb":{"runtime":0},"train_loss":0.27209947917662747,"val_loss":0.25791841934202503,"_timestamp":1.7287851927073479e+09}