{"_step":1,"train_mse":536.6363559322034,"train_rmse":23.1654129238441,"train_r2":-5.4556323117704615,"val_r2":-5.84777302832906,"_timestamp":1.7288179868464792e+09,"val_rmse":24.177569180650657,"_wandb":{"runtime":1},"_runtime":1.007311,"early_stop_epoch":16,"val_mse":584.5548514851484}