{"_runtime":0.772892,"_step":1,"train_accuracy":0.00625,"val_accuracy":0.0043859649122807015,"_wandb":{"runtime":0},"train_loss":0.371700924791169,"val_loss":0.3657346226461149,"_timestamp":1.7287824348223019e+09}