{"_wandb":{"runtime":0},"train_loss":0.430210120369224,"val_loss":0.42872523827808906,"_timestamp":1.7287805856197288e+09,"_runtime":0.438294,"_step":1,"train_accuracy":0.00625,"val_accuracy":0.0043859649122807015}