{"val_loss":0.29449575356371044,"_timestamp":1.728784062594375e+09,"train_accuracy":0.22625,"val_accuracy":0.2675438596491228,"_wandb":{"runtime":0},"_runtime":0.480723,"_step":1,"train_loss":0.3082176998883889}