{"val_rmse":24.177569180650657,"_runtime":0.407094,"val_r2":-5.84777302832906,"_timestamp":1.7288175981672351e+09,"early_stop_epoch":30,"_wandb":{"runtime":0},"train_mse":536.6363559322034,"_step":1,"train_rmse":23.1654129238441,"train_r2":-5.4556323117704615,"val_mse":584.5548514851484}