{"_runtime":1.190661,"_step":1,"train_accuracy":0.53375,"val_accuracy":0.5219298245614035,"_wandb":{"runtime":1},"train_loss":0.2763744677153454,"val_loss":0.26028445627236396,"_timestamp":1.7287855976881862e+09}