{"val_loss":0.31750839001295733,"_timestamp":1.728779534498115e+09,"_runtime":1.016292,"_step":1,"train_accuracy":0.00625,"val_accuracy":0.0043859649122807015,"_wandb":{"runtime":1},"train_loss":0.3331091112264994}