{"_step":1,"train_accuracy":0.5375,"val_accuracy":0.5394736842105263,"_wandb":{"runtime":1},"train_loss":0.26737142296245064,"val_loss":0.25379069420024997,"_timestamp":1.728785960933598e+09,"_runtime":1.36992}