{"val_loss":0.3504238750746951,"_timestamp":1.728772399434932e+09,"_runtime":0.431806,"_step":1,"train_accuracy":0.00625,"val_accuracy":0.0043859649122807015,"_wandb":{"runtime":0},"train_loss":0.35891822042995664}