{"val_loss":0.25929171772834414,"_timestamp":1.728781572247506e+09,"_runtime":0.55177,"_step":1,"train_accuracy":0.51625,"val_accuracy":0.543859649122807,"_wandb":{"runtime":0},"train_loss":0.2731983582861957}