{"_runtime":0.445204,"_step":1,"train_loss":0.26777340352478773,"val_accuracy":0.5263157894736842,"train_accuracy":0.52375,"_wandb":{"runtime":0},"val_loss":0.2548092752008029,"_timestamp":1.728784376007989e+09}