{"train_mse":536.6363559322034,"val_rmse":24.177569180650657,"val_r2":-5.84777302832906,"val_mse":584.5548514851484,"train_rmse":23.1654129238441,"train_r2":-5.4556323117704615,"_timestamp":1.7288125844654698e+09,"_step":1,"_runtime":0.634726,"early_stop_epoch":16,"_wandb":{"runtime":0}}