{"_wandb":{"runtime":0},"train_r2":-5.455632320695695,"val_rmse":24.177569196748152,"train_rmse":23.165412939857774,"val_r2":-5.8477730374475945,"_runtime":0.504647,"_step":0,"train_mse":536.63635667413,"val_mse":584.5548522635451,"_timestamp":1.7288141545101e+09}