{"train_mse":45.286284891651896,"_step":0,"_timestamp":1.728812088134423e+09,"val_mse":44.79293830787992,"_runtime":0.417753,"train_r2":0.4552146890630625,"_wandb":{"runtime":0},"train_rmse":6.7295085178378296,"val_rmse":6.692752670454805,"val_r2":0.4752727241506768}