{"val_accuracy":0.5219298245614035,"val_loss":0.2611600775923874,"train_accuracy":0.48,"train_loss":0.2607000590519621,"_runtime":1.645169,"_timestamp":1.728780916213172e+09,"early_stop_epoch":29,"_step":2,"_wandb":{"runtime":1}}