{"_step":1,"train_loss":0.4158364595414543,"val_loss":0.4132919921329811,"_timestamp":1.728773465043506e+09,"train_accuracy":0.00625,"val_accuracy":0.0043859649122807015,"_wandb":{"runtime":0},"_runtime":0.456396}