{"train_accuracy":0.2925,"val_accuracy":0.29385964912280704,"_wandb":{"runtime":2},"_runtime":2.128082,"_step":1,"train_loss":0.29599097648018435,"val_loss":0.27943959043211425,"_timestamp":1.728779755934616e+09}