{"val_loss":0.31729630292539507,"_runtime":1.245274,"train_accuracy":0.36125,"early_stop_epoch":19,"_timestamp":1.7287750396912909e+09,"_step":2,"val_accuracy":0.40789473684210525,"_wandb":{"runtime":1},"train_loss":0.3397239398272552}