{"val_accuracy":0.40789473684210525,"train_loss":0.33911232953718173,"_step":2,"val_loss":0.31675066966252635,"_runtime":1.897971,"train_accuracy":0.4025,"_wandb":{"runtime":1},"_timestamp":1.728784480262632e+09,"early_stop_epoch":37}