{"train_accuracy":0.52125,"early_stop_epoch":34,"_step":2,"train_loss":0.25236154537265987,"_timestamp":1.728782600761394e+09,"val_accuracy":0.5526315789473685,"val_loss":0.257180729933091,"_runtime":1.32822,"_wandb":{"runtime":1}}