{"_runtime":0.715472,"_step":1,"train_accuracy":0.00625,"val_accuracy":0.0043859649122807015,"_wandb":{"runtime":0},"train_loss":0.333195660991684,"val_loss":0.31771038952450675,"_timestamp":1.728779646549203e+09}