{"val_loss":0.27599047864572024,"train_loss":0.282170571894789,"train_accuracy":0.49375,"val_accuracy":0.4868421052631579,"early_stop_epoch":105,"_runtime":5.288824,"_wandb":{"runtime":5},"_timestamp":1.728779238457634e+09,"_step":2}