{"val_mse":523.674836924854,"train_r2":-4.792333233094489,"_runtime":0.455397,"_step":0,"_wandb":{"runtime":0},"train_rmse":21.943071691703526,"train_mse":481.4983952672407,"val_r2":-5.134593554048611,"val_rmse":22.88394277489904,"_timestamp":1.728810242089002e+09}