{"_wandb":{"runtime":0},"train_rmse":3.01914203200629,"_step":0,"_timestamp":1.7288106356329e+09,"_runtime":0.46091,"train_mse":9.11521860942707,"val_r2":0.850359225310104,"train_r2":0.8903456705208713,"val_rmse":3.574068978707009,"val_mse":12.77396906455576}