{"val_loss":0.2543990509689788,"val_accuracy":0.5526315789473685,"train_accuracy":0.53375,"_wandb":{"runtime":1},"_timestamp":1.7287860525774322e+09,"_runtime":1.591823,"_step":1,"train_loss":0.2647997714914339}