{"_wandb":{"runtime":0},"train_loss":0.33360388443388783,"val_loss":0.3182217616496464,"_timestamp":1.728776760338141e+09,"_runtime":0.569393,"_step":1,"val_accuracy":0.0043859649122807015,"train_accuracy":0.00625}