{"_runtime":2.048148,"_wandb":{"runtime":2},"train_mse":536.7054414293973,"val_rmse":24.179040962530596,"train_r2":-5.4564633970352405,"train_rmse":23.166904010449848,"val_r2":-5.848606754411458,"_timestamp":1.7288170008501701e+09,"_step":0,"val_mse":584.6260218677326}