{"val_accuracy":0.3684210526315789,"_step":2,"early_stop_epoch":40,"train_accuracy":0.33625,"_wandb":{"runtime":2},"_runtime":2.287817,"train_loss":0.3031851283692328,"_timestamp":1.728777712516289e+09,"val_loss":0.28684041109859537}