{"_wandb":{"runtime":1},"val_loss":0.2552614316303152,"train_loss":0.26664478500109257,"val_accuracy":0.5219298245614035,"train_accuracy":0.52125,"_runtime":1.265974,"early_stop_epoch":90,"_step":2,"_timestamp":1.728786954560334e+09}