{"train_rmse":23.165412951367458,"train_r2":-5.45563232711063,"val_r2":-5.847773044213048,"train_mse":536.6363572073832,"_wandb":{"runtime":0},"_runtime":0.45498,"val_mse":584.5548528410728,"val_rmse":24.177569208691615,"_step":0,"_timestamp":1.728813770926035e+09}