{"_runtime":0.434569,"_step":1,"val_accuracy":0.0043859649122807015,"train_accuracy":0.00625,"_wandb":{"runtime":0},"train_loss":0.35535244751422324,"val_loss":0.3464478485265958,"_timestamp":1.7287714470140212e+09}