{"val_mse":587.6474456036776,"val_r2":-5.884001249750248,"train_rmse":23.228951439524753,"val_rmse":24.241440666834915,"_runtime":0.923073,"_wandb":{"runtime":0},"_timestamp":1.728812530919274e+09,"train_mse":539.5841849797991,"train_r2":-5.4910941291424455,"_step":0}