{"_wandb":{"runtime":0},"_step":0,"val_mse":584.5965244754367,"_timestamp":1.7288170588315241e+09,"train_rmse":23.166270251433343,"val_rmse":24.178430976294486,"_runtime":0.47809,"train_mse":536.6760773624455,"train_r2":-5.4561101529485825,"val_r2":-5.848261206945969}