{"train_rmse":4.371286285336137,"train_mse":19.108143788367805,"_wandb":{"runtime":0},"train_r2":0.7701326995561824,"val_rmse":4.536097421182524,"val_r2":0.7589601577995299,"_timestamp":1.728811914180516e+09,"_runtime":0.461052,"val_mse":20.576179814458744,"_step":0}