{"train_accuracy":0.00625,"val_accuracy":0.0043859649122807015,"_wandb":{"runtime":0},"val_loss":0.3456459390703948,"_timestamp":1.728780693498215e+09,"_runtime":0.442723,"_step":1,"train_loss":0.3550018855702885}