{"_runtime":1.538113,"val_rmse":3.241773900117917,"train_rmse":2.4727753268747668,"val_mse":10.50909801948573,"_wandb":{"runtime":1},"val_r2":0.8768910773949344,"_timestamp":1.7288108114026308e+09,"train_mse":6.1146178172006085,"train_r2":0.9264423218470227,"_step":0}