{"_runtime":1.970735,"_timestamp":1.728782892548634e+09,"train_accuracy":0.53,"train_loss":0.25657588183236923,"val_loss":0.2622659495964644,"_step":2,"early_stop_epoch":48,"val_accuracy":0.5263157894736842,"_wandb":{"runtime":1}}