{"_timestamp":1.7288099411617868e+09,"val_mse":14.9309946867462,"train_rmse":3.333262902933485,"_runtime":0.419624,"_step":0,"train_r2":0.8663411153643894,"val_rmse":3.8640645293196387,"train_mse":11.110641580072564,"val_r2":0.8250907293947541,"_wandb":{"runtime":0}}