{"val_rmse":6.879758158637826,"val_mse":47.33107232134373,"_wandb":{"runtime":0},"train_mse":43.900078569861144,"train_r2":0.47189048492148444,"_runtime":0.46746,"_timestamp":1.7288108041917849e+09,"val_r2":0.4455397305821106,"_step":0,"train_rmse":6.625713438555968}