{"train_r2":-5.4628829886134636,"_wandb":{"runtime":0},"_step":0,"train_mse":537.2390818328059,"_runtime":0.388185,"train_rmse":23.178418449773616,"val_rmse":24.190546165631787,"val_mse":585.1825237915627,"_timestamp":1.728816228239848e+09,"val_r2":-5.855125901168234}