{"train_accuracy":0.00625,"val_accuracy":0.0043859649122807015,"_wandb":{"runtime":0},"train_loss":0.3514029326524061,"val_loss":0.3419574781236674,"_timestamp":1.728784614093444e+09,"_runtime":0.407589,"_step":1}