{"val_loss":0.3159456615559629,"train_accuracy":0.00625,"early_stop_epoch":38,"val_accuracy":0.0043859649122807015,"_wandb":{"runtime":2},"_runtime":2.201883,"_step":2,"train_loss":0.3342662079295324,"_timestamp":1.728776332329831e+09}