{"train_mse":10.149691095285268,"_runtime":0.416936,"val_rmse":3.901195303725814,"_timestamp":1.728809775326616e+09,"train_r2":0.8779011651653911,"train_rmse":3.1858579841677295,"_step":0,"val_mse":15.219324797812346,"_wandb":{"runtime":0},"val_r2":0.8217130837336197}