{"train_r2":-5.45563231177549,"train_rmse":23.165412923853125,"_step":0,"train_mse":536.6363559326214,"_timestamp":1.728814225238951e+09,"val_rmse":24.177569180659727,"_wandb":{"runtime":0},"val_mse":584.554851485587,"val_r2":-5.847773028334197,"_runtime":0.630685}