{"train_r2":0.9131608271535102,"val_rmse":3.5258987842444274,"_step":1,"early_stop_epoch":57,"val_mse":12.43196223673633,"train_mse":7.218666587243514,"_wandb":{"runtime":2},"train_rmse":2.6867576346301716,"_runtime":2.702022,"_timestamp":1.728811384789162e+09,"val_r2":0.8543656673490266}