{"_step":1,"train_loss":0.33341052547395617,"train_accuracy":0.00625,"val_accuracy":0.0043859649122807015,"_wandb":{"runtime":0},"val_loss":0.3179830950473911,"_timestamp":1.728779157976204e+09,"_runtime":0.531871}