{"val_loss":0.31743007380055027,"_timestamp":1.7287791750916202e+09,"_runtime":0.907803,"_step":1,"train_loss":0.3330756446215143,"train_accuracy":0.00625,"val_accuracy":0.0043859649122807015,"_wandb":{"runtime":0}}