{"_wandb":{"runtime":0},"train_rmse":9.088727372316166,"train_r2":0.00627813066600702,"val_r2":-0.011665555339436917,"_runtime":0.421913,"_step":0,"val_rmse":9.293010715105646,"train_mse":82.6049652482891,"val_mse":86.36004815106836,"_timestamp":1.72881075421858e+09}