{"val_loss":0.38799727167965914,"_timestamp":1.728775460312156e+09,"_runtime":0.631385,"_step":1,"train_accuracy":0.00625,"val_accuracy":0.0043859649122807015,"_wandb":{"runtime":0},"train_loss":0.39222707091962355}