{"val_loss":0.30659542444396,"_timestamp":1.728779207465772e+09,"_runtime":0.89391,"_step":1,"train_accuracy":0.02375,"val_accuracy":0.04824561403508772,"_wandb":{"runtime":0},"train_loss":0.3239201195418852}