{"_timestamp":1.728815414886685e+09,"_step":1,"val_r2":-5.84777302832906,"_wandb":{"runtime":0},"train_mse":536.6363559322034,"train_rmse":23.1654129238441,"val_rmse":24.177569180650657,"val_mse":584.5548514851484,"_runtime":0.533376,"train_r2":-5.4556323117704615,"early_stop_epoch":16}