{"_runtime":2.2724320000000002,"val_accuracy":0.3684210526315789,"_step":2,"early_stop_epoch":40,"_timestamp":1.7287790745851562e+09,"train_accuracy":0.33625,"_wandb":{"runtime":2},"train_loss":0.3031851283692328,"val_loss":0.28684041109859537}