{"_runtime":0.437898,"_step":1,"train_accuracy":0.00625,"val_accuracy":0.0043859649122807015,"_wandb":{"runtime":0},"train_loss":0.38106011874174206,"val_loss":0.3735891295885377,"_timestamp":1.7287759592383208e+09}