{"_step":1,"val_accuracy":0.0043859649122807015,"train_accuracy":0.00625,"_wandb":{"runtime":0},"train_loss":0.3541197436315224,"val_loss":0.34511311399259126,"_timestamp":1.728772538394461e+09,"_runtime":0.440273}