{"train_mse":536.6401987688406,"val_mse":584.5588820349551,"train_rmse":23.165495867104607,"val_rmse":24.177652533588844,"val_r2":-5.847820244240767,"_timestamp":1.728817161935043e+09,"_step":0,"_runtime":0.486038,"train_r2":-5.455678540357268,"_wandb":{"runtime":0}}