{"val_rmse":3.3417130795510133,"val_r2":0.8691835363159909,"_step":0,"train_mse":6.427334228114789,"_runtime":0.566075,"train_rmse":2.5352187732254565,"val_mse":11.167046306042318,"train_r2":0.9226804034745494,"_wandb":{"runtime":0},"_timestamp":1.7288120992803059e+09}