{"_step":1,"train_loss":0.2676867621887452,"val_loss":0.25577808055711526,"_timestamp":1.7287845440081449e+09,"_runtime":0.501833,"train_accuracy":0.525,"val_accuracy":0.5219298245614035,"_wandb":{"runtime":0}}