{"val_accuracy":0.0043859649122807015,"train_accuracy":0.00625,"_wandb":{"runtime":0},"train_loss":0.3365273417713355,"val_loss":0.32285904025651707,"_timestamp":1.7287788782631822e+09,"_runtime":0.994673,"_step":1}