{"_wandb":{"runtime":0},"train_loss":0.28092224812868316,"val_loss":0.27132818955792765,"_timestamp":1.728776927245597e+09,"_runtime":0.676676,"_step":1,"train_accuracy":0.5575,"val_accuracy":0.5482456140350878}