{"_runtime":1.510602,"val_mse":10.380959133877527,"_timestamp":1.728810707672978e+09,"val_rmse":3.2219495858683955,"val_r2":0.8783921615147885,"_wandb":{"runtime":1},"_step":1,"train_rmse":2.3452390338921365,"train_mse":5.500146126091321,"early_stop_epoch":92,"train_r2":0.9338342982942809}