{"_timestamp":1.72881020422267e+09,"val_mse":9.138014406029907,"val_r2":0.892952648629786,"train_rmse":2.433553759902135,"_step":0,"_wandb":{"runtime":1},"train_r2":0.928757264889852,"_runtime":1.329408,"val_rmse":3.022914885674075,"train_mse":5.922183902333817}