{"val_mse":584.5548514851649,"train_r2":-5.455632311770653,"val_r2":-5.847773028329253,"_runtime":0.644978,"_timestamp":1.7288171022756102e+09,"train_mse":536.6363559322193,"_wandb":{"runtime":0},"val_rmse":24.177569180651,"train_rmse":23.165412923844446,"_step":0}