{"train_loss":0.23443899455027917,"_runtime":1.376794,"_timestamp":1.7287718065246358e+09,"_step":2,"early_stop_epoch":31,"train_accuracy":0.55,"val_accuracy":0.6008771929824561,"_wandb":{"runtime":1},"val_loss":0.25565823669944615}