{"val_accuracy":0.6008771929824561,"_wandb":{"runtime":0},"_timestamp":1.728771843963973e+09,"_runtime":0.458106,"_step":1,"train_loss":0.23990456247703026,"val_loss":0.247721714159965,"train_accuracy":0.58625}