{"train_r2":-5.456673636404217,"_step":0,"_timestamp":1.728812737778222e+09,"train_rmse":23.167281194933953,"train_mse":536.7229179651404,"_wandb":{"runtime":0},"val_mse":584.6458677306133,"_runtime":0.431648,"val_rmse":24.17945135296939,"val_r2":-5.848839238949416}