{"val_loss":0.4272440276347593,"_timestamp":1.7287837934959428e+09,"_runtime":0.42115,"train_accuracy":0.00625,"val_accuracy":0.0043859649122807015,"_wandb":{"runtime":0},"_step":1,"train_loss":0.42897482051679076}