{"_timestamp":1.728812310201646e+09,"_runtime":0.484541,"val_rmse":9.291599032385786,"val_mse":86.33381257863248,"val_r2":-0.011358218491829275,"_wandb":{"runtime":0},"train_rmse":9.112264371374573,"train_r2":0.0011246003227159962,"train_mse":83.03336197382244,"_step":0}