{"_runtime":0.637423,"early_stop_epoch":16,"val_mse":584.5548514851484,"_timestamp":1.728812776048384e+09,"val_rmse":24.177569180650657,"train_r2":-5.4556323117704615,"_wandb":{"runtime":0},"_step":1,"train_rmse":23.1654129238441,"train_mse":536.6363559322034,"val_r2":-5.84777302832906}