{"_step":1,"train_accuracy":0.00625,"val_accuracy":0.0043859649122807015,"_wandb":{"runtime":0},"train_loss":0.4264113083947201,"val_loss":0.42477111981433074,"_timestamp":1.728783685167985e+09,"_runtime":0.445976}