{"_step":1,"train_loss":0.273108290734147,"train_accuracy":0.55375,"val_accuracy":0.5482456140350878,"_wandb":{"runtime":1},"val_loss":0.2589739471995372,"_timestamp":1.7287866205843048e+09,"_runtime":1.469001}