{"train_accuracy":0.3525,"_timestamp":1.728782753310613e+09,"val_loss":0.30805918291493156,"train_loss":0.2928865436696179,"_step":2,"_wandb":{"runtime":0},"_runtime":0.817757,"early_stop_epoch":16,"val_accuracy":0.38596491228070173}