{"val_loss":0.4034941051834908,"_timestamp":1.728772907502265e+09,"_runtime":0.457612,"_step":1,"train_accuracy":0.00625,"val_accuracy":0.0043859649122807015,"_wandb":{"runtime":0},"train_loss":0.40662679634517634}