{"val_accuracy":0.09649122807017543,"_wandb":{"runtime":0},"train_loss":0.31557868692665975,"val_loss":0.2998850906899386,"_timestamp":1.7287785996007931e+09,"_runtime":0.978804,"_step":1,"train_accuracy":0.0875}