{"_timestamp":1.728781789669621e+09,"val_accuracy":0.4166666666666667,"_runtime":1.535292,"train_loss":0.2899085114549033,"_step":2,"_wandb":{"runtime":1},"train_accuracy":0.40375,"val_loss":0.2894701396154864,"early_stop_epoch":34}