{"train_r2":-5.461964354183608,"train_mse":537.1627186496096,"_runtime":0.389001,"val_rmse":24.18902177066648,"train_rmse":23.17677110060005,"_step":0,"_timestamp":1.7288125735805922e+09,"_wandb":{"runtime":0},"val_r2":-5.854261961174326,"val_mse":585.1087742217768}