{"_wandb":{"runtime":0},"train_rmse":9.653826325830346,"_timestamp":1.728811544347347e+09,"train_mse":93.19636272929505,"train_r2":-0.12113434716809723,"_runtime":0.42061,"_step":0,"val_mse":95.20685018784421,"val_rmse":9.757399765708291,"val_r2":-0.11530149680923318}