{"_runtime":0.435397,"_step":1,"train_accuracy":0.00625,"val_accuracy":0.0043859649122807015,"_wandb":{"runtime":0},"train_loss":0.4331829100929588,"val_loss":0.43200330331826514,"_timestamp":1.72877134921042e+09}