{"early_stop_epoch":43,"_timestamp":1.728779566661314e+09,"_runtime":0.536795,"val_loss":0.3165763152436118,"_wandb":{"runtime":0},"train_accuracy":0.00625,"train_loss":0.3333590178888026,"val_accuracy":0.0043859649122807015,"_step":2}