{"val_mse":19.009713266675714,"train_rmse":3.9940652983759706,"train_r2":0.8080937953435993,"_step":0,"val_rmse":4.360012989278325,"_wandb":{"runtime":0},"_runtime":0.478314,"_timestamp":1.7288119804562402e+09,"train_mse":15.95255760769113,"val_r2":0.7773105441635046}