{"_timestamp":1.728814127434817e+09,"train_mse":536.6363559323711,"train_rmse":23.16541292384772,"val_rmse":24.177569180654295,"train_r2":-5.4556323117724785,"_step":0,"val_mse":584.5548514853244,"_runtime":0.534391,"_wandb":{"runtime":0},"val_r2":-5.847773028331122}