{"_runtime":0.541694,"train_accuracy":0.00625,"val_accuracy":0.0043859649122807015,"_wandb":{"runtime":0},"_step":1,"train_loss":0.39485439396725036,"val_loss":0.39060887458995525,"_timestamp":1.7287751587718e+09}