{"_wandb":{"runtime":0},"val_accuracy":0.5482456140350878,"_step":2,"val_loss":0.2596859815399266,"train_accuracy":0.54875,"_timestamp":1.728783489558023e+09,"train_loss":0.2585283839052224,"early_stop_epoch":56,"_runtime":0.565843}