{"_runtime":0.859344,"_step":0,"_wandb":{"runtime":0},"val_mse":86.32007979226229,"val_rmse":9.290860013597358,"train_r2":0.002009134958169012,"train_mse":82.95983339899952,"_timestamp":1.728812422577211e+09,"val_r2":-0.011197345643249479,"train_rmse":9.108228883762173}