{"_runtime":0.490303,"_step":1,"train_loss":0.24658145974585344,"train_accuracy":0.57125,"val_accuracy":0.6052631578947368,"_wandb":{"runtime":0},"val_loss":0.24564995901546938,"_timestamp":1.7287716999804852e+09}