{"train_loss":0.2744174329929125,"val_loss":0.26530400233909396,"_timestamp":1.728782305867692e+09,"train_accuracy":0.54375,"val_accuracy":0.5263157894736842,"_wandb":{"runtime":1},"_runtime":1.31849,"_step":1}