{"_timestamp":1.72881469087626e+09,"_step":1,"early_stop_epoch":26,"val_mse":584.5548514851484,"train_rmse":23.1654129238441,"train_r2":-5.4556323117704615,"val_rmse":24.177569180650657,"_runtime":1.007732,"_wandb":{"runtime":1},"val_r2":-5.84777302832906,"train_mse":536.6363559322034}