{"train_r2":0.9106197860606237,"val_r2":0.8572433102454435,"_step":0,"_runtime":0.976279,"_timestamp":1.728810016707554e+09,"train_mse":7.429895320000542,"val_rmse":3.4908902124238224,"val_mse":12.18631447519644,"_wandb":{"runtime":0},"train_rmse":2.7257834323365717}