{"val_mse":584.5548514851484,"val_rmse":24.177569180650657,"train_rmse":23.1654129238441,"_step":1,"val_r2":-5.84777302832906,"train_mse":536.6363559322034,"_wandb":{"runtime":0},"train_r2":-5.4556323117704615,"early_stop_epoch":146,"_timestamp":1.728817454209962e+09,"_runtime":0.437147}