{"_runtime":0.8268,"_step":1,"train_accuracy":0.52375,"val_accuracy":0.5350877192982456,"_wandb":{"runtime":0},"train_loss":0.27219619716342425,"val_loss":0.2609367528201,"_timestamp":1.728774619057565e+09}