{"val_loss":0.31729235100004316,"_timestamp":1.7287756590948522e+09,"_runtime":0.830868,"train_accuracy":0.00625,"val_accuracy":0.0043859649122807015,"_wandb":{"runtime":0},"_step":1,"train_loss":0.3329430174443104}