{"_step":2,"_runtime":0.608782,"val_accuracy":0.543859649122807,"_wandb":{"runtime":0},"val_loss":0.2549344063818474,"train_accuracy":0.5325,"_timestamp":1.7287827584937449e+09,"train_loss":0.25682914285942926,"early_stop_epoch":46}