{"train_r2":-5.456030387597269,"_step":0,"_wandb":{"runtime":0},"val_mse":584.5779250241945,"_runtime":0.449428,"val_rmse":24.17804634423953,"train_mse":536.6694467203347,"val_r2":-5.848043323508283,"train_rmse":23.166127141158807,"_timestamp":1.728815951769192e+09}