{"train_mse":8.459594327123366,"_timestamp":1.728810891384842e+09,"_wandb":{"runtime":0},"train_rmse":2.9085381770097785,"val_mse":12.5258317754272,"_runtime":0.430819,"val_r2":0.8532660317996921,"train_r2":0.8982327047376806,"val_rmse":3.5391851852406933,"_step":0}