{"val_accuracy":0.38596491228070173,"_wandb":{"runtime":0},"train_loss":0.28457735865538314,"val_loss":0.2741277217973524,"_timestamp":1.728779990712258e+09,"_runtime":0.489217,"_step":1,"train_accuracy":0.4}