{"val_r2":0.8376997792297942,"_wandb":{"runtime":0},"_step":0,"_runtime":0.604366,"val_mse":13.854632893912477,"train_mse":8.629142628389095,"train_rmse":2.9375402343438797,"train_r2":0.8961930712317555,"_timestamp":1.7288114471726248e+09,"val_rmse":3.7221812011121216}