{"_wandb":{"runtime":1},"train_accuracy":0.006564551422319475,"val_accuracy":0,"_timestamp":1.7287650108853812e+09,"_runtime":1.318341,"_step":0}