{"_wandb":{"runtime":1},"val_loss":0.2811558090197793,"val_accuracy":0.35964912280701755,"train_accuracy":0.335,"_timestamp":1.7287808884203498e+09,"_step":2,"train_loss":0.30226479895786434,"_runtime":1.201528,"early_stop_epoch":20}