{"_step":0,"val_mse":11.534061609660098,"val_r2":0.8648841322639801,"train_rmse":2.6546144704112518,"train_mse":7.04697798651681,"_runtime":0.494942,"_wandb":{"runtime":0},"train_r2":0.9152262080509498,"_timestamp":1.728811839410662e+09,"val_rmse":3.3961833886968025}