{"train_loss":0.33317243853908046,"_step":2,"_timestamp":1.728779357757025e+09,"_runtime":0.78049,"early_stop_epoch":79,"val_accuracy":0.0043859649122807015,"train_accuracy":0.00625,"val_loss":0.3169788083213047,"_wandb":{"runtime":0}}