{"_wandb":{"runtime":0},"train_r2":0.9157852124671841,"val_mse":11.508879595649862,"_timestamp":1.728811576872781e+09,"train_rmse":2.645847635870669,"val_rmse":3.3924739638868067,"early_stop_epoch":41,"_runtime":0.858827,"_step":1,"val_r2":0.8651791271920013,"train_mse":7.000509712242408}