{"train_loss":0.2668535135192781,"val_loss":0.25531532356762143,"_timestamp":1.7287843172795782e+09,"_runtime":0.455308,"_step":1,"train_accuracy":0.52125,"val_accuracy":0.5350877192982456,"_wandb":{"runtime":0}}