{"train_accuracy":0.00625,"val_accuracy":0.0043859649122807015,"_wandb":{"runtime":0},"_runtime":0.556271,"_step":1,"train_loss":0.37377308900380196,"val_loss":0.3686369093552277,"_timestamp":1.728782677830104e+09}