{"_step":1,"train_accuracy":0.00625,"val_accuracy":0.0043859649122807015,"_wandb":{"runtime":0},"train_loss":0.3338860278127314,"val_loss":0.31856132956744554,"_timestamp":1.728781961667435e+09,"_runtime":0.557044}