{"val_mse":584.5548514861788,"_timestamp":1.728814434289072e+09,"val_r2":-5.8477730283411296,"_runtime":0.47117,"train_r2":-5.455632311782562,"_step":0,"train_mse":536.6363559332093,"val_rmse":24.177569180671963,"_wandb":{"runtime":0},"train_rmse":23.165412923865816}