{"val_rmse":24.180689754680937,"val_r2":-5.849540812472628,"train_rmse":23.16850538381312,"_runtime":0.388504,"train_mse":536.7796417197775,"train_r2":-5.457356012279857,"_timestamp":1.728812634485483e+09,"_wandb":{"runtime":0},"val_mse":584.7057570121317,"_step":0}