{"_wandb":{"runtime":0},"_step":1,"train_loss":0.28057848041119665,"val_loss":0.265913097586075,"_timestamp":1.728781162615744e+09,"_runtime":0.451336,"train_accuracy":0.485,"val_accuracy":0.4649122807017544}