{"val_accuracy":0.0043859649122807015,"_wandb":{"runtime":0},"train_loss":0.430939752818828,"val_loss":0.4295574764368433,"_timestamp":1.7287842959397361e+09,"_runtime":0.414157,"_step":1,"train_accuracy":0.00625}