{"_timestamp":1.728812375258423e+09,"train_rmse":1.7980018252631356,"train_r2":0.9611099097147908,"_runtime":0.97087,"val_mse":9.145203398743758,"val_rmse":3.0241037347855246,"_step":0,"_wandb":{"runtime":0},"val_r2":0.8928684331104353,"train_mse":3.232810563649567}