{"_wandb":{"runtime":0},"_timestamp":1.728780968458525e+09,"_runtime":0.57614,"_step":1,"train_loss":0.2601851679724167,"val_loss":0.25896553286772994,"train_accuracy":0.5525,"val_accuracy":0.5307017543859649}