{"_runtime":0.531843,"val_r2":-5.847775190200279,"val_rmse":24.17757299713133,"_wandb":{"runtime":0},"train_r2":-5.455635030013952,"_step":0,"_timestamp":1.7288168371762052e+09,"train_mse":536.6365818912126,"train_rmse":23.16541780092068,"val_mse":584.555036031614}