{"_runtime":2.264077,"val_rmse":3.205459219186228,"_timestamp":1.728810466050827e+09,"_wandb":{"runtime":2},"val_mse":10.274968805865983,"train_r2":0.8953939958449053,"val_r2":0.8796337861588698,"train_rmse":2.9488247227286166,"train_mse":8.695567245375504,"_step":0}