{"train_rmse":3.80983126066959,"_timestamp":1.728809555178127e+09,"_runtime":0.44522,"val_rmse":4.079088720659088,"_step":0,"_wandb":{"runtime":0},"val_mse":16.638964791008192,"train_r2":0.8253895720304145,"val_r2":0.8050826983546512,"train_mse":14.514814234775237}