{"val_loss":0.32322571199929406,"train_accuracy":0.00625,"val_accuracy":0.0043859649122807015,"_wandb":{"runtime":0},"_timestamp":1.7287806453944042e+09,"_runtime":0.580971,"_step":1,"train_loss":0.3370756023542833}