{"_wandb":{"runtime":0},"_runtime":0.466248,"_step":1,"train_loss":0.3322784987825353,"val_loss":0.31541545235464874,"_timestamp":1.7287756257844758e+09,"train_accuracy":0.00625,"val_accuracy":0.0043859649122807015}