{"val_accuracy":0.5350877192982456,"val_loss":0.2565088590996425,"early_stop_epoch":26,"train_accuracy":0.525,"_timestamp":1.7287814436875699e+09,"_wandb":{"runtime":1},"_runtime":1.128868,"_step":2,"train_loss":0.25479392757206865}