{"train_mse":7.642196404686156,"val_mse":9.503335246909208,"train_rmse":2.7644522793287925,"val_r2":0.8886730943766581,"_runtime":1.143589,"val_rmse":3.082748002498616,"_wandb":{"runtime":1},"early_stop_epoch":35,"train_r2":0.9080658447799597,"_step":1,"_timestamp":1.72881108634816e+09}