{"_timestamp":1.7287733238649778e+09,"_runtime":0.507429,"_step":1,"train_loss":0.41595170696761996,"val_loss":0.41373569905038693,"train_accuracy":0.00625,"val_accuracy":0.0043859649122807015,"_wandb":{"runtime":0}}