{"train_accuracy":0.33875,"train_loss":0.30312654187967764,"_wandb":{"runtime":1},"val_loss":0.28651190808674915,"_step":2,"val_accuracy":0.37280701754385964,"_timestamp":1.728776229946402e+09,"early_stop_epoch":28,"_runtime":1.667454}