{"train_loss":0.26697596958410313,"val_loss":0.25454306856603737,"train_accuracy":0.5375,"val_accuracy":0.5570175438596491,"_wandb":{"runtime":1},"_timestamp":1.72878643560898e+09,"_runtime":1.552289,"_step":1}