{"_timestamp":1.728773831236345e+09,"_runtime":0.435216,"train_accuracy":0.00625,"val_accuracy":0.0043859649122807015,"_wandb":{"runtime":0},"_step":1,"train_loss":0.34016633481050246,"val_loss":0.32806144579205687}