{"val_r2":0.8448758954337077,"train_rmse":2.483512973735909,"_step":1,"val_rmse":3.6389626655189575,"_timestamp":1.728812353520428e+09,"val_mse":13.242049281040835,"_runtime":0.766024,"train_r2":0.9258021090182516,"train_mse":6.1678366907145765,"_wandb":{"runtime":0},"early_stop_epoch":141}