{"val_r2":0.8355584049290687,"val_rmse":3.7466557962921905,"train_rmse":3.0648957178141565,"_wandb":{"runtime":0},"_step":0,"_timestamp":1.728811306755199e+09,"_runtime":0.809261,"train_mse":9.393585761075554,"val_mse":14.037429655889868,"train_r2":0.886996967141288}