{"val_loss":0.31749314707165766,"_timestamp":1.7287832153658519e+09,"train_accuracy":0.00625,"val_accuracy":0.0043859649122807015,"_wandb":{"runtime":0},"_runtime":0.773223,"_step":1,"train_loss":0.33313127241853}