{"_wandb":{"runtime":0},"val_accuracy":0.543859649122807,"val_loss":0.2596817274662072,"_timestamp":1.728775049841612e+09,"train_loss":0.24200134579173713,"_runtime":0.617652,"_step":2,"train_accuracy":0.54,"early_stop_epoch":58}