{"train_loss":0.292407100584675,"_runtime":1.104295,"_step":2,"_timestamp":1.728778884716584e+09,"val_loss":0.28219132494897997,"train_accuracy":0.30875,"early_stop_epoch":19,"val_accuracy":0.3201754385964912,"_wandb":{"runtime":1}}