{"val_mse":500.7659345120172,"_step":0,"val_r2":-4.866227012136107,"val_rmse":22.37780003735884,"train_r2":-4.4970344551617565,"_wandb":{"runtime":0},"train_rmse":21.37641548755341,"_timestamp":1.728811063485613e+09,"train_mse":456.9511390965133,"_runtime":0.424578}