{"_timestamp":1.7287791426459289e+09,"early_stop_epoch":56,"val_accuracy":0.0043859649122807015,"train_loss":0.33325293063514194,"_step":2,"val_loss":0.31671586294634885,"train_accuracy":0.00625,"_wandb":{"runtime":0},"_runtime":0.496674}