{"val_r2":0.8110131617119818,"val_rmse":4.016555162143424,"train_r2":0.8603961584583629,"_wandb":{"runtime":0},"val_mse":16.13271537054099,"_timestamp":1.728811338522083e+09,"_step":0,"train_mse":11.604827099964586,"train_rmse":3.4065858421540747,"_runtime":0.55685}