{"val_loss":0.32116034119957243,"_timestamp":1.728772495907295e+09,"_runtime":0.651272,"_step":1,"train_accuracy":0.00625,"val_accuracy":0.0043859649122807015,"_wandb":{"runtime":0},"train_loss":0.3356954771702605}