{"train_rmse":23.16541292385341,"val_rmse":24.177569180660015,"train_r2":-5.4556323117756484,"_step":0,"train_mse":536.6363559326346,"_wandb":{"runtime":0},"val_r2":-5.847773028334361,"val_mse":584.5548514856009,"_timestamp":1.728813744143939e+09,"_runtime":0.435201}