{"val_rmse":24.177749814267337,"train_mse":536.6446812901132,"train_r2":-5.455732464227401,"val_mse":584.5635860813042,"_wandb":{"runtime":0},"_runtime":0.444005,"train_rmse":23.16559261685557,"_timestamp":1.728813177625751e+09,"val_r2":-5.847875349833734,"_step":0}