{"_runtime":0.444691,"_step":1,"train_loss":0.334526433581194,"val_loss":0.3197698289612011,"_timestamp":1.7287759878380039e+09,"train_accuracy":0.00625,"val_accuracy":0.0043859649122807015,"_wandb":{"runtime":0}}