{"_timestamp":1.7287847764711459e+09,"_runtime":0.53069,"_step":1,"train_accuracy":0.5375,"val_accuracy":0.5482456140350878,"_wandb":{"runtime":0},"train_loss":0.27218477726000595,"val_loss":0.257068628709122}