{"_wandb":{"runtime":0},"train_loss":0.26960569282590047,"val_loss":0.25685509507398574,"_timestamp":1.728782525774237e+09,"_runtime":0.621626,"_step":1,"train_accuracy":0.535,"val_accuracy":0.5307017543859649}