{"val_loss":0.3667142131424303,"_timestamp":1.728776974333539e+09,"_runtime":0.433196,"_step":1,"train_accuracy":0.00625,"val_accuracy":0.0043859649122807015,"_wandb":{"runtime":0},"train_loss":0.372780543210961}