{"_timestamp":1.728811987443504e+09,"val_rmse":3.0820972972699345,"val_r2":0.8887200870949177,"_runtime":1.8893550000000001,"_wandb":{"runtime":1},"val_mse":9.499323749838634,"early_stop_epoch":118,"_step":1,"train_mse":4.6130750845972806,"train_rmse":2.147807040820306,"train_r2":0.9445055925795087}