{"val_loss":0.31759672209482787,"_timestamp":1.728778100382528e+09,"_runtime":0.914447,"train_accuracy":0.00625,"val_accuracy":0.0043859649122807015,"_wandb":{"runtime":0},"_step":1,"train_loss":0.333226323999496}