{"train_accuracy":0.00625,"val_accuracy":0.0043859649122807015,"_wandb":{"runtime":0},"early_stop_epoch":42,"_timestamp":1.728777726819838e+09,"_step":2,"train_loss":0.3335815075434419,"_runtime":0.499631,"val_loss":0.3162973384424425}