{"_timestamp":1.7288113772972002e+09,"val_r2":-2.1328907030868933,"_runtime":0.621576,"val_mse":267.43679325905345,"train_r2":-1.8728392455414964,"_step":0,"val_rmse":16.353494833186375,"_wandb":{"runtime":0},"train_rmse":15.453480735610755,"train_mse":238.81006684589275}