{"_runtime":0.533412,"_step":1,"train_accuracy":0.00625,"val_accuracy":0.0043859649122807015,"_wandb":{"runtime":0},"train_loss":0.4144913888697932,"val_loss":0.41555934103916553,"_timestamp":1.728783971108504e+09}