{"val_loss":0.31572072210912566,"_timestamp":1.728778910478827e+09,"_runtime":0.79653,"_step":1,"train_accuracy":0.00625,"val_accuracy":0.0043859649122807015,"_wandb":{"runtime":0},"train_loss":0.3310195211767508}