{"_runtime":0.566986,"_step":1,"train_accuracy":0.00625,"val_accuracy":0.0043859649122807015,"_wandb":{"runtime":0},"train_loss":0.35624980703209874,"val_loss":0.3470378416972116,"_timestamp":1.728777695297965e+09}