{"_wandb":{"runtime":0},"train_loss":0.3859230992436814,"val_loss":0.38096408275967536,"_timestamp":1.728786738655842e+09,"_runtime":0.851304,"_step":1,"train_accuracy":0.00625,"val_accuracy":0.0043859649122807015}