{"val_accuracy":0.2149122807017544,"_wandb":{"runtime":0},"train_loss":0.3093994703468814,"val_loss":0.2969876436157072,"_timestamp":1.728771918689059e+09,"_runtime":0.441008,"_step":1,"train_accuracy":0.19375}