{"train_accuracy":0.42,"val_accuracy":0.44298245614035087,"_wandb":{"runtime":0},"val_loss":0.27770249728638235,"_timestamp":1.728771940814511e+09,"_runtime":0.925992,"_step":1,"train_loss":0.2932807593288107}