{"val_accuracy":0.5043859649122807,"_wandb":{"runtime":0},"train_loss":0.2790469227292916,"val_loss":0.26230045496718,"_timestamp":1.728784148178177e+09,"_runtime":0.494316,"_step":1,"train_accuracy":0.505}