{"_runtime":0.550699,"_step":1,"train_loss":0.26812956327395243,"val_loss":0.2545316193197594,"train_accuracy":0.53625,"val_accuracy":0.5394736842105263,"_wandb":{"runtime":0},"_timestamp":1.728784850512397e+09}