{"_timestamp":1.728780801539961e+09,"_runtime":0.511098,"_step":1,"train_accuracy":0.00625,"val_accuracy":0.0043859649122807015,"_wandb":{"runtime":0},"train_loss":0.3322216577100384,"val_loss":0.3174951340433078}