{"_timestamp":1.72877796481677e+09,"_runtime":0.657542,"_step":1,"train_accuracy":0.00625,"val_accuracy":0.0043859649122807015,"_wandb":{"runtime":0},"train_loss":0.3335687438672528,"val_loss":0.31813137163070665}