{"_wandb":{"runtime":0},"early_stop_epoch":28,"val_mse":584.5548514851484,"_timestamp":1.728813057034574e+09,"train_mse":536.6363559322034,"train_r2":-5.4556323117704615,"val_r2":-5.84777302832906,"val_rmse":24.177569180650657,"train_rmse":23.1654129238441,"_runtime":0.418237,"_step":1}