{"val_rmse":24.177569180650657,"early_stop_epoch":16,"val_mse":584.5548514851484,"_wandb":{"runtime":0},"_runtime":0.552356,"train_mse":536.6363559322034,"train_rmse":23.1654129238441,"_step":1,"_timestamp":1.7288165043896708e+09,"train_r2":-5.4556323117704615,"val_r2":-5.84777302832906}