{"val_loss":0.275259868437467,"train_accuracy":0.5076586433260394,"train_loss":0.25659315005357075,"_timestamp":1.728767870581383e+09,"_runtime":1.5269439999999999,"_step":2,"early_stop_epoch":26,"val_accuracy":0.5263157894736842,"_wandb":{"runtime":1}}