{"_timestamp":1.728811408652734e+09,"val_r2":-4.603196552393392,"val_mse":478.3125426290081,"_runtime":0.610233,"train_mse":435.7382950233866,"_step":0,"train_rmse":20.87434537951757,"val_rmse":21.87035762462535,"train_r2":-4.241848014457157,"_wandb":{"runtime":0}}