{"_wandb":{"runtime":1},"val_rmse":3.7427879423583144,"val_mse":14.008461581462786,"_runtime":1.149898,"train_mse":9.4214766872469,"val_r2":0.835897751695656,"_timestamp":1.728810069754861e+09,"_step":1,"early_stop_epoch":40,"train_r2":0.8866614446553316,"train_rmse":3.0694424065694568}