{"_step":2,"_timestamp":1.728783799309063e+09,"_runtime":0.808021,"early_stop_epoch":16,"_wandb":{"runtime":0},"val_accuracy":0.33771929824561403,"train_accuracy":0.3325,"train_loss":0.31229142144782135,"val_loss":0.298996728081045}