{"_runtime":0.500076,"_step":1,"train_loss":0.35661777086083873,"val_loss":0.3478201645728064,"train_accuracy":0.00625,"val_accuracy":0.0043859649122807015,"_wandb":{"runtime":0},"_timestamp":1.728779013344026e+09}