{"val_r2":0.8653294734246649,"train_mse":7.127998398699409,"_wandb":{"runtime":1},"val_rmse":3.390581868309725,"train_r2":0.9142515480507148,"_runtime":1.094465,"train_rmse":2.6698311554664667,"val_mse":11.496045405710667,"_step":0,"_timestamp":1.728809861325263e+09}