{"val_loss":0.3788396217908522,"_timestamp":1.72877450622101e+09,"_runtime":0.746036,"_step":1,"train_accuracy":0.00625,"val_accuracy":0.0043859649122807015,"_wandb":{"runtime":0},"train_loss":0.38376899686242827}