{"_timestamp":1.728783922458831e+09,"val_loss":0.2554153615133579,"_step":2,"_runtime":0.414013,"train_accuracy":0.53125,"train_loss":0.266459913125182,"val_accuracy":0.5307017543859649,"_wandb":{"runtime":0},"early_stop_epoch":37}