{"train_r2":-5.404325474602133,"_wandb":{"runtime":0},"val_rmse":24.084791729743344,"val_mse":580.0771926651133,"_step":0,"train_rmse":23.07317447506878,"val_r2":-5.795319454092194,"_timestamp":1.7288104322804449e+09,"train_mse":532.3713803569653,"_runtime":0.548332}