{"_runtime":0.5202,"_step":1,"train_loss":0.2745136327515456,"val_loss":0.2583312729827651,"train_accuracy":0.535,"val_accuracy":0.5526315789473685,"_wandb":{"runtime":0},"_timestamp":1.728785311416675e+09}