{"val_accuracy":0.0043859649122807015,"_wandb":{"runtime":0},"_step":1,"train_loss":0.3442469765256415,"val_loss":0.3330007519476371,"_timestamp":1.728777472731501e+09,"_runtime":0.585459,"train_accuracy":0.00625}