{"val_rmse":24.17756918065109,"val_r2":-5.847773028329306,"train_r2":-5.4556323117707,"val_mse":584.5548514851695,"train_mse":536.6363559322233,"_runtime":0.458586,"_wandb":{"runtime":0},"_step":0,"train_rmse":23.16541292384453,"_timestamp":1.7288139691388931e+09}