{"val_mse":11.235514121386093,"_runtime":0.94968,"train_rmse":2.6245306243958755,"_timestamp":1.7288112260300128e+09,"_step":0,"val_rmse":3.35194184337767,"train_r2":0.9171367459205223,"train_mse":6.888160998391804,"val_r2":0.8683814694816664,"_wandb":{"runtime":0}}