{"_step":1,"_runtime":0.397049,"val_r2":-5.84777302832906,"train_mse":536.6363559322034,"_timestamp":1.728814717408274e+09,"early_stop_epoch":28,"train_r2":-5.4556323117704615,"val_rmse":24.177569180650657,"_wandb":{"runtime":0},"val_mse":584.5548514851484,"train_rmse":23.1654129238441}