{"train_rmse":2.8006971673614736,"_runtime":1.024528,"early_stop_epoch":36,"train_r2":0.9056393336443966,"val_rmse":3.256121628819371,"_step":1,"_timestamp":1.728812094152139e+09,"_wandb":{"runtime":1},"train_mse":7.843904623266582,"val_r2":0.8757989332331927,"val_mse":10.602328061665315}