{"val_accuracy":0.0043859649122807015,"_wandb":{"runtime":0},"train_loss":0.4215978008484656,"val_loss":0.4210331533713989,"_timestamp":1.728771607812168e+09,"_runtime":0.609944,"_step":1,"train_accuracy":0.00625}