{"_step":0,"_wandb":{"runtime":0},"val_mse":585.2663503079754,"val_rmse":24.19227873326478,"train_mse":537.3153598442038,"val_r2":-5.856107887643398,"train_rmse":23.180063844696456,"_timestamp":1.728815978465882e+09,"_runtime":0.45685,"train_r2":-5.4638005984429405}