{"_wandb":{"runtime":2},"train_mse":5.412707992811097,"val_mse":10.236325081624829,"val_rmse":3.199425742477051,"_timestamp":1.728811814439806e+09,"train_rmse":2.3265227256167296,"_step":1,"val_r2":0.8800864784116164,"early_stop_epoch":160,"train_r2":0.9348861622469276,"_runtime":2.253245}