{"_runtime":0.4108,"val_r2":-5.8477966492411415,"val_mse":584.5568678660502,"_timestamp":1.7288163847659452e+09,"train_rmse":23.166653862449923,"_wandb":{"runtime":0},"_step":0,"train_mse":536.6938511825659,"val_rmse":24.177610880028038,"train_r2":-5.45632396859153}