{"val_r2":0.7545653777474288,"train_r2":0.8212226299146395,"_timestamp":1.728811145873199e+09,"_step":1,"val_rmse":4.577263026810025,"train_mse":14.861198992208337,"_runtime":1.675519,"train_rmse":3.85502256701674,"val_mse":20.951336816602065,"_wandb":{"runtime":1},"early_stop_epoch":51}