{"train_accuracy":0.455,"val_accuracy":0.4605263157894737,"_wandb":{"runtime":2},"_timestamp":1.728776134211911e+09,"_runtime":2.234429,"_step":1,"train_loss":0.2747009003026018,"val_loss":0.2645090917450814}