{"_wandb":{"runtime":0},"train_loss":0.2674997595162684,"val_loss":0.2553041279206239,"_timestamp":1.7287846622812428e+09,"_runtime":0.482243,"_step":1,"train_accuracy":0.51625,"val_accuracy":0.5175438596491229}