{"val_loss":0.2633199140233612,"_wandb":{"runtime":1},"train_accuracy":0.53375,"_step":2,"_runtime":1.73247,"early_stop_epoch":32,"_timestamp":1.72877500663479e+09,"val_accuracy":0.5789473684210527,"train_loss":0.2379091645167449}