{"val_loss":0.2625538852211489,"train_accuracy":0.5575,"_wandb":{"runtime":1},"_timestamp":1.72877433727988e+09,"val_accuracy":0.5921052631578947,"train_loss":0.21234609013787387,"_runtime":1.382956,"early_stop_epoch":26,"_step":2}