{"_step":1,"train_mse":536.6363559322034,"train_r2":-5.4556323117704615,"_runtime":0.46841,"_timestamp":1.7288141220009549e+09,"early_stop_epoch":25,"_wandb":{"runtime":0},"val_mse":584.5548514851484,"val_rmse":24.177569180650657,"val_r2":-5.84777302832906,"train_rmse":23.1654129238441}