{"val_rmse":24.177569180650657,"_timestamp":1.7288158924396749e+09,"early_stop_epoch":27,"val_mse":584.5548514851484,"_step":1,"train_rmse":23.1654129238441,"train_mse":536.6363559322034,"val_r2":-5.84777302832906,"_runtime":0.425975,"_wandb":{"runtime":0},"train_r2":-5.4556323117704615}