{"val_rmse":3.660586872164004,"_step":0,"_wandb":{"runtime":0},"train_r2":0.8998003136836527,"train_mse":8.329283938974495,"_timestamp":1.728810815785509e+09,"train_rmse":2.8860498850460807,"val_r2":0.8430267957218225,"_runtime":0.418277,"val_mse":13.399896248659445}