{"val_accuracy":0.4649122807017544,"early_stop_epoch":16,"train_accuracy":0.40875,"_wandb":{"runtime":2},"_runtime":2.259036,"_timestamp":1.728785749175801e+09,"train_loss":0.34100290159754004,"val_loss":0.31811306806452827,"_step":2}