{"train_r2":-5.552725105173689,"train_mse":544.7073736610457,"_timestamp":1.728815321766224e+09,"val_mse":593.0088815739359,"_wandb":{"runtime":0},"val_rmse":24.351773684352768,"val_r2":-5.946807839306336,"_step":0,"train_rmse":23.338966850763676,"_runtime":0.596661}