{"_step":1,"train_loss":0.3166397576799998,"val_loss":0.3031296901343001,"val_accuracy":0.11842105263157894,"train_accuracy":0.1225,"_wandb":{"runtime":0},"_timestamp":1.728784223884485e+09,"_runtime":0.451243}