{"_wandb":{"runtime":0},"val_loss":0.2782669798778448,"_timestamp":1.728771478062238e+09,"_runtime":0.551736,"_step":1,"train_loss":0.2913351442810189,"train_accuracy":0.44875,"val_accuracy":0.44298245614035087}