{"val_loss":0.26179476376913563,"_timestamp":1.728785736380511e+09,"_runtime":1.208291,"_step":1,"train_accuracy":0.53375,"val_accuracy":0.5131578947368421,"_wandb":{"runtime":1},"train_loss":0.2769310800428714}