{"_step":1,"train_accuracy":0.00625,"val_accuracy":0.0043859649122807015,"_wandb":{"runtime":0},"train_loss":0.3923741421990728,"val_loss":0.38722822419921005,"_timestamp":1.7287769004174778e+09,"_runtime":0.445607}