{"val_rmse":9.294629487848253,"train_mse":83.0688295997113,"_step":0,"train_r2":0.0006979315941090247,"_timestamp":1.728812331834101e+09,"train_rmse":9.114210311360567,"val_r2":-0.012018035135183736,"_runtime":0.540904,"_wandb":{"runtime":0},"val_mse":86.39013731637829}