{"val_accuracy":0.0043859649122807015,"train_accuracy":0.00625,"_wandb":{"runtime":0},"train_loss":0.3384270381340078,"val_loss":0.3258489343808224,"_timestamp":1.72877355280268e+09,"_runtime":0.450638,"_step":1}