{"val_accuracy":0.0043859649122807015,"_wandb":{"runtime":0},"train_loss":0.3889812621948192,"val_loss":0.383646407330228,"_timestamp":1.728782374816489e+09,"_runtime":0.476751,"_step":1,"train_accuracy":0.00625}