{"_runtime":0.44373,"_step":1,"train_loss":0.3391260472238983,"val_loss":0.32612689179081744,"_timestamp":1.728773691525604e+09,"train_accuracy":0.00625,"val_accuracy":0.0043859649122807015,"_wandb":{"runtime":0}}