{"train_r2":-5.4556323117704615,"_runtime":0.410102,"_timestamp":1.7288146203422232e+09,"train_rmse":23.1654129238441,"train_mse":536.6363559322034,"val_r2":-5.84777302832906,"_wandb":{"runtime":0},"early_stop_epoch":31,"val_mse":584.5548514851484,"val_rmse":24.177569180650657,"_step":1}