{"_timestamp":1.7287731266881201e+09,"val_accuracy":0.0043859649122807015,"train_accuracy":0.00625,"_wandb":{"runtime":0},"_runtime":0.471467,"_step":1,"train_loss":0.41222690294058273,"val_loss":0.4097862858869527}