{"_wandb":{"runtime":0},"train_loss":0.3325519831720114,"val_loss":0.3170335456070921,"_timestamp":1.728778497166639e+09,"_runtime":0.521141,"_step":1,"train_accuracy":0.00625,"val_accuracy":0.0043859649122807015}