{"_step":1,"train_loss":0.338609542920714,"val_loss":0.3326942482649013,"_timestamp":1.728782562610788e+09,"train_accuracy":0.04,"val_accuracy":0.043859649122807015,"_wandb":{"runtime":0},"_runtime":0.755944}