{"val_accuracy":0.0043859649122807015,"train_accuracy":0.00625,"_wandb":{"runtime":0},"_runtime":0.843424,"_step":1,"train_loss":0.3307550881504991,"val_loss":0.31541216618399254,"_timestamp":1.7287786475479848e+09}