{"_runtime":0.41034,"val_rmse":24.177569207443106,"train_r2":-5.455636303207623,"_timestamp":1.7288163355593941e+09,"_wandb":{"runtime":0},"_step":0,"train_rmse":23.165420085286335,"train_mse":536.6366877277875,"val_r2":-5.847773043505822,"val_mse":584.554852780701}