{"val_rmse":24.177570220378833,"train_r2":-5.455632890597754,"_timestamp":1.728812651006491e+09,"_wandb":{"runtime":0},"_runtime":0.394715,"val_mse":584.5549017613494,"train_mse":536.6364040482908,"train_rmse":23.16541396237699,"_step":0,"val_r2":-5.8477736172900645}