{"_step":2,"val_accuracy":0.4692982456140351,"_wandb":{"runtime":2},"early_stop_epoch":65,"train_loss":0.339656168854243,"val_loss":0.31728342110449076,"_runtime":2.753667,"train_accuracy":0.41125,"_timestamp":1.728773402279246e+09}