{"val_accuracy":0.0043859649122807015,"_wandb":{"runtime":0},"_step":1,"train_loss":0.3912418928197694,"val_loss":0.3868165627335908,"_timestamp":1.7287834240677052e+09,"_runtime":0.762517,"train_accuracy":0.00625}