{"val_accuracy":0.5307017543859649,"_wandb":{"runtime":0},"train_loss":0.2718542264014629,"val_loss":0.2643783958818763,"_timestamp":1.7287834086114502e+09,"_runtime":0.85912,"_step":1,"train_accuracy":0.54125}