{"_runtime":0.465411,"_step":1,"train_accuracy":0.42,"val_accuracy":0.42543859649122806,"_wandb":{"runtime":0},"train_loss":0.28493453942408337,"val_loss":0.2727654486657622,"_timestamp":1.728780236376179e+09}