{"_step":2,"early_stop_epoch":50,"val_accuracy":0.5921052631578947,"_runtime":0.615043,"_wandb":{"runtime":0},"val_loss":0.2512300608194748,"_timestamp":1.7287743089694028e+09,"train_loss":0.24326671159177038,"train_accuracy":0.5425}