{"_wandb":{"runtime":0},"train_loss":0.28305481505059316,"val_loss":0.2676010074798857,"_timestamp":1.728775759944607e+09,"_runtime":0.514156,"_step":1,"train_accuracy":0.495,"val_accuracy":0.4824561403508772}