{"_timestamp":1.728813447333647e+09,"_wandb":{"runtime":0},"val_mse":584.5672283951866,"train_mse":536.6480650135908,"val_r2":-5.847918017752238,"_runtime":0.399737,"train_rmse":23.16566565012952,"train_r2":-5.45577316977106,"val_rmse":24.177825137823845,"_step":0}