{"val_accuracy":0.0043859649122807015,"train_accuracy":0.00625,"_wandb":{"runtime":0},"train_loss":0.43151657037001884,"val_loss":0.43013220245632156,"_timestamp":1.728772086696694e+09,"_runtime":0.477132,"_step":1}