{"train_accuracy":0.34375,"val_accuracy":0.3684210526315789,"_wandb":{"runtime":3},"train_loss":0.3003678885293887,"val_loss":0.284032359138066,"_timestamp":1.728776718449739e+09,"_runtime":3.417153,"_step":1}