{"train_accuracy":0.00625,"val_accuracy":0.0043859649122807015,"_wandb":{"runtime":0},"train_loss":0.33444944481009614,"val_loss":0.319664360970876,"_timestamp":1.728777812797172e+09,"_runtime":0.464963,"_step":1}