{"_timestamp":1.728782943363457e+09,"train_accuracy":0.00625,"val_accuracy":0.0043859649122807015,"_wandb":{"runtime":0},"_runtime":0.482564,"_step":1,"train_loss":0.3341897521072717,"val_loss":0.3192867354348685}