{"_step":1,"train_loss":0.3902255326428916,"val_loss":0.3856749933132948,"train_accuracy":0.00625,"val_accuracy":0.0043859649122807015,"_wandb":{"runtime":0},"_timestamp":1.728774733120249e+09,"_runtime":0.562655}