{"train_mse":332.8814859866316,"val_mse":360.99300908806674,"val_rmse":18.999816027742657,"val_r2":-3.2288558289579363,"_step":0,"_runtime":0.400927,"train_r2":-3.0045003533024826,"train_rmse":18.245040037956386,"_wandb":{"runtime":0},"_timestamp":1.728810668614391e+09}