{"train_mse":538.4995805020674,"val_mse":586.2752559402625,"val_rmse":24.213121565388104,"_step":0,"_wandb":{"runtime":0},"train_r2":-5.478046545551556,"_runtime":0.397006,"train_rmse":23.205593733021946,"val_r2":-5.867926721683269,"_timestamp":1.728815409233967e+09}