{"_wandb":{"runtime":0},"val_mse":166.99119154115567,"val_rmse":12.922507169321117,"_timestamp":1.72881210511501e+09,"val_r2":-0.9562198046920332,"_runtime":0.769828,"_step":0,"train_mse":146.61782217772324,"train_rmse":12.108584647997603,"train_r2":-0.7637842458282951}