{"_wandb":{"runtime":0},"train_loss":0.34196877954419136,"val_loss":0.3304105066982119,"_timestamp":1.728780558819118e+09,"_runtime":0.447746,"_step":1,"train_accuracy":0.00625,"val_accuracy":0.0043859649122807015}