{"_step":1,"train_accuracy":0.5175,"val_accuracy":0.5263157894736842,"_wandb":{"runtime":0},"train_loss":0.2725750660485743,"val_loss":0.2604900379000429,"_timestamp":1.728781307814912e+09,"_runtime":0.584416}