{"_step":1,"train_loss":0.3982865070478876,"train_accuracy":0.00625,"val_accuracy":0.0043859649122807015,"_wandb":{"runtime":0},"val_loss":0.39510965849771595,"_timestamp":1.728776356733977e+09,"_runtime":0.626949}