{"_step":1,"train_accuracy":0.00625,"val_accuracy":0.0043859649122807015,"_wandb":{"runtime":0},"train_loss":0.38757204152251223,"val_loss":0.3829795350856069,"_timestamp":1.728782975797125e+09,"_runtime":0.556414}