{"val_loss":0.41861988065559236,"_timestamp":1.728768908166495e+09,"_runtime":0.467856,"train_accuracy":0.00625,"val_accuracy":0.0043859649122807015,"_wandb":{"runtime":0},"_step":1,"train_loss":0.4176277045050528}