{"train_mse":9.943553526208566,"train_rmse":3.153340058764447,"_wandb":{"runtime":0},"_runtime":0.417379,"_timestamp":1.728809924299197e+09,"_step":0,"val_rmse":3.702252397888426,"val_r2":0.8394330588643477,"train_r2":0.8803809605368577,"val_mse":13.706672817670599}