{"val_accuracy":0.0043859649122807015,"_wandb":{"runtime":1},"train_loss":0.33907580967775575,"val_loss":0.32645875587879575,"_timestamp":1.728785290889886e+09,"_runtime":1.776989,"_step":1,"train_accuracy":0.00625}