{"train_mse":536.6364074491842,"_step":0,"train_rmse":23.165414035781534,"train_r2":-5.4556329315098475,"_wandb":{"runtime":0},"_runtime":0.462934,"_timestamp":1.728814110682514e+09,"val_r2":-5.847773661531569,"val_rmse":24.17757029848101,"val_mse":584.5549055379912}