{"val_mse":86.29785022486934,"val_rmse":9.289663622805152,"train_mse":82.11176503291676,"_timestamp":1.7288105284961548e+09,"val_r2":-0.010936937177494332,"_step":0,"train_r2":0.01221123454786932,"_wandb":{"runtime":0},"train_rmse":9.061554228327322,"_runtime":0.468534}