{"val_mse":597.2680825793002,"val_rmse":24.439068774797867,"train_mse":548.7702523334751,"val_r2":-5.996702287522213,"_runtime":0.385784,"_wandb":{"runtime":0},"_step":0,"train_r2":-5.601600755409829,"_timestamp":1.728815338397373e+09,"train_rmse":23.425845818955505}