{"train_mse":5.700802903138157,"_wandb":{"runtime":1},"train_r2":0.931420435798459,"val_r2":0.8685503469861784,"_step":1,"val_mse":11.221098023749569,"train_rmse":2.3876354209003847,"val_rmse":3.34979074327779,"_timestamp":1.728812050762939e+09,"_runtime":1.60996,"early_stop_epoch":107}