{"_timestamp":1.7288176969996748e+09,"_wandb":{"runtime":0},"_step":1,"_runtime":0.41698,"val_rmse":24.177569180650657,"train_rmse":23.1654129238441,"train_r2":-5.4556323117704615,"train_mse":536.6363559322034,"val_mse":584.5548514851484,"early_stop_epoch":191,"val_r2":-5.84777302832906}