{"_runtime":0.556728,"_step":1,"train_accuracy":0.545,"val_accuracy":0.5350877192982456,"_wandb":{"runtime":0},"train_loss":0.2672006062961329,"val_loss":0.25575338424204425,"_timestamp":1.728784910923258e+09}