{"val_r2":0.835897751695656,"_runtime":1.129558,"train_mse":9.4214766872469,"val_mse":14.008461581462786,"_step":1,"early_stop_epoch":40,"_wandb":{"runtime":1},"_timestamp":1.728811053403161e+09,"train_rmse":3.0694424065694568,"val_rmse":3.7427879423583144,"train_r2":0.8866614446553316}