{"_wandb":{"runtime":2},"_timestamp":1.7288103732484648e+09,"train_rmse":2.5014181135435276,"train_r2":0.9247283778247983,"val_rmse":3.0499073669606744,"_step":0,"train_mse":6.257092578763661,"val_mse":9.301934947040994,"_runtime":2.442143,"val_r2":0.8910323999881521}