{"val_rmse":3.7200470466338884,"val_r2":0.837885839190674,"_runtime":0.613188,"train_mse":8.302786168667808,"train_r2":0.9001190767720845,"_step":0,"_wandb":{"runtime":0},"train_rmse":2.8814555642362087,"_timestamp":1.728811478841784e+09,"val_mse":13.838750029169514}