{"val_loss":0.2561064753268718,"_timestamp":1.728783760966789e+09,"_runtime":0.534608,"_step":1,"train_accuracy":0.5275,"val_accuracy":0.5219298245614035,"_wandb":{"runtime":0},"train_loss":0.26605893885623166}