{"_timestamp":1.728776078727166e+09,"_runtime":0.571003,"_step":1,"train_accuracy":0.00625,"val_accuracy":0.0043859649122807015,"_wandb":{"runtime":0},"train_loss":0.33205802601776857,"val_loss":0.31647831133645316}