{"val_loss":0.26680986804672074,"_timestamp":1.728783997984139e+09,"_runtime":0.460041,"train_accuracy":0.465,"val_accuracy":0.4473684210526316,"_wandb":{"runtime":0},"_step":1,"train_loss":0.28016184892196294}