{"val_mse":584.5548514851484,"_runtime":0.947217,"train_r2":-5.4556323117704615,"train_rmse":23.1654129238441,"early_stop_epoch":16,"val_rmse":24.177569180650657,"_step":1,"_timestamp":1.728816130801611e+09,"train_mse":536.6363559322034,"val_r2":-5.84777302832906,"_wandb":{"runtime":0}}