{"val_accuracy":0.5833333333333334,"train_accuracy":0.58,"_runtime":0.482991,"val_loss":0.24989650253132822,"early_stop_epoch":46,"_step":2,"train_loss":0.22669587622734402,"_wandb":{"runtime":0},"_timestamp":1.7287732765867379e+09}