{"train_mse":536.6363559350945,"_timestamp":1.7288134781759691e+09,"val_rmse":24.177569180712712,"val_r2":-5.8477730283642115,"_runtime":0.4278,"train_r2":-5.45563231180524,"_step":0,"train_rmse":23.165412923906505,"val_mse":584.5548514881492,"_wandb":{"runtime":0}}