{"_runtime":0.485735,"_step":1,"train_accuracy":0.55,"val_accuracy":0.5219298245614035,"_wandb":{"runtime":0},"train_loss":0.26574947815259153,"val_loss":0.2607753092057137,"_timestamp":1.728780893682189e+09}