{"_runtime":1.226919,"_wandb":{"runtime":1},"train_loss":0.2998165388843262,"val_accuracy":0.31140350877192985,"early_stop_epoch":19,"_timestamp":1.728778551041043e+09,"train_accuracy":0.30875,"_step":2,"val_loss":0.28451156393048616}