{"train_accuracy":0.4825,"_timestamp":1.728786426377588e+09,"train_loss":0.26892084178925757,"val_loss":0.25626995486710047,"_step":2,"_runtime":3.355189,"early_stop_epoch":37,"val_accuracy":0.5,"_wandb":{"runtime":3}}