{"train_mse":10.823866056369512,"_wandb":{"runtime":0},"val_mse":15.854774693866268,"val_rmse":3.981805456556896,"_runtime":0.425103,"_step":0,"train_rmse":3.289964446064655,"train_r2":0.8697909698451324,"val_r2":0.8142691002511507,"_timestamp":1.7288102969493492e+09}