{"_runtime":0.910247,"val_r2":-5.847773089511665,"train_r2":-5.455632371302861,"train_mse":536.636360880944,"val_mse":584.5548567079543,"_step":0,"train_rmse":23.165413030657234,"_wandb":{"runtime":0},"_timestamp":1.728813505874867e+09,"val_rmse":24.17756928865998}