{"val_accuracy":0.5877192982456141,"val_loss":0.24913758525112656,"_runtime":0.458954,"train_loss":0.23556044884136867,"_timestamp":1.728773212399314e+09,"_step":2,"_wandb":{"runtime":0},"early_stop_epoch":58,"train_accuracy":0.58375}