{"train_loss":0.2745400720589387,"val_loss":0.262267581613499,"train_accuracy":0.4625,"val_accuracy":0.4956140350877193,"_wandb":{"runtime":2},"_timestamp":1.728775649378431e+09,"_runtime":2.241862,"_step":1}