{"_wandb":{"runtime":0},"train_r2":-5.456295629413802,"val_r2":-5.848450754613578,"_step":0,"_runtime":0.731502,"val_rmse":24.17876558192268,"train_rmse":23.166603018916916,"_timestamp":1.728813019810076e+09,"train_mse":536.6914954360903,"val_mse":584.6127050655688}