{"val_r2":-5.84777302832906,"_step":1,"train_rmse":23.1654129238441,"train_mse":536.6363559322034,"val_rmse":24.177569180650657,"_runtime":0.426984,"train_r2":-5.4556323117704615,"val_mse":584.5548514851484,"early_stop_epoch":29,"_timestamp":1.72881349954335e+09,"_wandb":{"runtime":0}}