{"train_r2":-4.99896362989325,"val_r2":-5.3807369209383396,"train_rmse":22.331030619617227,"val_rmse":23.338523414722992,"val_mse":544.6866751795734,"_runtime":0.506574,"_step":0,"train_mse":498.6749285342821,"_timestamp":1.728811511501431e+09,"_wandb":{"runtime":0}}