{"val_loss":0.39530868378283135,"_timestamp":1.7287766352369769e+09,"_runtime":0.449591,"train_accuracy":0.00625,"val_accuracy":0.0043859649122807015,"_wandb":{"runtime":0},"_step":1,"train_loss":0.39818523969619285}