{"_timestamp":1.728812567975847e+09,"train_r2":-5.4556323117704615,"val_mse":584.5548514851484,"_wandb":{"runtime":0},"val_rmse":24.177569180650657,"_step":1,"_runtime":0.41091,"train_rmse":23.1654129238441,"early_stop_epoch":33,"val_r2":-5.84777302832906,"train_mse":536.6363559322034}