{"_runtime":0.563865,"train_accuracy":0.53125,"val_accuracy":0.5394736842105263,"_wandb":{"runtime":0},"_step":1,"train_loss":0.27617831235215057,"val_loss":0.2641402546438895,"_timestamp":1.728774770765899e+09}