{"early_stop_epoch":134,"_step":2,"val_loss":0.2516524953817331,"val_accuracy":0.5789473684210527,"_timestamp":1.7287740910949051e+09,"train_accuracy":0.5575,"_wandb":{"runtime":0},"train_loss":0.2536772949924196,"_runtime":0.680884}