{"_step":1,"train_rmse":23.1654129238441,"val_mse":584.5548514851484,"train_r2":-5.4556323117704615,"train_mse":536.6363559322034,"val_rmse":24.177569180650657,"val_r2":-5.84777302832906,"_wandb":{"runtime":0},"_timestamp":1.7288156259794629e+09,"_runtime":0.439884,"early_stop_epoch":29}