{"degree": 5, "coefficients": [0.13435703663763585, 0.15089262944184634, 0.470059325652376, 0.07988954605524448, 1.2129147917907932, -0.03473881118609885], "reg_type": "l2", "regularization": 0.1}