{"degree": 11, "coefficients": [0.30860736162254016, 0.0754716640665913, 1.0170723879044998, 2.751397359346139, 2.473748487503822, -0.7021038172373697, -1.6421028746235753, -0.7342623739731379, 2.552284724616086, 3.4360892326187664, -0.3544757912753818, -0.04087872065777637], "reg_type": "l2", "regularization": 0.0}