{"degree": 8, "coefficients": [0.2123042426981231, -0.5674669101246377, -0.6341143321877989, 0.10613526192555724, 3.031906415849109, 1.7069446521634009, -0.00024940373683697504, -0.0006827468221946646, 0.1614703949548893], "reg_type": "l1", "regularization": 0.1}