{"val_accuracy":0.4956140350877193,"_wandb":{"runtime":0},"train_loss":0.281456612790278,"val_loss":0.2674936863765324,"_timestamp":1.728782100976379e+09,"_runtime":0.646401,"_step":1,"train_accuracy":0.5125}