{"val_rmse":24.177569187766277,"_runtime":0.685713,"val_r2":-5.847773032359751,"train_mse":536.636356260074,"_wandb":{"runtime":0},"_step":0,"train_rmse":23.16541293092083,"train_r2":-5.4556323157146815,"val_mse":584.5548518292253,"_timestamp":1.728814847731446e+09}