{"train_accuracy":0.00625,"val_accuracy":0.0043859649122807015,"_wandb":{"runtime":0},"train_loss":0.33420181546604205,"val_loss":0.31915371068781273,"_timestamp":1.72877620741536e+09,"_runtime":0.486359,"_step":1}