{"val_accuracy":0.0043859649122807015,"_wandb":{"runtime":0},"_runtime":0.954274,"_step":1,"train_loss":0.4155177320193109,"val_loss":0.41322468821860386,"_timestamp":1.728785677413362e+09,"train_accuracy":0.00625}