{"_runtime":1.110667,"_step":1,"_timestamp":1.728815076036562e+09,"train_rmse":23.1654129238441,"early_stop_epoch":16,"val_rmse":24.177569180650657,"train_r2":-5.4556323117704615,"_wandb":{"runtime":1},"val_r2":-5.84777302832906,"train_mse":536.6363559322034,"val_mse":584.5548514851484}