{"val_mse":11.011647509579126,"train_rmse":2.681644868828243,"val_r2":0.8710039569050115,"_timestamp":1.728809576636294e+09,"train_r2":0.9134910139211083,"_step":0,"train_mse":7.191219202512846,"_runtime":0.970394,"_wandb":{"runtime":0},"val_rmse":3.318380253915926}