{"train_accuracy":0.55,"val_accuracy":0.5394736842105263,"_wandb":{"runtime":0},"_runtime":0.927924,"_step":1,"train_loss":0.26319789530329324,"val_loss":0.25518093539139525,"_timestamp":1.728774423360401e+09}