{"val_r2":-5.38525027617693,"_timestamp":1.728810587480227e+09,"_runtime":0.395759,"_wandb":{"runtime":0},"val_mse":545.0719542608572,"train_mse":499.0717908044368,"train_r2":-5.003737806793886,"val_rmse":23.346776099942733,"train_rmse":22.339914744788906,"_step":0}