{"val_rmse":22.238351776697858,"train_r2":-4.42596137608667,"_wandb":{"runtime":0},"train_mse":451.04305816535583,"val_r2":-4.793343498938107,"_step":0,"_runtime":0.416178,"train_rmse":21.23777432230967,"val_mse":494.5442897441607,"_timestamp":1.728809096925969e+09}