{"val_accuracy":0.49122807017543857,"_wandb":{"runtime":3},"_step":2,"val_loss":0.25622957978357785,"train_loss":0.26872535826654576,"train_accuracy":0.48375,"early_stop_epoch":44,"_timestamp":1.728786011613468e+09,"_runtime":3.996233}