{"_step":2,"early_stop_epoch":58,"_wandb":{"runtime":1},"val_loss":0.2553926740160049,"_timestamp":1.7287858281727018e+09,"train_loss":0.2672230789525838,"val_accuracy":0.5087719298245614,"_runtime":1.008725,"train_accuracy":0.52}