{"_wandb":{"runtime":0},"_runtime":0.415825,"val_mse":15.493394811781751,"_timestamp":1.72880965115242e+09,"train_r2":0.868768173284799,"train_mse":10.908887908992147,"val_rmse":3.936164987876112,"_step":0,"train_rmse":3.3028605645700737,"val_r2":0.8185024881072808}