{"_wandb":{"runtime":0},"early_stop_epoch":38,"train_r2":-5.4556323117704615,"_step":1,"_timestamp":1.7288162222922409e+09,"train_mse":536.6363559322034,"val_rmse":24.177569180650657,"val_mse":584.5548514851484,"val_r2":-5.84777302832906,"_runtime":0.428871,"train_rmse":23.1654129238441}