{"_step":0,"_wandb":{"runtime":0},"_runtime":0.4094,"train_r2":-5.4560590840548695,"val_mse":584.5887790510639,"val_r2":-5.84817047310298,"train_rmse":23.166178626747215,"val_rmse":24.17827080357617,"train_mse":536.6718321663594,"_timestamp":1.7288162767261791e+09}