{"_step":1,"train_accuracy":0.00625,"val_accuracy":0.0043859649122807015,"_wandb":{"runtime":0},"train_loss":0.4180356575561629,"val_loss":0.41575241406838953,"_timestamp":1.728773728775939e+09,"_runtime":0.438752}