{"_step":1,"train_accuracy":0.00625,"val_accuracy":0.0043859649122807015,"_wandb":{"runtime":0},"train_loss":0.33373298227093207,"val_loss":0.31832745711049515,"_timestamp":1.728776480724216e+09,"_runtime":0.498971}