{"train_accuracy":0.49625,"val_accuracy":0.5263157894736842,"_wandb":{"runtime":2},"train_loss":0.27212633460027547,"val_loss":0.2581444531626224,"_timestamp":1.728776069535122e+09,"_runtime":2.718241,"_step":1}