{"_runtime":0.425553,"train_mse":44.48830629444694,"val_r2":0.4377645773039591,"_step":0,"val_mse":47.99479227102395,"train_rmse":6.669955494187869,"_wandb":{"runtime":0},"val_rmse":6.927827384615176,"train_r2":0.46481421835188397,"_timestamp":1.728811828596204e+09}