{"_timestamp":1.728815712667722e+09,"_step":0,"train_mse":545.7684019678684,"train_rmse":23.36168662506773,"_runtime":0.423232,"val_mse":592.6394321069059,"_wandb":{"runtime":0},"train_r2":-5.565489071955867,"val_rmse":24.344186823693782,"val_r2":-5.942479920225293}