{"val_rmse":20.328653353306635,"_timestamp":1.7288100108766851e+09,"_step":0,"_wandb":{"runtime":1},"train_rmse":19.640464093588136,"val_r2":-3.8410693976282504,"train_mse":385.74782981152487,"train_r2":-3.6404723176102163,"_runtime":1.065555,"val_mse":413.25414715890514}