{"_timestamp":1.7287733787628741e+09,"train_accuracy":0.00625,"val_accuracy":0.0043859649122807015,"_wandb":{"runtime":0},"_runtime":0.536843,"_step":1,"train_loss":0.3338565179024663,"val_loss":0.31861762944569033}