{"train_rmse":23.34565131349238,"train_mse":545.0194352511684,"val_rmse":24.358301348938003,"_timestamp":1.728816011907399e+09,"_runtime":0.40059,"_step":0,"val_mse":593.3268446056749,"val_r2":-5.950532620081341,"_wandb":{"runtime":0},"train_r2":-5.556479146177786}