{"val_accuracy":0.16666666666666666,"train_accuracy":0.14,"_wandb":{"runtime":0},"train_loss":0.31132673841470393,"val_loss":0.2997825903114108,"_timestamp":1.728783819615941e+09,"_runtime":0.464609,"_step":1}