{"val_accuracy":0.4692982456140351,"_wandb":{"runtime":0},"val_loss":0.26350624325963545,"_timestamp":1.728784998534061e+09,"_runtime":0.433945,"_step":1,"train_loss":0.2797326227332492,"train_accuracy":0.4875}