{"_wandb":{"runtime":0},"_timestamp":1.728772230584296e+09,"_runtime":0.442284,"_step":1,"train_loss":0.4318411144016259,"val_loss":0.4305209462229186,"train_accuracy":0.00625,"val_accuracy":0.0043859649122807015}