{"train_accuracy":0.00625,"val_accuracy":0.0043859649122807015,"_wandb":{"runtime":0},"train_loss":0.3371897849902008,"val_loss":0.32479160752609304,"_timestamp":1.728771849264391e+09,"_runtime":0.42034,"_step":1}