{"val_rmse":24.220683657195615,"val_r2":-5.872217288052755,"_runtime":0.469015,"train_mse":538.6253571637997,"_step":0,"train_r2":-5.479559614639346,"_wandb":{"runtime":0},"_timestamp":1.728813333900673e+09,"val_mse":586.6415168219427,"train_rmse":23.208303625293247}