{"_step":2,"_wandb":{"runtime":0},"early_stop_epoch":92,"train_loss":0.26069939037639356,"val_loss":0.2557074152193762,"_timestamp":1.7287823318424041e+09,"_runtime":0.495305,"train_accuracy":0.5675,"val_accuracy":0.5833333333333334}