{"_step":2,"_runtime":0.494811,"early_stop_epoch":42,"val_accuracy":0.0043859649122807015,"val_loss":0.3162973384424425,"_timestamp":1.7287790839457622e+09,"_wandb":{"runtime":0},"train_loss":0.3335815075434419,"train_accuracy":0.00625}