{"_wandb":{"runtime":0},"train_rmse":2.8793496483686765,"train_mse":8.29065439756082,"val_rmse":3.5945132328939913,"train_r2":0.9002650196488416,"_runtime":0.458091,"_step":0,"val_mse":12.920525381450014,"_timestamp":1.728810788929616e+09,"val_r2":0.8486423900269651}