{"val_loss":0.2618784967345891,"_timestamp":1.7287840193765152e+09,"_runtime":0.444781,"_step":1,"train_accuracy":0.51125,"val_accuracy":0.5131578947368421,"_wandb":{"runtime":0},"train_loss":0.2774431420784927}