{"val_loss":0.30112987112863165,"_runtime":1.257687,"_step":2,"_timestamp":1.728773271518264e+09,"early_stop_epoch":23,"val_accuracy":0.43859649122807015,"train_accuracy":0.4075,"train_loss":0.2782933719906071,"_wandb":{"runtime":1}}