{"val_accuracy":0.0043859649122807015,"_wandb":{"runtime":0},"train_loss":0.3361106523972426,"val_loss":0.32233729469267575,"_timestamp":1.7287768080169501e+09,"_runtime":0.470352,"_step":1,"train_accuracy":0.00625}