{"val_accuracy":0.5219298245614035,"_wandb":{"runtime":0},"_runtime":0.445932,"_step":1,"train_loss":0.2660944954927925,"val_loss":0.25506128238844494,"_timestamp":1.728783706424234e+09,"train_accuracy":0.52625}