{"val_loss":0.31759768914382597,"_timestamp":1.728785645346786e+09,"train_accuracy":0.00625,"val_accuracy":0.0043859649122807015,"_wandb":{"runtime":0},"_runtime":0.76911,"_step":1,"train_loss":0.33225625249649454}