{"_runtime":0.459218,"_step":1,"train_accuracy":0.5375,"val_accuracy":0.5526315789473685,"_wandb":{"runtime":0},"train_loss":0.27169774812020514,"val_loss":0.2585128096819491,"_timestamp":1.728783548427619e+09}