{"_runtime":0.5025,"early_stop_epoch":26,"_timestamp":1.7288151938634849e+09,"train_rmse":23.1654129238441,"train_mse":536.6363559322034,"val_mse":584.5548514851484,"_step":1,"val_rmse":24.177569180650657,"val_r2":-5.84777302832906,"_wandb":{"runtime":0},"train_r2":-5.4556323117704615}