{"_step":0,"val_r2":0.8818456029695786,"val_mse":10.086158773473338,"train_rmse":2.5870884724336336,"train_r2":0.9194841732863023,"_timestamp":1.728809909549866e+09,"_runtime":0.958646,"val_rmse":3.1758713408249615,"_wandb":{"runtime":0},"train_mse":6.693026764198991}