{"val_mse":21.628773126954506,"_timestamp":1.728812185214116e+09,"val_rmse":4.650674480863448,"_runtime":0.448293,"train_r2":0.7555085204353218,"train_mse":20.3238056806366,"train_rmse":4.508193172506764,"val_r2":0.7466295440396831,"_step":0,"_wandb":{"runtime":0}}