{"val_loss":0.27647402271642013,"_timestamp":1.728775445207099e+09,"train_accuracy":0.535,"val_accuracy":0.5131578947368421,"_wandb":{"runtime":0},"_runtime":0.845231,"_step":1,"train_loss":0.28292574753315536}