{"_timestamp":1.7287865879008372e+09,"train_accuracy":0.5225,"_wandb":{"runtime":1},"_step":2,"_runtime":1.066833,"early_stop_epoch":52,"val_accuracy":0.5087719298245614,"val_loss":0.2548652236817817,"train_loss":0.2669219705889451}