{"_step":0,"val_rmse":23.215187820104155,"_timestamp":1.7288108577636049e+09,"val_r2":-5.313475377594174,"train_mse":493.2807136076032,"val_mse":538.9449455227124,"train_r2":-4.934072260174532,"_wandb":{"runtime":0},"_runtime":0.39584,"train_rmse":22.209923764110567}