{"_wandb":{"runtime":0},"val_accuracy":0.5877192982456141,"val_loss":0.25102337466489194,"train_loss":0.2321573374947711,"_runtime":0.477976,"early_stop_epoch":40,"_step":2,"train_accuracy":0.56375,"_timestamp":1.72877163400638e+09}