{"val_accuracy":0.5921052631578947,"_timestamp":1.728771586215196e+09,"_runtime":1.264284,"early_stop_epoch":26,"train_accuracy":0.5575,"val_loss":0.2625538852211489,"_wandb":{"runtime":1},"_step":2,"train_loss":0.21234609013787387}