{"val_accuracy":0.0043859649122807015,"_wandb":{"runtime":0},"train_loss":0.33776049773305183,"val_loss":0.32462721925876825,"_timestamp":1.7287720051037881e+09,"_runtime":0.451148,"_step":1,"train_accuracy":0.00625}