{"_step":0,"train_rmse":2.9285031501516663,"train_mse":8.576130700448234,"val_rmse":3.4997473307544755,"val_mse":12.248231379123075,"val_r2":0.8565179841214207,"_runtime":0.458208,"_timestamp":1.7288088937003782e+09,"_wandb":{"runtime":0},"train_r2":0.8968307945450219}