{"_runtime":0.408765,"_step":1,"train_accuracy":0.00625,"val_accuracy":0.0043859649122807015,"_wandb":{"runtime":0},"train_loss":0.3554797299145831,"val_loss":0.34733181640192984,"_timestamp":1.7287721937702231e+09}