{"val_loss":0.3891942819147332,"train_accuracy":0.00625,"val_accuracy":0.0043859649122807015,"_wandb":{"runtime":0},"_timestamp":1.7287750929421172e+09,"_runtime":0.558839,"_step":1,"train_loss":0.393574327838245}