{"_step":1,"train_accuracy":0.00625,"val_accuracy":0.0043859649122807015,"_wandb":{"runtime":0},"train_loss":0.35279821508290854,"val_loss":0.3445556303569821,"_timestamp":1.72877704479374e+09,"_runtime":0.727777}