{"_timestamp":1.728776816985674e+09,"_runtime":3.350295,"train_accuracy":0.00625,"val_accuracy":0.0043859649122807015,"_wandb":{"runtime":3},"_step":1,"train_loss":0.3346278163896038,"val_loss":0.31591292007161903}