{"_timestamp":1.728765025159775e+09,"_runtime":4.905982,"_step":0,"_wandb":{"runtime":4},"train_accuracy":0.5382932166301969,"val_accuracy":0.3991228070175439}