{"train_r2":-5.455632327125841,"_timestamp":1.72881434359297e+09,"_runtime":0.398505,"val_rmse":24.17756920760682,"val_mse":584.5548527886175,"train_rmse":23.16541295139475,"train_mse":536.6363572086476,"_wandb":{"runtime":0},"val_r2":-5.8477730435985595,"_step":0}