{"train_rmse":23.1654129238441,"train_mse":536.6363559322034,"val_r2":-5.84777302832906,"_wandb":{"runtime":0},"_step":1,"val_mse":584.5548514851484,"train_r2":-5.4556323117704615,"_runtime":0.64105,"val_rmse":24.177569180650657,"early_stop_epoch":28,"_timestamp":1.7288136956155462e+09}