{"train_rmse":3.6303012346681687,"_wandb":{"runtime":0},"train_r2":0.8414581135107001,"val_mse":17.09931946249313,"_step":0,"_runtime":0.479242,"_timestamp":1.7288104531815848e+09,"train_mse":13.179087054433229,"val_rmse":4.135132339175269,"val_r2":0.7996898694441551}