{"val_loss":0.3420837393108229,"_timestamp":1.728780769862187e+09,"_runtime":0.421755,"_step":1,"train_accuracy":0.00625,"val_accuracy":0.0043859649122807015,"_wandb":{"runtime":0},"train_loss":0.35120144284284793}