{"val_loss":0.26066375189397184,"_timestamp":1.728786506826724e+09,"_runtime":2.685367,"_step":1,"train_accuracy":0.53,"val_accuracy":0.5307017543859649,"_wandb":{"runtime":2},"train_loss":0.2764352527142932}