{"_wandb":{"runtime":0},"_timestamp":1.72878100626895e+09,"_runtime":0.480903,"_step":1,"train_loss":0.27936672756172054,"val_loss":0.2712309133390256,"train_accuracy":0.52875,"val_accuracy":0.5131578947368421}