{"_timestamp":1.728784090240257e+09,"_runtime":0.413109,"train_accuracy":0.00625,"val_accuracy":0.0043859649122807015,"_wandb":{"runtime":0},"_step":1,"train_loss":0.4329378788497488,"val_loss":0.43184328040145825}