{"early_stop_epoch":53,"train_r2":0.8837538779073562,"_wandb":{"runtime":2},"_runtime":2.309699,"val_mse":12.170454968179227,"train_mse":9.663173541855288,"val_r2":0.8574290965820365,"_step":1,"_timestamp":1.7288114649166179e+09,"val_rmse":3.488617916622459,"train_rmse":3.1085645468375414}