{"_step":1,"train_accuracy":0.57625,"val_accuracy":0.5877192982456141,"_wandb":{"runtime":0},"train_loss":0.25964771535317743,"val_loss":0.2545404994907065,"_timestamp":1.7287741947684429e+09,"_runtime":0.9643}