{"train_accuracy":0.46375,"_wandb":{"runtime":0},"train_loss":0.2831815387810954,"val_loss":0.2687365839564124,"_timestamp":1.728771811913768e+09,"_runtime":0.465209,"_step":1,"val_accuracy":0.44298245614035087}