{"_wandb":{"runtime":0},"_runtime":0.600981,"_step":1,"train_loss":0.3122997119612579,"val_loss":0.2941136913472563,"_timestamp":1.728774923170143e+09,"train_accuracy":0.22375,"val_accuracy":0.22807017543859648}