{"_timestamp":1.728810837392529e+09,"val_r2":0.8757285781695084,"train_mse":6.01509233544258,"val_mse":10.608333867294832,"train_rmse":2.4525685179914096,"_runtime":1.518686,"train_r2":0.9276395942807278,"_wandb":{"runtime":1},"val_rmse":3.2570437312530562,"_step":0}