{"early_stop_epoch":18,"val_accuracy":0.38596491228070173,"train_accuracy":0.34875,"_wandb":{"runtime":1},"_timestamp":1.728772587272723e+09,"train_loss":0.31539404349000627,"_step":2,"val_loss":0.29280527367179426,"_runtime":1.324695}