{"val_loss":0.25625749809909754,"_step":2,"train_accuracy":0.52875,"early_stop_epoch":28,"val_accuracy":0.5745614035087719,"train_loss":0.23861701947483147,"_timestamp":1.72877288663528e+09,"_wandb":{"runtime":1},"_runtime":1.47747}