{"_step":1,"_runtime":0.556215,"val_r2":-5.84777302832906,"_wandb":{"runtime":0},"_timestamp":1.7288175821622012e+09,"train_rmse":23.1654129238441,"train_r2":-5.4556323117704615,"val_rmse":24.177569180650657,"val_mse":584.5548514851484,"early_stop_epoch":16,"train_mse":536.6363559322034}