{"_step":1,"train_loss":0.428731251726393,"val_loss":0.42801750648372455,"val_accuracy":0.0043859649122807015,"train_accuracy":0.00625,"_wandb":{"runtime":0},"_timestamp":1.728771882037028e+09,"_runtime":0.440328}