{"train_r2":0.7746908106946303,"train_mse":18.729242383650128,"_step":0,"_runtime":0.418566,"val_r2":0.7496759884284356,"val_mse":21.368715756498762,"_wandb":{"runtime":0},"_timestamp":1.728812034434674e+09,"val_rmse":4.622630826325931,"train_rmse":4.327729472096209}