{"_step":1,"train_loss":0.33678903104535163,"train_accuracy":0.00625,"val_accuracy":0.0043859649122807015,"_wandb":{"runtime":0},"val_loss":0.32291092946825956,"_timestamp":1.728776738742857e+09,"_runtime":0.473184}