{"_runtime":0.490567,"_step":1,"train_accuracy":0.00625,"val_accuracy":0.0043859649122807015,"_wandb":{"runtime":0},"train_loss":0.33589619208985044,"val_loss":0.32213630997704784,"_timestamp":1.7287721559234931e+09}