{"_runtime":0.500242,"_step":1,"val_accuracy":0.0043859649122807015,"train_accuracy":0.00625,"_wandb":{"runtime":0},"train_loss":0.32964988579739907,"val_loss":0.3152247383856809,"_timestamp":1.728780866008778e+09}