{"val_rmse":24.177578278321285,"_runtime":0.859663,"_step":0,"val_mse":584.5552914043532,"train_rmse":23.165421913578303,"_timestamp":1.728813415709289e+09,"val_r2":-5.847778181766513,"_wandb":{"runtime":0},"train_r2":-5.455637322208225,"train_mse":536.6367724340939}