{"_timestamp":1.728810956748381e+09,"_step":1,"_wandb":{"runtime":1},"early_stop_epoch":70,"val_mse":10.674237858198786,"train_mse":6.2045401224978995,"_runtime":1.329397,"val_rmse":3.267145215352202,"train_rmse":2.4908914312948083,"train_r2":0.9253605737820454,"val_r2":0.8749565452794814}