{"val_mse":584.5549700636705,"_timestamp":1.728816972403114e+09,"val_r2":-5.847774417418215,"train_mse":536.6364730254694,"train_r2":-5.455633720379966,"_step":0,"train_rmse":23.16541545117353,"val_rmse":24.177571632892963,"_runtime":0.426122,"_wandb":{"runtime":0}}