{"_wandb":{"runtime":0},"train_loss":0.2823209230062034,"val_loss":0.2731328166387982,"_timestamp":1.728782347094154e+09,"_runtime":0.452944,"_step":1,"val_accuracy":0.49122807017543857,"train_accuracy":0.51}