{"_wandb":{"runtime":0},"val_loss":0.31851084938303936,"_timestamp":1.728785386920921e+09,"_runtime":0.427471,"_step":1,"train_loss":0.33105851084321425,"train_accuracy":0.00625,"val_accuracy":0.0043859649122807015}