{"val_rmse":24.282706805160643,"_wandb":{"runtime":2},"_step":0,"val_mse":589.6498497853951,"_runtime":2.030529,"train_rmse":23.290073848237046,"val_r2":-5.907458431420266,"train_mse":542.4275398563351,"train_r2":-5.525299142298718,"_timestamp":1.728815530817791e+09}