{"val_r2":0.8757989332331927,"early_stop_epoch":36,"val_rmse":3.256121628819371,"_runtime":1.057984,"train_mse":7.843904623266582,"_step":1,"train_r2":0.9056393336443966,"_wandb":{"runtime":1},"train_rmse":2.8006971673614736,"val_mse":10.602328061665315,"_timestamp":1.728811069570855e+09}