{"_timestamp":1.7287805156722639e+09,"train_accuracy":0.5025,"val_accuracy":0.4956140350877193,"_wandb":{"runtime":0},"_runtime":0.493955,"_step":1,"train_loss":0.2853796140013568,"val_loss":0.27244697218728503}