{"_runtime":1.061996,"val_mse":10.111768009037867,"_step":0,"train_rmse":2.5249390080238263,"train_r2":0.9233061608092075,"_timestamp":1.7288099895654132e+09,"val_r2":0.8815456033508442,"val_rmse":3.1799006287992504,"train_mse":6.375316994240343,"_wandb":{"runtime":1}}