{"train_loss":0.4295742161958672,"val_loss":0.4279426000309543,"_timestamp":1.7287800189382982e+09,"val_accuracy":0.0043859649122807015,"train_accuracy":0.00625,"_wandb":{"runtime":0},"_runtime":0.400363,"_step":1}