{"train_r2":0.7526148357655057,"_runtime":0.42457,"_step":0,"_wandb":{"runtime":0},"val_rmse":4.899563052054634,"val_r2":0.718784800912257,"_timestamp":1.72881185012883e+09,"train_rmse":4.53479311125275,"train_mse":20.564348561865394,"val_mse":24.005718101058925}