{"train_accuracy":0.00625,"val_accuracy":0.0043859649122807015,"_wandb":{"runtime":0},"val_loss":0.31738880896346783,"_timestamp":1.7287759439923682e+09,"_runtime":0.527054,"_step":1,"train_loss":0.33306357230536016}