{"_wandb":{"runtime":0},"train_r2":-5.4556323117704615,"train_mse":536.6363559322034,"_timestamp":1.728816907712119e+09,"val_r2":-5.84777302832906,"val_mse":584.5548514851484,"early_stop_epoch":21,"_step":1,"_runtime":0.421744,"train_rmse":23.1654129238441,"val_rmse":24.177569180650657}