{"train_rmse":2.7862799979738053,"val_rmse":3.747043654860391,"val_r2":0.8355243567611119,"_timestamp":1.728811220949174e+09,"_runtime":1.24267,"_wandb":{"runtime":1},"early_stop_epoch":36,"_step":1,"train_r2":0.9066083153824928,"train_mse":7.763356227108908,"val_mse":14.040336151429518}