{"_timestamp":1.728765047788239e+09,"_runtime":0.722883,"_step":0,"_wandb":{"runtime":0},"train_accuracy":0.006564551422319475,"val_accuracy":0}