{"_timestamp":1.728777764932603e+09,"_runtime":0.56619,"_step":1,"train_accuracy":0.00625,"val_accuracy":0.0043859649122807015,"_wandb":{"runtime":0},"train_loss":0.33328523947217703,"val_loss":0.31770697131200953}