{"_runtime":0.482653,"_step":1,"train_accuracy":0.5775,"val_accuracy":0.5745614035087719,"_wandb":{"runtime":0},"train_loss":0.25340301266533904,"val_loss":0.2522184782208382,"_timestamp":1.728772322796173e+09}