{"train_loss":0.37704017018137687,"val_loss":0.3708449121251084,"_timestamp":1.728786446270306e+09,"train_accuracy":0.00625,"val_accuracy":0.0043859649122807015,"_wandb":{"runtime":1},"_runtime":1.518267,"_step":1}