{"val_loss":0.27603273773263803,"train_accuracy":0.33625,"val_accuracy":0.35526315789473684,"_wandb":{"runtime":2},"_timestamp":1.728775967041069e+09,"_runtime":2.20323,"_step":1,"train_loss":0.2935807882481088}