{"train_loss":0.26952475063163234,"val_loss":0.25937134819220675,"_timestamp":1.728782960607357e+09,"_runtime":0.795006,"_step":1,"train_accuracy":0.53875,"val_accuracy":0.5350877192982456,"_wandb":{"runtime":0}}