{"_step":1,"train_loss":0.3247306793097672,"val_loss":0.30828413604226607,"_timestamp":1.728773643656607e+09,"train_accuracy":0.00625,"val_accuracy":0.0043859649122807015,"_wandb":{"runtime":0},"_runtime":0.547982}