{"_timestamp":1.728784559270029e+09,"_runtime":0.435893,"_step":1,"train_accuracy":0.00625,"val_accuracy":0.0043859649122807015,"_wandb":{"runtime":0},"train_loss":0.34846510105343226,"val_loss":0.3387833036780799}