{"_runtime":0.583275,"_step":1,"train_accuracy":0.00625,"val_accuracy":0.0043859649122807015,"_wandb":{"runtime":0},"train_loss":0.3328636386934309,"val_loss":0.3172036936928818,"_timestamp":1.728777253005661e+09}