{"train_mse":4.224125400954171,"early_stop_epoch":123,"val_mse":9.190096825355885,"train_rmse":2.055267720019504,"_runtime":1.8434840000000001,"val_rmse":3.031517248071646,"val_r2":0.8923425286634484,"_step":1,"_timestamp":1.7288116746688e+09,"_wandb":{"runtime":1},"train_r2":0.9491845825838621}