{"val_r2":-5.773643544275134,"train_r2":-5.383085373602253,"train_rmse":23.034881326859917,"val_rmse":24.04634785946227,"val_mse":578.2268453782657,"_runtime":0.457047,"_step":0,"train_mse":530.6057577425197,"_wandb":{"runtime":0},"_timestamp":1.72881051242887e+09}