{"_step":1,"train_loss":0.27117299855873556,"val_loss":0.2557627790052102,"train_accuracy":0.5325,"val_accuracy":0.5350877192982456,"_wandb":{"runtime":0},"_timestamp":1.728786290141587e+09,"_runtime":0.908629}