{"_wandb":{"runtime":2},"val_loss":0.25751302240700247,"val_accuracy":0.4868421052631579,"_timestamp":1.72878462642159e+09,"train_accuracy":0.46875,"train_loss":0.2721693396826591,"_step":2,"_runtime":2.079317,"early_stop_epoch":44}