{"val_loss":0.3294378693931087,"_timestamp":1.728773760824393e+09,"_runtime":0.435403,"_step":1,"train_accuracy":0.00625,"val_accuracy":0.0043859649122807015,"_wandb":{"runtime":0},"train_loss":0.3416155956590341}