{"train_r2":-5.455632311770463,"_wandb":{"runtime":0},"val_mse":584.5548514851486,"val_r2":-5.847773028329062,"train_mse":536.6363559322035,"train_rmse":23.165412923844105,"val_rmse":24.177569180650657,"_timestamp":1.7288138241426072e+09,"_runtime":0.458137,"_step":0}