{"_timestamp":1.72878005732341e+09,"train_accuracy":0.01625,"val_accuracy":0.008771929824561403,"_wandb":{"runtime":0},"_runtime":0.419524,"_step":1,"train_loss":0.3248250161950325,"val_loss":0.3137568588919274}