{"_wandb":{"runtime":0},"_step":0,"train_rmse":22.984295460126276,"val_rmse":23.995461426772835,"_runtime":0.406118,"_timestamp":1.7288101877038841e+09,"val_r2":-5.745005361989767,"train_r2":-5.35508094370393,"val_mse":575.782169083743,"train_mse":528.2778377983814}