{"train_rmse":3.326516946035451,"_step":1,"_wandb":{"runtime":1},"train_r2":0.866881573588525,"train_mse":11.065714992261025,"_timestamp":1.7288122616526499e+09,"_runtime":1.331205,"val_rmse":4.216080934977389,"val_r2":0.7917706389742638,"val_mse":17.77533845027981,"early_stop_epoch":43}