{"val_r2":-5.9030163750372955,"_step":0,"_timestamp":1.7288154261814249e+09,"train_mse":541.4652655552572,"_wandb":{"runtime":0},"train_rmse":23.269406214066944,"train_r2":-5.513723167241954,"_runtime":0.394435,"val_rmse":24.27489767384839,"val_mse":589.2706570758099}