{"_timestamp":1.728780429524117e+09,"_runtime":0.427452,"_step":1,"train_accuracy":0.00625,"val_accuracy":0.0043859649122807015,"_wandb":{"runtime":0},"train_loss":0.3433438849069728,"val_loss":0.3331475103212488}