{"_runtime":0.419926,"_step":1,"train_accuracy":0.00625,"val_accuracy":0.0043859649122807015,"_wandb":{"runtime":0},"train_loss":0.3993645340463443,"val_loss":0.3962767961787725,"_timestamp":1.728775604272682e+09}