{"val_loss":0.25566245924587727,"train_accuracy":0.54375,"val_accuracy":0.5570175438596491,"_wandb":{"runtime":0},"_timestamp":1.728782584827397e+09,"_runtime":0.765959,"_step":1,"train_loss":0.2669808294981886}