{"val_rmse":3.3843481238822517,"val_r2":0.8658242144133845,"_wandb":{"runtime":0},"val_mse":11.453812223625317,"train_r2":0.9149731882326343,"_timestamp":1.728812001375886e+09,"train_mse":7.06801072610328,"train_rmse":2.658573062020918,"_runtime":0.540243,"_step":0}