{"_wandb":{"runtime":1},"train_loss":0.418454704554779,"val_loss":0.41618942929627084,"_timestamp":1.728772705769129e+09,"_runtime":1.870717,"_step":1,"train_accuracy":0.00625,"val_accuracy":0.0043859649122807015}