{"train_mse":536.6363559322034,"_timestamp":1.7288147659237351e+09,"val_mse":584.5548514851484,"_wandb":{"runtime":1},"train_r2":-5.4556323117704615,"_runtime":1.162262,"val_rmse":24.177569180650657,"val_r2":-5.84777302832906,"early_stop_epoch":16,"_step":1,"train_rmse":23.1654129238441}