{"val_mse":549.7809949850364,"train_r2":-5.101898611647649,"_runtime":0.517453,"_step":0,"train_mse":507.2315889571368,"_timestamp":1.728809902854421e+09,"train_rmse":22.521802524601284,"_wandb":{"runtime":0},"val_rmse":23.447409131608474,"val_r2":-5.440414375796343}