{"train_mse":538.1211496631303,"val_mse":586.0788676136187,"_timestamp":1.728815865514142e+09,"train_rmse":23.19743842891129,"train_r2":-5.473494095229084,"_runtime":0.438312,"_step":0,"_wandb":{"runtime":0},"val_r2":-5.865626128876875,"val_rmse":24.20906581455837}