{"val_loss":0.2550700713921023,"_timestamp":1.7287732493052428e+09,"_runtime":0.591258,"_step":1,"train_accuracy":0.5475,"val_accuracy":0.5570175438596491,"_wandb":{"runtime":0},"train_loss":0.26405343776389495}