{"train_loss":0.3027279691116671,"train_accuracy":0.315,"val_accuracy":0.32894736842105265,"_wandb":{"runtime":0},"val_loss":0.2858225628049384,"_timestamp":1.7287729445150342e+09,"_runtime":0.584716,"_step":1}