{"_runtime":0.524497,"_step":1,"train_accuracy":0.00625,"val_accuracy":0.0043859649122807015,"_wandb":{"runtime":0},"train_loss":0.36585739184701266,"val_loss":0.3585167067291543,"_timestamp":1.72877818451305e+09}