{"early_stop_epoch":40,"_step":1,"_wandb":{"runtime":1},"val_mse":14.008461581462786,"val_r2":0.835897751695656,"train_mse":9.4214766872469,"train_rmse":3.0694424065694568,"val_rmse":3.7427879423583144,"_runtime":1.118402,"train_r2":0.8866614446553316,"_timestamp":1.7288120772606668e+09}