{"_step":1,"train_loss":0.2707055671060373,"train_accuracy":0.51,"val_accuracy":0.5043859649122807,"_wandb":{"runtime":0},"val_loss":0.2581018040644211,"_timestamp":1.728772901221015e+09,"_runtime":0.554256}