{"train_loss":0.3471101935037838,"val_loss":0.337040905241178,"_timestamp":1.728783554433218e+09,"_runtime":0.410063,"train_accuracy":0.00625,"val_accuracy":0.0043859649122807015,"_wandb":{"runtime":0},"_step":1}