{"_step":1,"val_rmse":24.177569180650657,"train_r2":-5.4556323117704615,"_runtime":0.419349,"early_stop_epoch":26,"val_r2":-5.84777302832906,"train_rmse":23.1654129238441,"val_mse":584.5548514851484,"_timestamp":1.7288138370665169e+09,"_wandb":{"runtime":0},"train_mse":536.6363559322034}