{"_runtime":0.457037,"_step":1,"train_loss":0.3747148604615335,"val_loss":0.36898370606038833,"_timestamp":1.728777770552421e+09,"train_accuracy":0.00625,"val_accuracy":0.0043859649122807015,"_wandb":{"runtime":0}}