{"train_accuracy":0.57875,"val_accuracy":0.5833333333333334,"_wandb":{"runtime":0},"train_loss":0.2493699987088748,"val_loss":0.2501067968532992,"_timestamp":1.7287746509737458e+09,"_runtime":0.824054,"_step":1}