{"_runtime":1.131028,"early_stop_epoch":35,"_wandb":{"runtime":1},"_timestamp":1.728810133868363e+09,"val_r2":0.8886730943766581,"train_mse":7.642196404686156,"train_r2":0.9080658447799597,"val_mse":9.503335246909208,"val_rmse":3.082748002498616,"_step":1,"train_rmse":2.7644522793287925}