{"train_accuracy":0.00625,"val_accuracy":0.0043859649122807015,"_wandb":{"runtime":2},"_step":1,"train_loss":0.33454682937288255,"val_loss":0.3200665969770386,"_timestamp":1.728778616203885e+09,"_runtime":2.437267}