{"train_accuracy":0.54625,"val_accuracy":0.5614035087719298,"_wandb":{"runtime":0},"val_loss":0.25478789287421255,"_timestamp":1.728781253847782e+09,"_runtime":0.669385,"_step":1,"train_loss":0.26565574991352275}