{"val_loss":0.2915438060872585,"early_stop_epoch":24,"val_accuracy":0.38596491228070173,"_runtime":1.192629,"_step":2,"_timestamp":1.728780408442265e+09,"train_loss":0.2897644754602142,"train_accuracy":0.38375,"_wandb":{"runtime":1}}