{"val_r2":-5.898954577651508,"_step":0,"_timestamp":1.728815995205067e+09,"_runtime":0.398528,"train_rmse":23.255506916111912,"train_mse":540.818601925329,"train_r2":-5.505943927952509,"_wandb":{"runtime":0},"val_mse":588.923924881593,"val_rmse":24.26775483808902}