{"train_rmse":23.16541292589431,"train_mse":536.6363560271911,"_runtime":0.439635,"val_rmse":24.177569180650767,"_wandb":{"runtime":0},"train_r2":-5.4556323129131465,"_timestamp":1.72881665568927e+09,"_step":0,"val_r2":-5.847773028329122,"val_mse":584.5548514851538}