{"_runtime":0.393704,"_timestamp":1.7288167803279629e+09,"train_r2":-5.470296817842859,"val_rmse":24.20397482335017,"val_r2":-5.862738849593665,"val_mse":585.8323972493689,"train_rmse":23.19170908054817,"train_mse":537.8553700767804,"_step":0,"_wandb":{"runtime":0}}