{"_runtime":2.04349,"_step":1,"train_accuracy":0.00625,"val_accuracy":0.0043859649122807015,"_wandb":{"runtime":2},"train_loss":0.34025479253506336,"val_loss":0.3281645930722437,"_timestamp":1.728778465963753e+09}