{"train_accuracy":0.00625,"_wandb":{"runtime":0},"train_loss":0.33323056328143585,"val_loss":0.3176292197483316,"_timestamp":1.728778035880394e+09,"_runtime":0.87019,"_step":1,"val_accuracy":0.0043859649122807015}