{"_runtime":0.492915,"_step":1,"train_loss":0.2588456327115548,"train_accuracy":0.54125,"val_accuracy":0.5307017543859649,"_wandb":{"runtime":0},"val_loss":0.2571186221419245,"_timestamp":1.7287806078602319e+09}