{"train_accuracy":0.51375,"val_accuracy":0.5043859649122807,"_wandb":{"runtime":0},"train_loss":0.2746436563289582,"val_loss":0.2643037898037699,"_timestamp":1.728777560891073e+09,"_runtime":0.580474,"_step":1}