{"train_loss":0.277174103676747,"_timestamp":1.728782327199201e+09,"train_accuracy":0.3675,"val_loss":0.28135099143094916,"val_accuracy":0.3815789473684211,"_wandb":{"runtime":1},"_runtime":1.253539,"_step":2,"early_stop_epoch":33}