{"train_mse":536.6365363132418,"_timestamp":1.728814370557281e+09,"val_rmse":24.177573027276228,"_step":0,"val_r2":-5.847775207276062,"train_r2":-5.455634481719715,"train_rmse":23.165416817170414,"_runtime":0.400831,"val_mse":584.555037489275,"_wandb":{"runtime":0}}