{"val_mse":12.951049223187054,"_step":0,"_wandb":{"runtime":0},"train_r2":0.8963505059996455,"_runtime":0.432681,"train_mse":8.616055572612476,"val_rmse":3.5987566218330262,"val_r2":0.8482848182103309,"train_rmse":2.9353118356679713,"_timestamp":1.728810653048904e+09}