{"_runtime":0.471556,"val_rmse":24.177569180650657,"train_rmse":23.1654129238441,"train_r2":-5.4556323117704615,"val_r2":-5.84777302832906,"early_stop_epoch":151,"train_mse":536.6363559322034,"val_mse":584.5548514851484,"_step":1,"_timestamp":1.728817795677878e+09,"_wandb":{"runtime":0}}