{"_timestamp":1.728780725327405e+09,"_runtime":0.516181,"_step":1,"train_loss":0.3316100498818412,"train_accuracy":0.00625,"val_accuracy":0.0043859649122807015,"_wandb":{"runtime":0},"val_loss":0.316674050159664}