{"val_r2":-5.853301025719624,"train_mse":537.0863506119721,"_step":0,"val_rmse":24.187326117399873,"train_r2":-5.461045661355755,"val_mse":585.0267447094541,"_timestamp":1.728813385662912e+09,"_wandb":{"runtime":1},"_runtime":1.991682,"train_rmse":23.17512352959466}