{"_timestamp":1.7287826348613381e+09,"train_accuracy":0.54125,"val_loss":0.2550498436323763,"val_accuracy":0.5482456140350878,"_runtime":0.506935,"_step":2,"_wandb":{"runtime":0},"train_loss":0.25383665834926766,"early_stop_epoch":67}