{"val_accuracy":0.5307017543859649,"_wandb":{"runtime":0},"_runtime":0.533355,"_step":1,"train_loss":0.266748105909461,"val_loss":0.2555760131393281,"_timestamp":1.7287853767998679e+09,"train_accuracy":0.5275}