{"train_loss":0.2700820199759691,"train_accuracy":0.55125,"val_accuracy":0.5614035087719298,"_wandb":{"runtime":0},"val_loss":0.2628849899900417,"_timestamp":1.728774049219504e+09,"_runtime":0.710601,"_step":1}