{"_timestamp":1.728817653465724e+09,"train_r2":-5.4556323117704615,"train_rmse":23.1654129238441,"val_rmse":24.177569180650657,"val_r2":-5.84777302832906,"val_mse":584.5548514851484,"_wandb":{"runtime":0},"early_stop_epoch":26,"train_mse":536.6363559322034,"_step":1,"_runtime":0.423829}