{"val_loss":0.2576319061163901,"_timestamp":1.7287827638438551e+09,"_runtime":0.506108,"train_accuracy":0.53375,"val_accuracy":0.5614035087719298,"_wandb":{"runtime":0},"_step":1,"train_loss":0.27066495665910667}