{"_wandb":{"runtime":0},"train_rmse":23.024830969758863,"train_r2":-5.3775165763206285,"_step":0,"_timestamp":1.728809818026274e+09,"val_rmse":24.034436669448997,"val_r2":-5.7669346525017,"train_mse":530.1428411859669,"val_mse":577.6541460177546,"_runtime":0.40664}