{"_runtime":0.571778,"_step":1,"train_accuracy":0.00625,"val_accuracy":0.0043859649122807015,"_wandb":{"runtime":0},"train_loss":0.3334499426547432,"val_loss":0.31791651227171036,"_timestamp":1.728775487535282e+09}