{"val_loss":0.3012129129809313,"_runtime":0.807439,"val_accuracy":0.30701754385964913,"_step":2,"train_loss":0.3161709922442604,"_wandb":{"runtime":0},"_timestamp":1.728783691459751e+09,"early_stop_epoch":16,"train_accuracy":0.2875}