{"_step":1,"train_loss":0.332904130075954,"train_accuracy":0.00625,"val_accuracy":0.0043859649122807015,"_wandb":{"runtime":0},"val_loss":0.31716205425188515,"_timestamp":1.7287760144667761e+09,"_runtime":0.489046}