{"train_accuracy":0.52375,"_runtime":2.129843,"early_stop_epoch":41,"_wandb":{"runtime":2},"val_loss":0.2583749060477673,"val_accuracy":0.5263157894736842,"train_loss":0.2531376789340439,"_step":2,"_timestamp":1.7287808514011269e+09}