{"train_loss":0.26340487933709333,"val_loss":0.25404486312155805,"train_accuracy":0.545,"val_accuracy":0.5570175438596491,"_wandb":{"runtime":0},"_timestamp":1.7287824824356291e+09,"_runtime":0.861209,"_step":1}