{"_timestamp":1.728774130914266e+09,"_runtime":1.632471,"_step":1,"val_accuracy":0.0043859649122807015,"train_accuracy":0.00625,"_wandb":{"runtime":1},"train_loss":0.3934695469443766,"val_loss":0.3891445550269731}