{"_runtime":0.444806,"_step":1,"train_accuracy":0.3,"val_accuracy":0.29385964912280704,"_wandb":{"runtime":0},"train_loss":0.295390283597078,"val_loss":0.28068705603141336,"_timestamp":1.728784716567075e+09}