{"_step":1,"train_loss":0.42592865327965496,"val_loss":0.42434725887910524,"train_accuracy":0.00625,"val_accuracy":0.0043859649122807015,"_wandb":{"runtime":0},"_timestamp":1.7287801444417741e+09,"_runtime":0.420756}