{"val_loss":0.43095216985140106,"train_accuracy":0.00625,"val_accuracy":0.0043859649122807015,"_wandb":{"runtime":0},"_timestamp":1.728780471477725e+09,"_runtime":0.422088,"_step":1,"train_loss":0.43201581930783506}