{"_runtime":0.661782,"_step":1,"train_loss":0.337759528849633,"train_accuracy":0.00625,"val_accuracy":0.0043859649122807015,"_wandb":{"runtime":0},"val_loss":0.32357609278981936,"_timestamp":1.728778535081239e+09}