{"train_rmse":2.5879942592797445,"train_r2":0.9194277832983984,"train_mse":6.697714286064914,"_timestamp":1.728811203564118e+09,"_step":0,"_runtime":0.582816,"val_mse":11.151910879917978,"_wandb":{"runtime":0},"val_r2":0.8693608404004975,"val_rmse":3.3394476908491884}