{"_step":0,"_timestamp":1.7288140347949922e+09,"val_rmse":24.177569191460577,"train_r2":-5.455632317762223,"val_mse":584.5548520078637,"_wandb":{"runtime":0},"train_mse":536.6363564302796,"train_rmse":23.16541293459453,"val_r2":-5.847773034452413,"_runtime":0.507843}