{"_timestamp":1.728812839461227e+09,"val_mse":584.6620195798013,"val_rmse":24.179785350159776,"train_mse":536.7380013396296,"_step":0,"train_rmse":23.167606724468317,"val_r2":-5.849028449930979,"_wandb":{"runtime":0},"train_r2":-5.456855086502866,"_runtime":0.400698}