{"val_accuracy":0.5482456140350878,"_wandb":{"runtime":0},"val_loss":0.2691727177100773,"_timestamp":1.728781777877728e+09,"_runtime":0.552555,"_step":1,"train_loss":0.27905820786043106,"train_accuracy":0.55625}