{"_step":0,"train_mse":29.918885933073774,"train_rmse":5.469815895720236,"val_rmse":5.552433420617419,"_timestamp":1.7288107781183958e+09,"_wandb":{"runtime":0},"val_mse":30.829516890389254,"train_r2":0.6400815475384469,"val_r2":0.6388473490519198,"_runtime":0.432134}