{"train_loss":0.3320085280497422,"val_loss":0.3160233382406268,"_timestamp":1.728773922348118e+09,"_runtime":0.693064,"_step":1,"train_accuracy":0.00625,"val_accuracy":0.0043859649122807015,"_wandb":{"runtime":0}}