{"train_accuracy":0.00625,"val_accuracy":0.0043859649122807015,"_wandb":{"runtime":0},"_step":1,"train_loss":0.387682251209622,"val_loss":0.386579315654513,"_timestamp":1.728781535244514e+09,"_runtime":0.542228}