{"_timestamp":1.7287775288118389e+09,"_runtime":0.590567,"_step":1,"train_accuracy":0.00625,"val_accuracy":0.0043859649122807015,"_wandb":{"runtime":0},"train_loss":0.3327737939728664,"val_loss":0.3171336280287078}