{"train_r2":-5.455870170886336,"_wandb":{"runtime":0},"_step":0,"train_rmse":23.16583968714292,"_runtime":0.401683,"_timestamp":1.728812617956089e+09,"val_r2":-5.84801744741904,"train_mse":536.656128410406,"val_rmse":24.17800066448501,"val_mse":584.5757161318376}