{"train_accuracy":0.00625,"val_accuracy":0.0043859649122807015,"_wandb":{"runtime":0},"train_loss":0.33334835018783243,"val_loss":0.31776584455914797,"_timestamp":1.728775874158773e+09,"_runtime":0.729994,"_step":1}