{"_timestamp":1.728816719254582e+09,"val_rmse":24.177573543382415,"val_mse":584.5550624456654,"val_r2":-5.84777549962792,"train_rmse":23.165489086084367,"_step":0,"train_r2":-5.455674760936299,"_runtime":0.409754,"_wandb":{"runtime":0},"train_mse":536.639884597494}