{"val_accuracy":0.5701754385964912,"_wandb":{"runtime":0},"val_loss":0.2526613384491857,"_timestamp":1.72878254757939e+09,"_runtime":0.920695,"_step":1,"train_loss":0.26172627109980484,"train_accuracy":0.55}