{"val_accuracy":0.0043859649122807015,"_wandb":{"runtime":0},"_runtime":0.453563,"_step":1,"train_loss":0.4102260427873721,"val_loss":0.4084575871079899,"_timestamp":1.728772842690364e+09,"train_accuracy":0.00625}