{"train_rmse":23.165424818539787,"val_rmse":24.17758109283538,"_step":0,"val_r2":-5.847779776067572,"_timestamp":1.728812884961751e+09,"train_r2":-5.455638941291961,"_runtime":0.415013,"train_mse":536.6369070234191,"val_mse":584.5554275006308,"_wandb":{"runtime":0}}