{"_step":1,"val_rmse":24.177569180650657,"_wandb":{"runtime":1},"val_mse":584.5548514851484,"_timestamp":1.728815680853746e+09,"train_rmse":23.1654129238441,"_runtime":1.9214090000000001,"early_stop_epoch":30,"train_r2":-5.4556323117704615,"train_mse":536.6363559322034,"val_r2":-5.84777302832906}