{"_wandb":{"runtime":0},"train_loss":0.2739786498252865,"val_loss":0.2611949787475129,"_timestamp":1.728782884343054e+09,"_runtime":0.558182,"_step":1,"train_accuracy":0.5325,"val_accuracy":0.5307017543859649}