{"_runtime":0.552361,"_step":1,"train_loss":0.27227785397157683,"train_accuracy":0.5325,"val_accuracy":0.5350877192982456,"_wandb":{"runtime":0},"val_loss":0.2602859660405884,"_timestamp":1.728781593844725e+09}