{"_wandb":{"runtime":0},"train_loss":0.26703030657805743,"val_loss":0.25484277524509735,"_timestamp":1.7287841960100548e+09,"_runtime":0.582097,"_step":1,"train_accuracy":0.5225,"val_accuracy":0.5219298245614035}