{"_step":1,"train_accuracy":0.00625,"val_accuracy":0.0043859649122807015,"_wandb":{"runtime":0},"train_loss":0.33605328325018324,"val_loss":0.32195507252068284,"_timestamp":1.728778013539259e+09,"_runtime":0.477896}