{"val_accuracy":0.0043859649122807015,"_wandb":{"runtime":2},"train_loss":0.3342108194044809,"val_loss":0.3158090889519091,"_timestamp":1.7287764723223958e+09,"_runtime":2.7575570000000003,"_step":1,"train_accuracy":0.00625}