{"val_accuracy":0.0043859649122807015,"_wandb":{"runtime":0},"train_loss":0.41791478272812815,"val_loss":0.4187276765628813,"_timestamp":1.728780208586315e+09,"_runtime":0.481309,"_step":1,"train_accuracy":0.00625}