{"val_loss":0.35457389344890367,"_timestamp":1.728775738351984e+09,"train_accuracy":0.00625,"val_accuracy":0.0043859649122807015,"_wandb":{"runtime":0},"_runtime":0.464754,"_step":1,"train_loss":0.36182730895270926}