{"train_accuracy":0.51375,"val_accuracy":0.5131578947368421,"_wandb":{"runtime":0},"train_loss":0.27706241665972103,"val_loss":0.26115243730719495,"_timestamp":1.7287836258802052e+09,"_runtime":0.4532,"_step":1}