{"_wandb":{"runtime":0},"_timestamp":1.728782519833985e+09,"early_stop_epoch":79,"train_accuracy":0.5425,"val_accuracy":0.5614035087719298,"_runtime":0.562219,"_step":2,"train_loss":0.24831327154081578,"val_loss":0.25299303301976384}