{"early_stop_epoch":59,"_runtime":0.447957,"_wandb":{"runtime":0},"val_loss":0.2551082076173113,"_step":2,"train_loss":0.2666773690657037,"train_accuracy":0.54,"_timestamp":1.728784749735492e+09,"val_accuracy":0.5394736842105263}