{"train_r2":-5.4556323117704615,"val_mse":584.5548514851484,"val_r2":-5.84777302832906,"train_mse":536.6363559322034,"_timestamp":1.7288151838865988e+09,"val_rmse":24.177569180650657,"_runtime":1.1793770000000001,"early_stop_epoch":16,"train_rmse":23.1654129238441,"_wandb":{"runtime":1},"_step":1}