{"_runtime":3.147155,"early_stop_epoch":47,"_timestamp":1.728778160534219e+09,"_step":2,"val_accuracy":0.0043859649122807015,"train_accuracy":0.00625,"_wandb":{"runtime":3},"train_loss":0.33436726154756596,"val_loss":0.31594887939869587}