{"val_accuracy":0.35526315789473684,"_runtime":1.721183,"early_stop_epoch":37,"_step":2,"train_accuracy":0.33125,"train_loss":0.30180476449414145,"_timestamp":1.728777275562825e+09,"_wandb":{"runtime":1},"val_loss":0.27946767319680077}