{"_wandb":{"runtime":1},"val_r2":0.8749806671018807,"_runtime":1.8436919999999999,"val_mse":10.672178717474962,"_timestamp":1.728811749773708e+09,"train_rmse":2.15736945724674,"val_rmse":3.2668300717170706,"train_r2":0.9440103507626848,"train_mse":4.654242975061095,"_step":1,"early_stop_epoch":111}