{"train_rmse":3.6321289112599593,"val_rmse":3.930145341753102,"_step":0,"_wandb":{"runtime":0},"train_r2":0.8412984373754473,"val_r2":0.81905719827244,"_runtime":0.402301,"train_mse":13.192360428010458,"val_mse":15.446042407303604,"_timestamp":1.728809528309338e+09}