{"val_loss":0.4086192658599959,"_timestamp":1.728781340069294e+09,"_runtime":0.433657,"_step":1,"train_loss":0.41140110518094003,"train_accuracy":0.00625,"val_accuracy":0.0043859649122807015,"_wandb":{"runtime":0}}