{"train_accuracy":0.51125,"val_accuracy":0.5043859649122807,"_wandb":{"runtime":1},"_runtime":1.017201,"_step":1,"train_loss":0.27931482083968595,"val_loss":0.26365439678696584,"_timestamp":1.728787036754422e+09}