{"val_accuracy":0.0043859649122807015,"_wandb":{"runtime":0},"_timestamp":1.728782858235183e+09,"_runtime":0.551601,"_step":1,"train_loss":0.37948391975832424,"val_loss":0.373772803385809,"train_accuracy":0.00625}