{"_runtime":0.43789,"_step":1,"train_accuracy":0.00625,"val_accuracy":0.0043859649122807015,"_wandb":{"runtime":0},"train_loss":0.3879966223623434,"val_loss":0.3847422921918595,"_timestamp":1.7287764313575501e+09}