{"_timestamp":1.728810506502423e+09,"_runtime":0.457641,"train_r2":0.5361197774867906,"val_r2":0.5480822995417988,"_step":0,"_wandb":{"runtime":0},"train_mse":38.560900029053506,"val_rmse":6.211087278710249,"train_rmse":6.20974234804098,"val_mse":38.57760518375628}