{"val_accuracy":0,"_wandb":{"runtime":0},"_timestamp":1.7287650368076649e+09,"_runtime":0.594022,"_step":0,"train_accuracy":0.006564551422319475}