{"_step":1,"train_accuracy":0.47875,"val_accuracy":0.4692982456140351,"_wandb":{"runtime":0},"train_loss":0.2866505240119058,"val_loss":0.2723451158280755,"_timestamp":1.7287761752147992e+09,"_runtime":0.516755}