{"val_accuracy":0.0043859649122807015,"_wandb":{"runtime":0},"_runtime":0.492314,"_step":1,"train_loss":0.4131772030424428,"val_loss":0.41071669954270634,"_timestamp":1.7287822453769112e+09,"train_accuracy":0.00625}