{"val_mse":588.5337460437119,"train_r2":-5.501260861439183,"train_rmse":23.247135595043755,"_runtime":0.478883,"_timestamp":1.728816195036751e+09,"train_mse":540.4293133743504,"_step":0,"_wandb":{"runtime":0},"val_r2":-5.894383824170497,"val_rmse":24.2597144674811}