{"train_accuracy":0.5075,"val_accuracy":0.5043859649122807,"_wandb":{"runtime":0},"train_loss":0.28131568312888333,"val_loss":0.26557238510878256,"_timestamp":1.72877604600388e+09,"_runtime":0.514583,"_step":1}