{"_step":0,"train_r2":-5.455632313512183,"val_rmse":24.177569183793743,"_timestamp":1.728813986210336e+09,"train_rmse":23.165412926969104,"val_r2":-5.847773030109482,"train_mse":536.6363560769872,"_wandb":{"runtime":0},"val_mse":584.5548516371329,"_runtime":0.484021}