{"_step":1,"train_accuracy":0.00625,"val_accuracy":0.0043859649122807015,"_wandb":{"runtime":0},"train_loss":0.3465531311473964,"val_loss":0.33607077645513184,"_timestamp":1.728780623085165e+09,"_runtime":0.42933}