{"train_loss":0.3339644670816468,"val_loss":0.31879476154236774,"train_accuracy":0.00625,"val_accuracy":0.0043859649122807015,"_wandb":{"runtime":0},"_timestamp":1.728776341288838e+09,"_runtime":0.492225,"_step":1}