{"train_rmse":23.1654129238441,"early_stop_epoch":16,"_wandb":{"runtime":1},"val_rmse":24.177569180650657,"_timestamp":1.728817074947793e+09,"train_mse":536.6363559322034,"val_mse":584.5548514851484,"_runtime":1.004155,"train_r2":-5.4556323117704615,"val_r2":-5.84777302832906,"_step":1}