{"early_stop_epoch":57,"val_mse":12.43196223673633,"_timestamp":1.728812367947308e+09,"_runtime":4.363542,"train_rmse":2.6867576346301716,"_wandb":{"runtime":4},"_step":1,"val_rmse":3.5258987842444274,"train_r2":0.9131608271535102,"train_mse":7.218666587243514,"val_r2":0.8543656673490266}