{"_step":1,"train_accuracy":0.00625,"val_accuracy":0.0043859649122807015,"_wandb":{"runtime":0},"train_loss":0.4329234374339715,"val_loss":0.4318295915659278,"_timestamp":1.728780342708045e+09,"_runtime":0.471417}