{"val_accuracy":0.0043859649122807015,"_wandb":{"runtime":0},"_step":1,"train_loss":0.41516541160809767,"val_loss":0.41226656206806517,"_timestamp":1.72878107089435e+09,"_runtime":0.438563,"train_accuracy":0.00625}