{"train_r2":-5.4556323117704615,"_wandb":{"runtime":0},"val_r2":-5.84777302832906,"_timestamp":1.72881606036045e+09,"val_mse":584.5548514851484,"train_rmse":23.1654129238441,"train_mse":536.6363559322034,"val_rmse":24.177569180650657,"_step":1,"_runtime":0.480108,"early_stop_epoch":30}