{"_wandb":{"runtime":0},"train_rmse":23.1654129238441,"train_r2":-5.4556323117704615,"early_stop_epoch":16,"val_mse":584.5548514851484,"_runtime":0.627369,"_timestamp":1.728814733725444e+09,"_step":1,"train_mse":536.6363559322034,"val_r2":-5.84777302832906,"val_rmse":24.177569180650657}