{"train_accuracy":0.60375,"val_accuracy":0.5877192982456141,"_wandb":{"runtime":0},"train_loss":0.25136775602072675,"val_loss":0.25335147920470363,"_timestamp":1.728772601940059e+09,"_runtime":0.573496,"_step":1}