{"_wandb":{"runtime":0},"_runtime":0.492755,"early_stop_epoch":61,"val_loss":0.2583873826422569,"val_accuracy":0.5263157894736842,"_step":2,"_timestamp":1.7287831823185868e+09,"train_accuracy":0.53875,"train_loss":0.2547490274807718}