{"_runtime":0.540678,"val_r2":-5.847773029976341,"train_mse":536.6363560685069,"train_rmse":23.165412926786065,"_timestamp":1.728813711101471e+09,"val_mse":584.5548516257672,"val_rmse":24.1775691835587,"_wandb":{"runtime":0},"train_r2":-5.455632313410166,"_step":0}