{"val_accuracy":0.0043859649122807015,"_wandb":{"runtime":0},"train_loss":0.36797737285991533,"val_loss":0.36245299525274577,"_timestamp":1.7287746631828449e+09,"_runtime":0.694904,"_step":1,"train_accuracy":0.00625}