{"_step":1,"train_loss":0.29790965670786074,"train_accuracy":0.28875,"val_accuracy":0.2982456140350877,"_wandb":{"runtime":0},"val_loss":0.2822547817113041,"_timestamp":1.728773227929173e+09,"_runtime":0.490748}