{"_wandb":{"runtime":1},"train_loss":0.3411471236394411,"_runtime":1.033922,"_timestamp":1.7287846574007978e+09,"val_accuracy":0.4692982456140351,"early_stop_epoch":17,"train_accuracy":0.41125,"_step":2,"val_loss":0.3181175472763425}