{"_timestamp":1.728780396600404e+09,"_runtime":0.509814,"_step":1,"train_accuracy":0.5075,"val_accuracy":0.4780701754385965,"_wandb":{"runtime":0},"train_loss":0.28439018045241565,"val_loss":0.270346486197523}