{"early_stop_epoch":16,"train_accuracy":0.32875,"val_accuracy":0.35526315789473684,"_step":2,"train_loss":0.3396561621213527,"_wandb":{"runtime":1},"val_loss":0.3172834296196661,"_runtime":1.174339,"_timestamp":1.7287726558251991e+09}