{"_wandb":{"runtime":1},"train_loss":0.27050579058213997,"val_loss":0.2565421328300766,"_timestamp":1.72878420991897e+09,"_runtime":1.911101,"_step":1,"train_accuracy":0.4925,"val_accuracy":0.4868421052631579}