{"_runtime":0.403384,"_step":0,"train_mse":22.948768364469572,"train_r2":0.723930723419488,"_wandb":{"runtime":0},"train_rmse":4.790487278395546,"val_r2":0.718950385058186,"_timestamp":1.728811806513721e+09,"val_rmse":4.898120367899526,"val_mse":23.99158313843219}