{"val_loss":0.42504608092840834,"_timestamp":1.728771543330397e+09,"_runtime":0.406711,"_step":1,"train_accuracy":0.00625,"val_accuracy":0.0043859649122807015,"_wandb":{"runtime":0},"train_loss":0.42641894167750805}