{"val_rmse":24.177569180650657,"train_r2":-5.4556323117704615,"_step":1,"_timestamp":1.7288145546712132e+09,"early_stop_epoch":16,"val_r2":-5.84777302832906,"_runtime":0.643256,"val_mse":584.5548514851484,"_wandb":{"runtime":0},"train_mse":536.6363559322034,"train_rmse":23.1654129238441}