{"train_rmse":2.9122703137465757,"early_stop_epoch":44,"_timestamp":1.7288121473551118e+09,"train_r2":0.8979713685492723,"val_mse":15.107470569528846,"train_mse":8.48131838032958,"_step":1,"val_r2":0.8230234010898068,"_wandb":{"runtime":1},"val_rmse":3.886832974225783,"_runtime":1.2745980000000001}