{"val_accuracy":0.543859649122807,"_wandb":{"runtime":0},"_runtime":0.444351,"_step":1,"train_loss":0.2670298517901034,"val_loss":0.25501419195904346,"_timestamp":1.728783604611861e+09,"train_accuracy":0.53625}