{"_wandb":{"runtime":0},"_step":1,"train_loss":0.41510013266472545,"val_loss":0.41291680089883137,"_timestamp":1.72878204082397e+09,"_runtime":0.478217,"val_accuracy":0.0043859649122807015,"train_accuracy":0.00625}