{"early_stop_epoch":27,"val_accuracy":0.5789473684210527,"_wandb":{"runtime":1},"_timestamp":1.728771861077527e+09,"val_loss":0.26186214080167697,"_step":2,"train_loss":0.214829453846932,"_runtime":1.289514,"train_accuracy":0.56375}