{"train_r2":-5.4556323117704615,"val_r2":-5.84777302832906,"train_mse":536.6363559322034,"train_rmse":23.1654129238441,"_step":0,"_timestamp":1.728815258554656e+09,"val_rmse":24.177569180650657,"_runtime":0.680528,"val_mse":584.5548514851484,"_wandb":{"runtime":0}}