{"val_accuracy":0.0043859649122807015,"train_accuracy":0.00625,"_wandb":{"runtime":0},"train_loss":0.43171576217705726,"val_loss":0.4305220221787273,"_timestamp":1.728780807621502e+09,"_runtime":0.472912,"_step":1}