{"_timestamp":1.728776540828303e+09,"_runtime":2.037895,"train_accuracy":0.00625,"_wandb":{"runtime":2},"_step":2,"early_stop_epoch":30,"train_loss":0.33384634945801644,"val_loss":0.31612397916151386,"val_accuracy":0.0043859649122807015}