{"_wandb":{"runtime":0},"val_loss":0.25647628684892826,"val_accuracy":0.6096491228070176,"_runtime":0.492059,"train_loss":0.23434463418962143,"early_stop_epoch":78,"_timestamp":1.728773345314166e+09,"train_accuracy":0.59,"_step":2}