{"train_accuracy":0.0175,"val_accuracy":0.013157894736842105,"_wandb":{"runtime":0},"val_loss":0.33382447602842785,"_timestamp":1.7287828030628428e+09,"_runtime":0.680293,"_step":1,"train_loss":0.3389204817723326}