{"val_loss":0.30805918291493156,"_timestamp":1.7287814763012202e+09,"_step":2,"train_accuracy":0.3525,"early_stop_epoch":16,"train_loss":0.2928865436696179,"_runtime":0.809262,"val_accuracy":0.38596491228070173,"_wandb":{"runtime":0}}