{"_runtime":0.554826,"_step":1,"train_loss":0.3350931061275564,"train_accuracy":0.00625,"val_accuracy":0.0043859649122807015,"_wandb":{"runtime":0},"val_loss":0.32046462888954763,"_timestamp":1.7287751911070259e+09}