{"train_mse":5.239278093232617,"early_stop_epoch":83,"_runtime":1.361779,"train_r2":0.936972490635173,"val_mse":9.262341911921059,"train_rmse":2.288946939802803,"_timestamp":1.728811921706759e+09,"_wandb":{"runtime":1},"_step":1,"val_r2":0.8914962129516664,"val_rmse":3.043409586618446}