{"_runtime":0.806182,"_step":1,"train_loss":0.3324230263037246,"val_loss":0.31673798299132383,"train_accuracy":0.00625,"val_accuracy":0.0043859649122807015,"_wandb":{"runtime":0},"_timestamp":1.7287773128336651e+09}