{"_wandb":{"runtime":1},"_step":2,"early_stop_epoch":34,"_runtime":1.515951,"_timestamp":1.728781771869736e+09,"val_accuracy":0.5219298245614035,"train_loss":0.25596900443522314,"val_loss":0.2641283667571851,"train_accuracy":0.50625}