{"train_mse":536.8085138243198,"val_mse":584.6477427172781,"train_r2":-5.457703338153201,"_timestamp":1.728816595417603e+09,"val_r2":-5.848861203497446,"val_rmse":24.179490125254464,"_step":0,"_runtime":0.409441,"train_rmse":23.16912846492763,"_wandb":{"runtime":0}}