{"val_accuracy":0.0043859649122807015,"_wandb":{"runtime":0},"_runtime":0.619262,"_step":1,"train_loss":0.4165502476871102,"val_loss":0.4140487498685833,"_timestamp":1.728785558768821e+09,"train_accuracy":0.00625}