{"_step":0,"train_rmse":2.691159708001585,"_timestamp":1.728812055863849e+09,"val_mse":11.980316078728702,"val_r2":0.8596564803006178,"_wandb":{"runtime":0},"train_mse":7.242340573971179,"_runtime":0.481997,"val_rmse":3.461259319774914,"train_r2":0.9128760336392838}