{"_step":1,"train_accuracy":0.5425,"val_accuracy":0.5482456140350878,"_wandb":{"runtime":0},"train_loss":0.26438053596218175,"val_loss":0.2536467036458416,"_timestamp":1.7287826718161669e+09,"_runtime":0.776389}