{"val_loss":0.2564924229155819,"val_accuracy":0.5263157894736842,"train_accuracy":0.5125,"train_loss":0.2569163467591442,"_wandb":{"runtime":1},"_timestamp":1.728781055055103e+09,"_runtime":1.283717,"_step":2,"early_stop_epoch":32}