{"early_stop_epoch":138,"_timestamp":1.728818034177231e+09,"train_mse":536.6363559322034,"val_mse":584.5548514851484,"train_rmse":23.1654129238441,"_wandb":{"runtime":0},"_runtime":0.779494,"val_rmse":24.177569180650657,"val_r2":-5.84777302832906,"_step":1,"train_r2":-5.4556323117704615}