{"val_accuracy":0.0043859649122807015,"_wandb":{"runtime":0},"_timestamp":1.7287765238161302e+09,"_runtime":0.436837,"_step":1,"train_loss":0.33675486704807156,"val_loss":0.3229015133373468,"train_accuracy":0.00625}