{"train_rmse":2.689176833393862,"train_mse":7.23167204126224,"_step":0,"val_rmse":3.446145145062443,"_timestamp":1.728811759217068e+09,"val_mse":11.875916360837447,"val_r2":0.8608794717282393,"_runtime":0.610293,"_wandb":{"runtime":0},"train_r2":0.9130043740390977}