{"_step":1,"train_accuracy":0.475,"val_accuracy":0.4605263157894737,"_wandb":{"runtime":0},"train_loss":0.2827521746414962,"val_loss":0.2688681852397752,"_timestamp":1.728784635461029e+09,"_runtime":0.469932}