{"_step":1,"train_accuracy":0.5375,"val_accuracy":0.5350877192982456,"_wandb":{"runtime":0},"train_loss":0.26907651767359153,"val_loss":0.25553428927253774,"_timestamp":1.728781384841234e+09,"_runtime":0.541826}