{"val_mse":11.981487355852579,"train_r2":0.9040993386352855,"_runtime":0.991636,"val_r2":0.8596427593642896,"val_rmse":3.4614285137573733,"_wandb":{"runtime":0},"_timestamp":1.7288115556874502e+09,"train_rmse":2.823458792319462,"train_mse":7.971919551926076,"_step":1,"early_stop_epoch":145}