{"train_rmse":2.9000483516168822,"val_r2":0.8433367839019817,"_timestamp":1.728812296211321e+09,"val_mse":13.373434347269686,"train_mse":8.410280441715795,"val_rmse":3.6569706516828497,"_runtime":2.741049,"train_r2":0.8988259413094053,"_step":1,"early_stop_epoch":70,"_wandb":{"runtime":2}}