{"val_accuracy":0.37719298245614036,"_wandb":{"runtime":3},"train_loss":0.3012450651970551,"val_loss":0.2864288296998096,"_timestamp":1.728776784782507e+09,"_runtime":3.328272,"_step":1,"train_accuracy":0.35}