{"_timestamp":1.7287830954609432e+09,"_runtime":0.559499,"_step":1,"train_accuracy":0.00625,"val_accuracy":0.0043859649122807015,"_wandb":{"runtime":0},"train_loss":0.38765516210679485,"val_loss":0.3820677748883554}