{"train_accuracy":0.00625,"val_accuracy":0.0043859649122807015,"_wandb":{"runtime":0},"train_loss":0.37072698579931146,"val_loss":0.36383438705031157,"_timestamp":1.7287781155059829e+09,"_runtime":0.599762,"_step":1}