{"val_rmse":24.17756918065277,"train_rmse":23.165412923846205,"train_mse":536.6363559323008,"val_r2":-5.8477730283302565,"_timestamp":1.7288140079978318e+09,"_wandb":{"runtime":0},"train_r2":-5.455632311771633,"_step":0,"val_mse":584.5548514852507,"_runtime":0.438997}