{"_wandb":{"runtime":0},"_step":1,"train_loss":0.31409026459059614,"val_loss":0.30003577334056436,"_timestamp":1.728771649437171e+09,"_runtime":0.503689,"train_accuracy":0.185,"val_accuracy":0.2149122807017544}