{"_wandb":{"runtime":0},"train_rmse":5.162127254533327,"_timestamp":1.7288109672765892e+09,"val_r2":0.6827553457770755,"_runtime":0.469282,"val_mse":27.0813446892223,"val_rmse":5.2039739324118734,"train_mse":26.64755779199578,"_step":0,"train_r2":0.6794349968836031}