{"train_rmse":23.167492020519504,"val_mse":584.5548541506353,"train_mse":536.7326865208349,"val_rmse":24.17756923577379,"_runtime":0.453465,"val_r2":-5.84777305955393,"_wandb":{"runtime":0},"_timestamp":1.728816466040697e+09,"_step":0,"train_r2":-5.45679115025337}