{"train_rmse":21.37823550126605,"val_rmse":22.237128454447433,"train_mse":457.0289531475922,"_step":0,"val_mse":494.4898818995956,"val_r2":-4.792706137757038,"train_r2":-4.49797054325363,"_runtime":0.39662,"_wandb":{"runtime":0},"_timestamp":1.728809720567022e+09}