{"val_rmse":2.982942464769171,"val_mse":8.897945748123178,"val_r2":0.8957649350668657,"_wandb":{"runtime":3},"_runtime":3.260721,"_step":1,"train_rmse":2.480529427074073,"early_stop_epoch":69,"train_r2":0.9259802759133793,"train_mse":6.153026238580429,"_timestamp":1.7288113618960052e+09}