{"val_rmse":4.216080934977389,"val_r2":0.7917706389742638,"_runtime":1.218824,"_wandb":{"runtime":1},"_step":1,"train_rmse":3.326516946035451,"train_mse":11.065714992261025,"_timestamp":1.728810275008807e+09,"train_r2":0.866881573588525,"early_stop_epoch":43,"val_mse":17.77533845027981}