{"_runtime":1.958718,"_step":1,"train_accuracy":0.52875,"val_accuracy":0.5175438596491229,"_wandb":{"runtime":1},"train_loss":0.2766443610948763,"val_loss":0.26012337809278363,"_timestamp":1.728786761158988e+09}