{"val_accuracy":0.0043859649122807015,"_wandb":{"runtime":0},"val_loss":0.3448533360908083,"_timestamp":1.728784268059341e+09,"_runtime":0.424006,"_step":1,"train_loss":0.35305022433204936,"train_accuracy":0.00625}