{"train_mse":536.6363573732099,"val_r2":-5.847773046035166,"_step":0,"train_r2":-5.455632329105493,"train_rmse":23.165412954946646,"_timestamp":1.7288131171948202e+09,"_wandb":{"runtime":0},"_runtime":0.479684,"val_rmse":24.177569211908306,"val_mse":584.5548529966164}