{"_runtime":0.555551,"_step":1,"train_accuracy":0.00625,"val_accuracy":0.0043859649122807015,"_wandb":{"runtime":0},"train_loss":0.3331757603356952,"val_loss":0.31762463645322603,"_timestamp":1.728777152208856e+09}