{"val_r2":0.8159587318950466,"val_rmse":3.9636524311055044,"early_stop_epoch":42,"_timestamp":1.7288122785692081e+09,"val_mse":15.710540594608574,"train_rmse":3.3179954117827046,"_runtime":1.257793,"train_mse":11.00909355261108,"_step":1,"_wandb":{"runtime":1},"train_r2":0.8675627186345184}