{"val_r2":-5.057560004679827,"train_rmse":21.736041840821777,"val_mse":517.0989275271047,"train_r2":-4.6835491188494105,"_step":0,"train_mse":472.4555149059549,"val_rmse":22.73980931158185,"_wandb":{"runtime":0},"_runtime":0.457714,"_timestamp":1.728811484492738e+09}