{"_timestamp":1.728775218369339e+09,"_runtime":0.936642,"_step":1,"train_accuracy":0.00625,"val_accuracy":0.0043859649122807015,"_wandb":{"runtime":0},"train_loss":0.3295610056439498,"val_loss":0.3139502001082535}