{"train_mse":536.6363559322034,"val_rmse":24.177569180650657,"val_r2":-5.84777302832906,"_step":1,"_runtime":0.501657,"early_stop_epoch":148,"_wandb":{"runtime":0},"val_mse":584.5548514851484,"_timestamp":1.728817936617346e+09,"train_rmse":23.1654129238441,"train_r2":-5.4556323117704615}