{"_runtime":0.541253,"early_stop_epoch":16,"_timestamp":1.728816698652128e+09,"train_mse":536.6363559322034,"val_rmse":24.177569180650657,"val_mse":584.5548514851484,"train_rmse":23.1654129238441,"_wandb":{"runtime":0},"val_r2":-5.84777302832906,"_step":1,"train_r2":-5.4556323117704615}