{"_step":0,"_timestamp":1.728817718721492e+09,"val_rmse":24.17756918075497,"train_mse":536.6363559370545,"_wandb":{"runtime":0},"val_mse":584.5548514901924,"train_r2":-5.455632311828819,"train_rmse":23.16541292394881,"val_r2":-5.847773028388148,"_runtime":0.438436}