{"train_rmse":23.16545332577606,"val_r2":-5.847795988057824,"_wandb":{"runtime":0},"_step":0,"_timestamp":1.728812677770298e+09,"train_r2":-5.4556548298447725,"val_rmse":24.17760971280344,"val_mse":584.5568114246473,"train_mse":536.6382277887091,"_runtime":0.460703}