{"_runtime":0.715265,"val_mse":10.557318155163184,"_timestamp":1.7288123266058712e+09,"train_r2":0.9371940810865544,"_step":0,"train_mse":5.220857977805364,"val_r2":0.8763262021848913,"train_rmse":2.2849196873862687,"_wandb":{"runtime":0},"val_rmse":3.2492026953028312}