{"_runtime":0.418263,"_step":1,"train_loss":0.3155553798982579,"train_accuracy":0.08125,"val_accuracy":0.07456140350877193,"_wandb":{"runtime":0},"val_loss":0.29996484154190795,"_timestamp":1.728781108075392e+09}