{"_runtime":0.525156,"_wandb":{"runtime":0},"train_r2":0.9085265706188023,"train_mse":7.603897718624143,"train_rmse":2.7575165853760777,"val_rmse":3.635064950305733,"_timestamp":1.7288112692051e+09,"val_mse":13.213697192941222,"_step":0,"val_r2":0.8452080262229605}