{"val_loss":0.3178114856033024,"_timestamp":1.728779507087287e+09,"_runtime":0.878568,"_step":1,"train_accuracy":0.00625,"val_accuracy":0.0043859649122807015,"_wandb":{"runtime":0},"train_loss":0.33331641056514943}