{"train_r2":-5.4556323117704615,"val_rmse":24.177569180650657,"train_rmse":23.1654129238441,"early_stop_epoch":16,"_wandb":{"runtime":0},"val_mse":584.5548514851484,"_timestamp":1.728815930707964e+09,"_step":1,"_runtime":0.728056,"val_r2":-5.84777302832906,"train_mse":536.6363559322034}