{"_timestamp":1.7287735693419552e+09,"train_accuracy":0.53375,"train_loss":0.2379091645167449,"val_loss":0.2633199140233612,"_runtime":1.609437,"_wandb":{"runtime":1},"_step":2,"early_stop_epoch":32,"val_accuracy":0.5789473684210527}