{"_timestamp":1.728815491036107e+09,"val_r2":-5.84777302832906,"_runtime":0.451937,"val_mse":584.5548514851484,"train_r2":-5.4556323117704615,"train_rmse":23.1654129238441,"train_mse":536.6363559322034,"_wandb":{"runtime":0},"val_rmse":24.177569180650657,"early_stop_epoch":23,"_step":1}