{"val_mse":10.239258708391198,"train_mse":9.090525943491361,"train_r2":0.8906427185503538,"train_rmse":3.0150499072969525,"val_rmse":3.1998841710898223,"_timestamp":1.7288103425100338e+09,"_wandb":{"runtime":3},"_runtime":3.019135,"_step":0,"val_r2":0.8800521124146617}