{"val_accuracy":0.543859649122807,"_wandb":{"runtime":0},"_step":1,"train_loss":0.274372209551748,"val_loss":0.25804532137038316,"_timestamp":1.728777215861023e+09,"_runtime":0.703786,"train_accuracy":0.5125}