{"val_r2":0.8131545407846859,"_runtime":0.43875,"train_r2":0.8666148673020133,"_step":0,"train_mse":11.087885444787712,"train_rmse":3.3298476608979746,"val_rmse":3.9937348686670893,"_wandb":{"runtime":0},"_timestamp":1.728809812145492e+09,"val_mse":15.949918201207334}