{"train_rmse":2.7360532117317713,"_step":0,"_timestamp":1.7288111500559192e+09,"val_r2":0.8547982583857262,"val_rmse":3.5206582392026524,"train_r2":0.9099450117870744,"train_mse":7.485987177427741,"val_mse":12.39503443726552,"_wandb":{"runtime":0},"_runtime":0.48882}