{"val_rmse":24.177569180650657,"train_r2":-5.4556323117704615,"train_mse":536.6363559322034,"early_stop_epoch":191,"_step":1,"val_r2":-5.84777302832906,"_timestamp":1.7288150660917141e+09,"train_rmse":23.1654129238441,"val_mse":584.5548514851484,"_runtime":2.209449,"_wandb":{"runtime":2}}