{"val_loss":0.31813981082246795,"_timestamp":1.7287790358886058e+09,"_runtime":1.012093,"train_accuracy":0.00625,"val_accuracy":0.0043859649122807015,"_wandb":{"runtime":1},"_step":1,"train_loss":0.3335281887389909}