{"train_rmse":23.172269021344302,"_timestamp":1.7288139424294221e+09,"_step":0,"train_r2":-5.459454129617627,"val_mse":584.8881575942155,"val_rmse":24.184461077192015,"train_mse":536.9540515975528,"val_r2":-5.851677545720452,"_wandb":{"runtime":0},"_runtime":0.417087}