{"train_mse":539.3254184148986,"val_r2":-5.878157463152607,"val_rmse":24.23114927686682,"val_mse":587.1485952778033,"train_rmse":23.223380856690497,"train_r2":-5.487981217057547,"_step":0,"_wandb":{"runtime":0},"_runtime":0.424775,"_timestamp":1.728815561398237e+09}