{"val_accuracy":0.5,"_runtime":1.467295,"val_loss":0.2562301884805384,"_wandb":{"runtime":1},"_timestamp":1.728784960794893e+09,"early_stop_epoch":42,"train_accuracy":0.49125,"train_loss":0.26877443108331506,"_step":2}