{"_timestamp":1.728779787752317e+09,"train_accuracy":0.53375,"val_accuracy":0.5482456140350878,"_wandb":{"runtime":0},"_runtime":0.454601,"_step":1,"train_loss":0.26149603131070764,"val_loss":0.2556248469325309}