{"_wandb":{"runtime":0},"val_rmse":4.017579082752582,"train_mse":11.728072236810625,"train_rmse":3.4246273135642986,"train_r2":0.8589135431288261,"_runtime":0.397297,"val_r2":0.8109167944640646,"val_mse":16.140941686171082,"_timestamp":1.7288100483170931e+09,"_step":0}