{"train_accuracy":0.52375,"val_accuracy":0.5307017543859649,"_wandb":{"runtime":0},"_runtime":0.458365,"_step":1,"train_loss":0.26613279054603695,"val_loss":0.2549669806661102,"_timestamp":1.728783879281146e+09}