{"_timestamp":1.728772362074199e+09,"_runtime":0.41034,"_step":1,"train_accuracy":0.00625,"val_accuracy":0.0043859649122807015,"_wandb":{"runtime":0},"train_loss":0.43300612372004577,"val_loss":0.4318288747397734}