{"_timestamp":1.7288103200676632e+09,"train_rmse":2.7880413715867225,"val_r2":0.8716493702214276,"_wandb":{"runtime":2},"val_rmse":3.310068322664075,"_step":0,"val_mse":10.95655230070416,"train_r2":0.9064902011632084,"_runtime":2.116684,"train_mse":7.773174689679173}