{"val_r2":0.8608364376852838,"_wandb":{"runtime":0},"_runtime":0.591481,"train_mse":7.841924051340354,"train_r2":0.9056631595443406,"val_rmse":3.446678100526737,"train_rmse":2.8003435595191446,"_step":0,"_timestamp":1.7288115820408618e+09,"val_mse":11.879589928650597}