{"train_loss":0.2667109037596313,"_timestamp":1.7287862141137972e+09,"val_loss":0.2551278111132231,"_step":2,"train_accuracy":0.52875,"val_accuracy":0.5219298245614035,"_wandb":{"runtime":0},"_runtime":0.676861,"early_stop_epoch":43}