{"train_mse":536.6363559364885,"_step":0,"train_rmse":23.165412923936593,"_runtime":0.418094,"_timestamp":1.728812694939629e+09,"train_r2":-5.4556323118220105,"val_r2":-5.847773028380416,"val_rmse":24.17756918074132,"val_mse":584.5548514895324,"_wandb":{"runtime":0}}