{"_runtime":0.58452,"_step":1,"train_loss":0.2727493554894866,"val_loss":0.2579414762909341,"_timestamp":1.728785176098573e+09,"train_accuracy":0.52,"val_accuracy":0.5394736842105263,"_wandb":{"runtime":0}}