{"_timestamp":1.72881661267013e+09,"val_mse":584.5565962668201,"train_rmse":23.165624648955223,"_runtime":0.395842,"train_r2":-5.455750317499022,"val_rmse":24.177605263276593,"val_r2":-5.847793467589535,"_wandb":{"runtime":0},"train_mse":536.6461653762818,"_step":0}