{"_wandb":{"runtime":0},"train_r2":-5.457470168479282,"_timestamp":1.728817178721482e+09,"val_r2":-5.849650438739203,"train_rmse":23.168710174816347,"_runtime":0.471657,"val_rmse":24.180883258757127,"_step":0,"train_mse":536.7891311646385,"val_mse":584.7151151736407}