{"_wandb":{"runtime":0},"train_loss":0.41786360425612457,"val_loss":0.417614975703731,"_timestamp":1.728779958791821e+09,"_runtime":0.469973,"_step":1,"train_accuracy":0.00625,"val_accuracy":0.0043859649122807015}