{"train_rmse":23.1654129238441,"_step":0,"train_mse":536.6363559322034,"_wandb":{"runtime":0},"val_mse":584.5548514851484,"_timestamp":1.728812551823712e+09,"_runtime":0.432114,"val_r2":-5.84777302832906,"train_r2":-5.4556323117704615,"val_rmse":24.177569180650657}