{"_wandb":{"runtime":0},"train_loss":0.2920289116666554,"val_loss":0.2775019160991403,"_timestamp":1.7287759109629362e+09,"_runtime":0.510873,"_step":1,"train_accuracy":0.4125,"val_accuracy":0.40789473684210525}