{"_runtime":0.419312,"_step":1,"train_accuracy":0.00625,"val_accuracy":0.0043859649122807015,"_wandb":{"runtime":0},"train_loss":0.35026897693449555,"val_loss":0.3409684753079322,"_timestamp":1.728784500917877e+09}