{"_wandb":{"runtime":0},"train_mse":9.629076751581055,"val_mse":14.902366891111477,"val_rmse":3.8603583889467408,"train_rmse":3.1030753699485056,"val_r2":0.8254260899623893,"train_r2":0.8841640557467603,"_runtime":0.467627,"_timestamp":1.728810279641695e+09,"_step":0}