{"_runtime":1.329681,"val_accuracy":0.5087719298245614,"_wandb":{"runtime":1},"early_stop_epoch":32,"_step":2,"_timestamp":1.728781174165709e+09,"val_loss":0.25583653943842416,"train_loss":0.25454983207873755,"train_accuracy":0.505}