{"_step":0,"_timestamp":1.728809737762149e+09,"train_r2":-5.0763526830246954,"train_rmse":22.47460870562641,"val_rmse":23.420385070709415,"_runtime":0.406113,"val_r2":-5.4255772693327025,"train_mse":505.1080364710184,"_wandb":{"runtime":0},"val_mse":548.5144368603085}