{"_wandb":{"runtime":0},"train_r2":-5.358847597268372,"val_rmse":24.00231261891507,"_timestamp":1.728810091369986e+09,"val_r2":-5.748857584212148,"_runtime":0.609069,"train_rmse":22.991105841843954,"_step":0,"train_mse":528.5909478308712,"val_mse":576.1110110561297}