{"_step":1,"train_accuracy":0.54375,"val_accuracy":0.5394736842105263,"_wandb":{"runtime":0},"train_loss":0.27557988742272055,"val_loss":0.2634344845187969,"_timestamp":1.728781902260519e+09,"_runtime":0.565639}