{"val_accuracy":0.5350877192982456,"_step":2,"_wandb":{"runtime":0},"_runtime":0.836936,"early_stop_epoch":73,"train_accuracy":0.52875,"train_loss":0.26876439122576384,"_timestamp":1.728786537882962e+09,"val_loss":0.25673762866689276}