{"train_accuracy":0.545,"early_stop_epoch":64,"_wandb":{"runtime":0},"val_accuracy":0.5745614035087719,"_runtime":0.483373,"_step":2,"train_loss":0.25474818054736753,"_timestamp":1.728782869050157e+09,"val_loss":0.25509330616113157}