{"early_stop_epoch":26,"_runtime":0.477285,"_timestamp":1.728813278443403e+09,"val_rmse":24.177569180650657,"val_r2":-5.84777302832906,"_wandb":{"runtime":0},"train_mse":536.6363559322034,"val_mse":584.5548514851484,"train_rmse":23.1654129238441,"train_r2":-5.4556323117704615,"_step":1}