{"_runtime":0.414713,"_step":1,"train_loss":0.35584828217385195,"val_loss":0.3469338299252426,"_timestamp":1.728772328778489e+09,"train_accuracy":0.00625,"val_accuracy":0.0043859649122807015,"_wandb":{"runtime":0}}