{"_wandb":{"runtime":3},"val_loss":0.2748136285626189,"train_accuracy":0.32375,"train_loss":0.29856409698054004,"_runtime":3.040365,"early_stop_epoch":72,"_timestamp":1.728778957209714e+09,"val_accuracy":0.3508771929824561,"_step":2}