{"_wandb":{"runtime":0},"train_loss":0.4167422894299185,"val_loss":0.41348389302105226,"_timestamp":1.728775524937407e+09,"_runtime":0.424475,"_step":1,"train_accuracy":0.00625,"val_accuracy":0.0043859649122807015}