{"_runtime":0.40767,"val_mse":584.554985689637,"_wandb":{"runtime":0},"val_rmse":24.177571956043,"train_r2":-5.455633845138672,"val_r2":-5.847774600468739,"train_mse":536.6364833962672,"_step":0,"_timestamp":1.728813657652606e+09,"train_rmse":23.165415675015787}