{"_wandb":{"runtime":1},"train_loss":0.2710268496406089,"val_loss":0.25904219757093583,"_timestamp":1.7287788262034628e+09,"_runtime":1.6358160000000002,"_step":1,"train_accuracy":0.52,"val_accuracy":0.5175438596491229}