{"val_rmse":24.18652668281175,"_runtime":0.417977,"_step":0,"_wandb":{"runtime":0},"train_r2":-5.460595034072004,"val_r2":-5.8528480053804035,"val_mse":584.9880729783647,"train_rmse":23.174315338040703,"train_mse":537.0488913869485,"_timestamp":1.728812753991661e+09}