{"_step":1,"val_r2":0.880264050815282,"_runtime":2.876397,"_timestamp":1.7288123180791628e+09,"val_mse":10.221166750642883,"early_stop_epoch":74,"train_r2":0.9065921670161745,"train_mse":7.764698589876303,"train_rmse":2.7865208755500652,"_wandb":{"runtime":2},"val_rmse":3.1970559505024125}