{"_timestamp":1.7288103932996962e+09,"val_rmse":23.758223599287525,"train_rmse":22.74846150883106,"val_mse":564.4531885937427,"_step":0,"train_r2":-5.22533541334968,"train_mse":517.4925010187683,"_wandb":{"runtime":0},"_runtime":0.484219,"val_r2":-5.612291918861561}