{"val_mse":591.481083942659,"val_rmse":24.320384124077048,"_step":0,"_runtime":0.43965,"train_mse":543.6189801294469,"_wandb":{"runtime":0},"val_r2":-5.92891044031012,"_timestamp":1.728815468773386e+09,"train_r2":-5.53963193999239,"train_rmse":23.315638102557838}