{"val_mse":11.003688595746942,"train_mse":5.6152986505313045,"train_r2":0.9324490355379674,"_wandb":{"runtime":0},"train_rmse":2.3696621384769823,"_timestamp":1.72881226684466e+09,"val_rmse":3.3171808204779767,"_step":0,"_runtime":0.640631,"val_r2":0.871097191672179}