{"_wandb":{"runtime":1},"_timestamp":1.728811856309736e+09,"train_mse":7.011969971514173,"early_stop_epoch":67,"_runtime":1.242523,"_step":1,"train_rmse":2.648012456827606,"train_r2":0.9156473477488545,"val_rmse":3.442561066258683,"val_mse":11.85122669492012,"val_r2":0.861168699040129}