{"val_accuracy":0.0043859649122807015,"_wandb":{"runtime":0},"train_loss":0.33358852930418037,"val_loss":0.31826802022405143,"_timestamp":1.728777295934301e+09,"_runtime":0.44771,"_step":1,"train_accuracy":0.00625}