{"_runtime":2.166438,"_step":1,"train_accuracy":0.575,"val_accuracy":0.5701754385964912,"_wandb":{"runtime":2},"train_loss":0.2626866966490813,"val_loss":0.2555536066721066,"_timestamp":1.7287719961759691e+09}