{"val_loss":0.2622659495964644,"train_accuracy":0.53,"_wandb":{"runtime":2},"_timestamp":1.7287816539293299e+09,"train_loss":0.25657588183236923,"val_accuracy":0.5263157894736842,"early_stop_epoch":48,"_runtime":2.212745,"_step":2}