{"_timestamp":1.728783964175443e+09,"train_accuracy":0.535,"val_accuracy":0.5394736842105263,"_wandb":{"runtime":0},"_runtime":0.448814,"_step":1,"train_loss":0.27107070329447064,"val_loss":0.2568081899548853}