{"_step":1,"_timestamp":1.72881378170474e+09,"_wandb":{"runtime":0},"train_r2":-5.4556323117704615,"_runtime":0.402219,"val_mse":584.5548514851484,"val_rmse":24.177569180650657,"early_stop_epoch":22,"val_r2":-5.84777302832906,"train_rmse":23.1654129238441,"train_mse":536.6363559322034}