{"train_rmse":4.068326740219683,"train_r2":0.8008912502808573,"val_r2":0.7696309059762035,"train_mse":16.55128246518651,"_timestamp":1.7288104800798862e+09,"val_mse":19.66527964445516,"_step":0,"val_rmse":4.43455517999891,"_wandb":{"runtime":0},"_runtime":0.68643}