{"_step":1,"val_rmse":3.344104110956892,"early_stop_epoch":50,"_wandb":{"runtime":2},"train_mse":7.74497916404785,"_timestamp":1.7288124890956318e+09,"train_r2":0.9068293879221763,"train_rmse":2.7829802665573915,"val_r2":0.868996268189383,"_runtime":2.1888009999999998,"val_mse":11.183032304918784}