{"train_accuracy":0.00625,"_timestamp":1.7287793812245278e+09,"val_accuracy":0.0043859649122807015,"val_loss":0.31596006489070916,"early_stop_epoch":44,"_runtime":2.927936,"_wandb":{"runtime":2},"_step":2,"train_loss":0.3344270474776933}