{"train_rmse":2.80825635162962,"train_mse":7.886303736468105,"_step":0,"_runtime":0.468077,"val_r2":0.8600173251819304,"_timestamp":1.72881107439131e+09,"_wandb":{"runtime":0},"val_rmse":3.4568067395148585,"train_r2":0.9051292804544694,"val_mse":11.949512834355346}