{"val_accuracy":0.4692982456140351,"_runtime":3.383023,"train_loss":0.339656168854243,"early_stop_epoch":66,"_wandb":{"runtime":3},"_timestamp":1.728773737801693e+09,"_step":2,"train_accuracy":0.41125,"val_loss":0.31728342110449076}