{"_wandb":{"runtime":0},"_step":1,"train_loss":0.3580132392764955,"val_loss":0.3499329751176501,"_timestamp":1.728772478973514e+09,"_runtime":0.41729,"val_accuracy":0.0043859649122807015,"train_accuracy":0.00625}