{"val_accuracy":0.0043859649122807015,"_wandb":{"runtime":0},"_step":1,"train_loss":0.35677454422117355,"val_loss":0.3482685442055899,"_timestamp":1.7287841268622248e+09,"_runtime":0.405769,"train_accuracy":0.00625}