{"_timestamp":1.728816918479894e+09,"train_rmse":23.1654129238441,"train_mse":536.6363559322034,"val_rmse":24.177569180650657,"_wandb":{"runtime":0},"_runtime":0.516953,"train_r2":-5.4556323117704615,"early_stop_epoch":79,"val_r2":-5.84777302832906,"_step":1,"val_mse":584.5548514851484}