{"train_accuracy":0.00625,"val_accuracy":0.0043859649122807015,"_wandb":{"runtime":0},"_runtime":0.440259,"_step":1,"train_loss":0.430829990799622,"val_loss":0.4295514653757933,"_timestamp":1.7287804022345102e+09}