{"train_mse":8.705154642360649,"_runtime":0.536412,"train_r2":0.8952786613002385,"_timestamp":1.7288104245062132e+09,"train_rmse":2.9504499050756055,"val_mse":13.066340256350829,"val_r2":0.8469342403726801,"val_rmse":3.614739306831245,"_wandb":{"runtime":0},"_step":0}