{"val_accuracy":0.5526315789473685,"_wandb":{"runtime":0},"train_loss":0.27317403626734094,"val_loss":0.25852829211725814,"_timestamp":1.728782461323646e+09,"_runtime":0.533049,"_step":1,"train_accuracy":0.52875}