{"_step":1,"train_accuracy":0.00625,"val_accuracy":0.0043859649122807015,"_wandb":{"runtime":0},"train_loss":0.3333915572436281,"val_loss":0.3178179790535374,"_timestamp":1.728776416043495e+09,"_runtime":0.534553}