{"_runtime":0.475218,"_step":1,"train_loss":0.41796457806103415,"val_loss":0.4158439748985071,"val_accuracy":0.0043859649122807015,"train_accuracy":0.00625,"_wandb":{"runtime":0},"_timestamp":1.728773793689122e+09}