{"train_r2":0.9460731283121695,"val_r2":0.8743552438079792,"_step":0,"val_rmse":3.274991220374418,"_runtime":0.801149,"train_mse":4.482770782440097,"train_rmse":2.117255483506914,"_timestamp":1.728812439324202e+09,"_wandb":{"runtime":0},"val_mse":10.72556749352952}