{"val_r2":0.8692822500330766,"val_rmse":3.340452018198345,"train_r2":0.9363595364395838,"train_mse":5.290231042531565,"_wandb":{"runtime":1},"_timestamp":1.728811722048398e+09,"train_rmse":2.3000502260888926,"early_stop_epoch":95,"_runtime":1.694703,"_step":1,"val_mse":11.158619685885396}