{"_runtime":0.621818,"_step":1,"train_loss":0.3910971399960535,"train_accuracy":0.00625,"val_accuracy":0.0043859649122807015,"_wandb":{"runtime":0},"val_loss":0.38641838879285834,"_timestamp":1.728774884007474e+09}