{"val_r2":0.8083250131421524,"val_mse":16.362187095363918,"_step":0,"_runtime":0.424407,"train_r2":0.8375452097879279,"train_mse":13.504354401378235,"_timestamp":1.728809618479064e+09,"_wandb":{"runtime":0},"val_rmse":4.045020036460131,"train_rmse":3.6748271253731426}