{"train_loss":0.33182953014364136,"val_loss":0.31607263640558986,"train_accuracy":0.00625,"val_accuracy":0.0043859649122807015,"_wandb":{"runtime":0},"_timestamp":1.72877579387854e+09,"_runtime":0.577171,"_step":1}