{"_step":0,"_wandb":{"runtime":0},"val_mse":584.8412659194377,"train_rmse":23.171310314958202,"val_r2":-5.851128232777483,"_runtime":0.522261,"val_rmse":24.18349159901104,"train_mse":536.9096217120884,"_timestamp":1.7288160924204538e+09,"train_r2":-5.458919646627344}