{"train_r2":0.9255988030380373,"_runtime":0.977237,"_step":0,"val_rmse":3.183495686495279,"val_r2":0.8812776131435834,"train_rmse":2.486913121867076,"_wandb":{"runtime":0},"_timestamp":1.728809727539179e+09,"val_mse":10.134644785934048,"train_mse":6.184736875714647}