{"_wandb":{"runtime":0},"val_loss":0.42908201240817184,"_timestamp":1.728780946014526e+09,"_runtime":0.463786,"_step":1,"train_loss":0.43026593160703025,"train_accuracy":0.00625,"val_accuracy":0.0043859649122807015}