{"val_loss":0.3193104286340023,"_timestamp":1.728775273099333e+09,"_runtime":0.510018,"train_accuracy":0.00625,"val_accuracy":0.0043859649122807015,"_wandb":{"runtime":0},"_step":1,"train_loss":0.33418284562626455}