{"_runtime":0.485729,"_step":1,"train_loss":0.32962190701000327,"train_accuracy":0.00625,"val_accuracy":0.0043859649122807015,"_wandb":{"runtime":0},"val_loss":0.3131412910496248,"_timestamp":1.728775556746633e+09}