{"_timestamp":1.728811027105331e+09,"_step":0,"val_rmse":3.3599028786261647,"_runtime":1.548229,"val_r2":0.8677555254033418,"train_mse":5.872796448160215,"val_mse":11.288947353800388,"_wandb":{"runtime":1},"train_rmse":2.4233853280401396,"train_r2":0.9293513864797047}