{"val_loss":0.25730188415615257,"_timestamp":1.728775784552056e+09,"_runtime":2.489416,"train_accuracy":0.5,"val_accuracy":0.5350877192982456,"_wandb":{"runtime":2},"_step":1,"train_loss":0.27287456350670924}