{"train_accuracy":0.51375,"val_accuracy":0.4868421052631579,"_wandb":{"runtime":0},"_runtime":0.632045,"_step":1,"train_loss":0.2814149987153819,"val_loss":0.26745400908145645,"_timestamp":1.728775690907983e+09}