{"_timestamp":1.7288141606278982e+09,"_wandb":{"runtime":1},"train_r2":-5.4556323117704615,"val_rmse":24.177569180650657,"train_rmse":23.1654129238441,"_runtime":1.2396639999999999,"val_mse":584.5548514851484,"_step":1,"val_r2":-5.84777302832906,"early_stop_epoch":16,"train_mse":536.6363559322034}