{"val_rmse":4.682014753575904,"_step":0,"_wandb":{"runtime":2},"val_mse":21.921262152702433,"train_r2":0.7607488819176649,"train_rmse":4.459617803841491,"val_r2":0.743203178735366,"_runtime":2.192937,"_timestamp":1.728811615925683e+09,"train_mse":19.888190956340004}