{"val_loss":0.25622957978357785,"_step":2,"val_accuracy":0.49122807017543857,"_wandb":{"runtime":1},"_timestamp":1.72878366467286e+09,"train_loss":0.26872535826654576,"early_stop_epoch":44,"train_accuracy":0.48375,"_runtime":1.572069}