{"_wandb":{"runtime":0},"_step":1,"train_loss":0.41805777531665966,"val_loss":0.4156998120414228,"_timestamp":1.728773658920942e+09,"_runtime":0.46499,"train_accuracy":0.00625,"val_accuracy":0.0043859649122807015}