{"_wandb":{"runtime":0},"_step":2,"_runtime":0.584663,"early_stop_epoch":71,"train_loss":0.2436533710820862,"_timestamp":1.728773884855901e+09,"train_accuracy":0.59625,"val_accuracy":0.5921052631578947,"val_loss":0.2558592429088465}