{"val_mse":11.090234572771664,"_step":1,"val_rmse":3.3302003802731845,"early_stop_epoch":76,"train_mse":7.008666969833293,"val_r2":0.8700833480513885,"_timestamp":1.728809038660453e+09,"_wandb":{"runtime":1},"_runtime":1.253721,"train_rmse":2.6473887077332057,"train_r2":0.9156870822248012}