{"val_r2":0.6796771398767864,"val_rmse":5.229159909255011,"train_mse":25.763016725221124,"train_rmse":5.075728196546888,"_wandb":{"runtime":0},"val_mse":27.344113356559877,"_runtime":0.417123,"train_r2":0.6900758560587867,"_step":0,"_timestamp":1.7288116410384471e+09}