{"val_r2":0.8550815043528169,"val_mse":12.3708553642236,"_wandb":{"runtime":0},"val_rmse":3.517222677656847,"_runtime":0.449535,"train_mse":8.201711939533826,"train_rmse":2.8638631146641464,"_timestamp":1.728811015121763e+09,"train_r2":0.9013349803393169,"_step":0}