{"_step":2,"val_loss":0.28684041109859537,"_runtime":2.493521,"_wandb":{"runtime":2},"early_stop_epoch":40,"train_loss":0.3031851283692328,"_timestamp":1.728776299564178e+09,"train_accuracy":0.33625,"val_accuracy":0.3684210526315789}