{"val_accuracy":0.0043859649122807015,"_wandb":{"runtime":0},"_runtime":0.66605,"_step":1,"train_loss":0.39251078891671826,"val_loss":0.3882327059658148,"_timestamp":1.728775310584086e+09,"train_accuracy":0.00625}