{"train_accuracy":0.24625,"val_accuracy":0.24561403508771928,"_wandb":{"runtime":0},"train_loss":0.3025097037041872,"val_loss":0.2862353159790839,"_timestamp":1.728774172158083e+09,"_runtime":0.578268,"_step":1}