{"_timestamp":1.72878656581866e+09,"_runtime":0.96416,"_step":1,"train_loss":0.3868681066603107,"train_accuracy":0.00625,"val_accuracy":0.0043859649122807015,"_wandb":{"runtime":0},"val_loss":0.38212160701136927}