{"train_mse":19.396188469130447,"_wandb":{"runtime":0},"_step":0,"val_r2":0.7390435919665692,"val_rmse":4.71978199305988,"train_rmse":4.4041104061013785,"_timestamp":1.7288117744124029e+09,"_runtime":0.49002,"train_r2":0.7666675773597282,"val_mse":22.27634206201229}