{"_runtime":2.2966860000000002,"early_stop_epoch":34,"val_accuracy":0.5219298245614035,"_step":2,"train_loss":0.25596900443522314,"_timestamp":1.728780446802691e+09,"train_accuracy":0.50625,"_wandb":{"runtime":2},"val_loss":0.2641283667571851}