{"_step":1,"train_loss":0.3321034956265753,"val_loss":0.3164307079301966,"train_accuracy":0.00625,"val_accuracy":0.0043859649122807015,"_wandb":{"runtime":0},"_timestamp":1.72877866404228e+09,"_runtime":0.778372}