{"val_rmse":24.179219407608567,"_step":0,"_wandb":{"runtime":0},"train_mse":536.7124168296672,"_runtime":0.417991,"val_mse":584.6346511612747,"_timestamp":1.7288130624537978e+09,"train_rmse":23.167054556625605,"val_r2":-5.848707842347725,"train_r2":-5.456547309761003}