{"_wandb":{"runtime":0},"val_r2":-5.84777302832906,"train_r2":-5.4556323117704615,"early_stop_epoch":16,"_runtime":0.786815,"val_mse":584.5548514851484,"val_rmse":24.177569180650657,"_timestamp":1.728813025220608e+09,"train_mse":536.6363559322034,"train_rmse":23.1654129238441,"_step":1}