{"train_accuracy":0.5325,"val_accuracy":0.5263157894736842,"_wandb":{"runtime":0},"val_loss":0.25661332454864816,"_timestamp":1.7287847112197828e+09,"_runtime":0.499505,"_step":1,"train_loss":0.2670951052658379}