{"val_accuracy":0.5614035087719298,"_wandb":{"runtime":0},"train_loss":0.27173895299571965,"val_loss":0.257719664961441,"_timestamp":1.72878112973601e+09,"_runtime":0.545517,"_step":1,"train_accuracy":0.53625}