{"_timestamp":1.7288112371658392e+09,"val_mse":17.77533845027981,"val_rmse":4.216080934977389,"_runtime":1.291644,"_wandb":{"runtime":1},"train_mse":11.065714992261025,"train_rmse":3.326516946035451,"val_r2":0.7917706389742638,"early_stop_epoch":43,"_step":1,"train_r2":0.866881573588525}