{"val_accuracy":0.5131578947368421,"train_accuracy":0.51375,"_wandb":{"runtime":0},"val_loss":0.2595335654941702,"_timestamp":1.728783841832596e+09,"_runtime":0.974227,"_step":1,"train_loss":0.2752413635610306}