{"train_loss":0.24570675056320795,"train_accuracy":0.54875,"val_accuracy":0.5482456140350878,"_wandb":{"runtime":0},"val_loss":0.25949394510799334,"_timestamp":1.728772248834859e+09,"_runtime":0.476936,"_step":1}