{"train_rmse":23.1654129238441,"_runtime":0.453652,"val_mse":584.5548514851484,"val_rmse":24.177569180650657,"_wandb":{"runtime":0},"_step":1,"val_r2":-5.84777302832906,"early_stop_epoch":146,"_timestamp":1.728817821712914e+09,"train_mse":536.6363559322034,"train_r2":-5.4556323117704615}