{"_wandb":{"runtime":0},"_runtime":0.595633,"_step":1,"train_loss":0.28450111014488394,"val_loss":0.2762727283962244,"_timestamp":1.7287735839891908e+09,"train_accuracy":0.5225,"val_accuracy":0.5219298245614035}