{"val_accuracy":0.0043859649122807015,"_wandb":{"runtime":0},"_runtime":0.547079,"_step":1,"train_loss":0.3401734409962747,"val_loss":0.32783449906243,"_timestamp":1.728778803789058e+09,"train_accuracy":0.00625}