{"train_loss":0.26576905454524574,"_runtime":0.858125,"val_loss":0.2550015740926595,"_step":2,"_timestamp":1.7287862835001442e+09,"train_accuracy":0.525,"val_accuracy":0.5350877192982456,"early_stop_epoch":68,"_wandb":{"runtime":0}}