{"train_r2":-5.4556323117704615,"val_mse":584.5548514851484,"val_r2":-5.84777302832906,"val_rmse":24.177569180650657,"train_mse":536.6363559322034,"_wandb":{"runtime":0},"early_stop_epoch":24,"_timestamp":1.728812879525035e+09,"_step":1,"train_rmse":23.1654129238441,"_runtime":0.402981}