{"early_stop_epoch":33,"train_accuracy":0.5375,"val_accuracy":0.5789473684210527,"_timestamp":1.728772280976313e+09,"_wandb":{"runtime":1},"train_loss":0.2417792459981525,"_step":2,"_runtime":1.5831089999999999,"val_loss":0.25518567250100593}