{"train_rmse":21.322759179928024,"val_rmse":22.31523618427162,"_timestamp":1.728810821159864e+09,"_runtime":0.45117,"val_r2":-4.833471270659127,"val_mse":497.9697659598254,"_step":0,"_wandb":{"runtime":0},"train_mse":454.66005904520483,"train_r2":-4.469473202099826}