{"_timestamp":1.7287855109584541e+09,"val_loss":0.25484611421646924,"_step":2,"train_accuracy":0.525,"_wandb":{"runtime":0},"early_stop_epoch":72,"val_accuracy":0.5219298245614035,"train_loss":0.2668240522792212,"_runtime":0.952739}