{"_runtime":0.486779,"_step":1,"train_loss":0.33647858705958333,"train_accuracy":0.00625,"val_accuracy":0.0043859649122807015,"_wandb":{"runtime":0},"val_loss":0.32229069387036074,"_timestamp":1.7287843981561532e+09}