{"train_mse":7.946898779036923,"_step":1,"train_r2":0.9044003337284116,"_wandb":{"runtime":0},"val_r2":0.8600772894490922,"early_stop_epoch":41,"_runtime":0.860407,"_timestamp":1.728810566394367e+09,"val_rmse":3.456066265429422,"train_rmse":2.8190244374671396,"val_mse":11.94439403103927}