{"val_accuracy":0.4298245614035088,"_wandb":{"runtime":0},"train_loss":0.2822499913511008,"val_loss":0.27104509351738604,"_timestamp":1.728783766277832e+09,"_runtime":0.463513,"_step":1,"train_accuracy":0.44375}