{"val_loss":0.25973109851847653,"train_accuracy":0.51875,"_runtime":1.98019,"_step":2,"train_loss":0.24540459817651802,"early_stop_epoch":41,"val_accuracy":0.5394736842105263,"_timestamp":1.728774936279354e+09,"_wandb":{"runtime":1}}