{"_step":1,"train_accuracy":0.00625,"val_accuracy":0.0043859649122807015,"_wandb":{"runtime":0},"train_loss":0.33529231432583356,"val_loss":0.32083868805530674,"_timestamp":1.7287759172859032e+09,"_runtime":0.432239}