{"_runtime":3.211141,"_step":1,"train_accuracy":0.3525,"val_accuracy":0.37719298245614036,"_wandb":{"runtime":3},"train_loss":0.3066295020886276,"val_loss":0.294663757401813,"_timestamp":1.728776579600275e+09}