{"_runtime":0.622937,"_step":1,"train_accuracy":0.00625,"val_accuracy":0.0043859649122807015,"_wandb":{"runtime":0},"train_loss":0.33343088303100393,"val_loss":0.317809398419592,"_timestamp":1.728775347822716e+09}