{"train_mse":7.562463027727119,"val_rmse":3.391205448528768,"_runtime":0.97589,"val_mse":11.500274394131203,"val_r2":0.8652799329020439,"train_r2":0.909025021993604,"train_rmse":2.749993277760351,"_wandb":{"runtime":0},"_step":0,"_timestamp":1.728809672278773e+09}