{"_timestamp":1.728811871281889e+09,"val_rmse":3.420806927915584,"val_mse":11.701920038075258,"train_rmse":2.6980134281345207,"_step":0,"train_r2":0.9124317020424602,"val_r2":0.8629177532051824,"train_mse":7.27927645839419,"_runtime":0.511623,"_wandb":{"runtime":0}}