{"_step":1,"train_accuracy":0.54,"val_accuracy":0.5701754385964912,"_wandb":{"runtime":0},"train_loss":0.256209090605004,"val_loss":0.25253880882389346,"_timestamp":1.728779975467634e+09,"_runtime":0.529227}