{"_step":2,"_timestamp":1.728784275231314e+09,"train_accuracy":0.47875,"train_loss":0.2702996576631421,"val_loss":0.25662411936091556,"val_accuracy":0.4868421052631579,"_wandb":{"runtime":1},"early_stop_epoch":40,"_runtime":1.621165}