{"_wandb":{"runtime":0},"_runtime":0.420773,"_step":1,"train_loss":0.4055780387263437,"val_loss":0.40318785948924085,"_timestamp":1.728785025380834e+09,"train_accuracy":0.00625,"val_accuracy":0.0043859649122807015}