{"val_r2":-5.847773071435837,"val_mse":584.5548551649251,"_step":0,"_runtime":0.487652,"train_rmse":23.165413000620774,"val_rmse":24.177569256749635,"train_r2":-5.4556323545620105,"_wandb":{"runtime":0},"_timestamp":1.7288127217151842e+09,"train_mse":536.63635948933}