{"_wandb":{"runtime":0},"train_loss":0.2628959732560251,"val_loss":0.25616675850697623,"_timestamp":1.728771372012628e+09,"_runtime":0.444136,"_step":1,"train_accuracy":0.57,"val_accuracy":0.5570175438596491}