{"_runtime":2.75534,"_step":1,"train_accuracy":0.00625,"val_accuracy":0.0043859649122807015,"_wandb":{"runtime":2},"train_loss":0.3341301519844751,"val_loss":0.3151738054286132,"_timestamp":1.728776407037966e+09}