{"_runtime":1.299712,"_step":1,"train_loss":0.26929110144385887,"val_loss":0.254924659021021,"_timestamp":1.72878606799156e+09,"train_accuracy":0.53375,"val_accuracy":0.5307017543859649,"_wandb":{"runtime":1}}