{"val_accuracy":0.07017543859649122,"_wandb":{"runtime":0},"_runtime":0.46771,"_step":1,"train_loss":0.32017420643834227,"val_loss":0.30312719182107184,"_timestamp":1.728784467622466e+09,"train_accuracy":0.06125}