{"train_loss":0.33972354169854396,"val_loss":0.3171731252908728,"_step":2,"_timestamp":1.728786805986016e+09,"_wandb":{"runtime":3},"_runtime":3.370656,"val_accuracy":0.41228070175438597,"early_stop_epoch":28,"train_accuracy":0.3725}