{"val_accuracy":0.5307017543859649,"_runtime":1.245846,"train_accuracy":0.52625,"train_loss":0.2666301385851237,"val_loss":0.25539102314531137,"_timestamp":1.7287870213007202e+09,"early_stop_epoch":100,"_wandb":{"runtime":1},"_step":2}