{"val_accuracy":0.5394736842105263,"val_loss":0.26039557876821856,"_wandb":{"runtime":1},"early_stop_epoch":34,"_timestamp":1.728780252580071e+09,"_step":2,"train_loss":0.2533362874556335,"train_accuracy":0.5225,"_runtime":1.346837}