{"val_loss":0.25756752648509923,"_timestamp":1.7287752085900538e+09,"_step":2,"_runtime":2.324235,"train_loss":0.24200860300039315,"_wandb":{"runtime":2},"val_accuracy":0.5833333333333334,"early_stop_epoch":41,"train_accuracy":0.565}