{"_timestamp":1.7287782915764291e+09,"_runtime":0.545642,"_step":1,"train_accuracy":0.00625,"val_accuracy":0.0043859649122807015,"_wandb":{"runtime":0},"train_loss":0.3335984710808413,"val_loss":0.3182723854299082}