{"train_rmse":23.1654129238441,"_step":1,"_runtime":0.400445,"val_rmse":24.177569180650657,"_timestamp":1.72881262881692e+09,"val_r2":-5.84777302832906,"val_mse":584.5548514851484,"_wandb":{"runtime":0},"train_r2":-5.4556323117704615,"early_stop_epoch":29,"train_mse":536.6363559322034}