{"_runtime":1.7620230000000001,"val_accuracy":0.5745614035087719,"_timestamp":1.72877268364996e+09,"train_accuracy":0.54125,"_step":2,"train_loss":0.2554495600130673,"val_loss":0.26115001091958034,"early_stop_epoch":48,"_wandb":{"runtime":1}}