{"_wandb":{"runtime":1},"train_loss":0.2527140020010331,"_runtime":1.6619519999999999,"train_accuracy":0.5275,"val_accuracy":0.5482456140350878,"val_loss":0.26534976524688453,"early_stop_epoch":38,"_timestamp":1.728783135400779e+09,"_step":2}