{"train_rmse":2.8799715002044777,"train_mse":8.29423584199003,"train_r2":0.9002219355601018,"_step":0,"val_r2":0.8569312608301067,"_runtime":0.464623,"val_rmse":3.494703468441045,"_wandb":{"runtime":0},"val_mse":12.21295233233387,"_timestamp":1.72881099275542e+09}