{"_step":0,"train_mse":538.921458344176,"val_rmse":24.221984260166153,"val_mse":586.7045214997368,"train_rmse":23.214681956558785,"_timestamp":1.7288157573038652e+09,"_wandb":{"runtime":0},"val_r2":-5.872955356913462,"train_r2":-5.483121654979066,"_runtime":0.425733}