{"val_loss":0.43194934356761644,"_timestamp":1.72877230127367e+09,"train_accuracy":0.00625,"val_accuracy":0.0043859649122807015,"_wandb":{"runtime":0},"_runtime":0.419802,"_step":1,"train_loss":0.43317252916734345}