{"_timestamp":1.728810031696959e+09,"_wandb":{"runtime":0},"val_r2":0.8239702950871798,"train_rmse":3.242763637198989,"val_rmse":3.8764209904701445,"_runtime":0.436615,"train_mse":10.515516006740016,"val_mse":15.026639695357536,"train_r2":0.8735003617298218,"_step":0}