{"train_r2":-5.50472944439697,"train_mse":540.7176457372889,"_step":0,"train_rmse":23.25333622810475,"_runtime":0.410342,"val_mse":588.8405403876005,"val_r2":-5.897977769251933,"val_rmse":24.266036767210267,"_timestamp":1.728809560509136e+09,"_wandb":{"runtime":0}}