{"_wandb":{"runtime":0},"_step":1,"train_loss":0.4322180085909227,"val_loss":0.4310157145692181,"_timestamp":1.7287725112023702e+09,"_runtime":0.445893,"train_accuracy":0.00625,"val_accuracy":0.0043859649122807015}