{"train_loss":0.26782267976497715,"val_loss":0.25686545944592487,"_timestamp":1.728774119256937e+09,"_runtime":0.72249,"train_accuracy":0.56875,"val_accuracy":0.5526315789473685,"_wandb":{"runtime":0},"_step":1}