{"train_r2":-0.0002537795054988745,"_timestamp":1.728812449787425e+09,"val_mse":86.56189453512509,"val_rmse":9.303864494666993,"train_rmse":9.118549355141706,"_runtime":0.581136,"val_r2":-0.014030086608141312,"train_mse":83.14794234215523,"_wandb":{"runtime":0},"_step":0}