{"val_accuracy":0.5,"_wandb":{"runtime":0},"_step":1,"train_loss":0.28238268632402724,"val_loss":0.2668439087559154,"_timestamp":1.728774473904188e+09,"_runtime":0.661312,"train_accuracy":0.4925}