{"_wandb":{"runtime":0},"_runtime":0.791135,"_step":1,"train_loss":0.41401747286813556,"val_loss":0.41110152109003073,"_timestamp":1.728785429396296e+09,"train_accuracy":0.00625,"val_accuracy":0.0043859649122807015}