{"_runtime":0.463576,"_wandb":{"runtime":0},"val_r2":-5.84777302832906,"early_stop_epoch":124,"_step":1,"val_mse":584.5548514851484,"train_rmse":23.1654129238441,"train_r2":-5.4556323117704615,"train_mse":536.6363559322034,"val_rmse":24.177569180650657,"_timestamp":1.7288177742639842e+09}