{"_wandb":{"runtime":0},"val_loss":0.33716410324804574,"_timestamp":1.728771983674691e+09,"_runtime":0.41435,"_step":1,"train_loss":0.34737873361089927,"train_accuracy":0.00625,"val_accuracy":0.0043859649122807015}