{"val_loss":0.2526439863988786,"_timestamp":1.7287726615054011e+09,"_runtime":0.529444,"_step":1,"train_accuracy":0.5925,"val_accuracy":0.5921052631578947,"_wandb":{"runtime":0},"train_loss":0.24865170117158242}