{"_wandb":{"runtime":0},"val_loss":0.3237112863395121,"_timestamp":1.728780327421799e+09,"_runtime":0.451608,"_step":1,"train_loss":0.3371548207922417,"train_accuracy":0.00625,"val_accuracy":0.0043859649122807015}