{"_runtime":0.988087,"_step":1,"train_accuracy":0.50625,"val_accuracy":0.5087719298245614,"_wandb":{"runtime":0},"train_loss":0.2787313890711183,"val_loss":0.2612027281131218,"_timestamp":1.728786895367181e+09}