{"val_r2":0.8595287071243384,"train_rmse":2.9314180165539567,"train_mse":8.593211587777134,"_timestamp":1.728811518078847e+09,"train_r2":0.8966253147504921,"_step":1,"early_stop_epoch":97,"_runtime":1.469199,"_wandb":{"runtime":1},"val_mse":11.991223337157804,"val_rmse":3.4628345812582215}