{"_runtime":0.535599,"_step":1,"val_accuracy":0.5131578947368421,"train_accuracy":0.54125,"_wandb":{"runtime":0},"train_loss":0.2743136851171364,"val_loss":0.26178305763333287,"_timestamp":1.728774538524647e+09}