{"_wandb":{"runtime":0},"_runtime":0.903871,"_step":1,"train_loss":0.2738737392378281,"val_loss":0.2589512500192019,"_timestamp":1.7287864781215959e+09,"train_accuracy":0.5275,"val_accuracy":0.5263157894736842}