{"_timestamp":1.728817080389556e+09,"_runtime":0.4627,"val_mse":584.5548514851484,"early_stop_epoch":23,"train_rmse":23.1654129238441,"val_rmse":24.177569180650657,"_step":1,"train_r2":-5.4556323117704615,"val_r2":-5.84777302832906,"train_mse":536.6363559322034,"_wandb":{"runtime":0}}