{"val_r2":-5.909366518842774,"_timestamp":1.7288153657669902e+09,"_wandb":{"runtime":0},"val_mse":589.8127321933357,"train_mse":541.6925963433143,"_step":0,"val_rmse":24.28606045025285,"_runtime":0.483636,"train_rmse":23.274290458428897,"train_r2":-5.516457912968028}