{"train_loss":0.2594525226897155,"val_loss":0.265148287218829,"_wandb":{"runtime":0},"early_stop_epoch":85,"train_accuracy":0.5575,"val_accuracy":0.5175438596491229,"_timestamp":1.7287816858529532e+09,"_step":2,"_runtime":0.734196}