{"val_mse":584.5548514851484,"train_mse":536.6363559322034,"val_r2":-5.84777302832906,"_step":1,"_timestamp":1.728817948642946e+09,"train_r2":-5.4556323117704615,"val_rmse":24.177569180650657,"_runtime":0.470402,"_wandb":{"runtime":0},"train_rmse":23.1654129238441,"early_stop_epoch":30}