{"_timestamp":1.728781842674092e+09,"train_accuracy":0.00625,"val_accuracy":0.0043859649122807015,"_wandb":{"runtime":0},"_runtime":0.477812,"_step":1,"train_loss":0.41420767680175646,"val_loss":0.41132383597156646}