{"_wandb":{"runtime":0},"train_loss":0.26795922364774155,"val_loss":0.2571951327217205,"_timestamp":1.728774695520571e+09,"_runtime":0.697769,"_step":1,"train_accuracy":0.54,"val_accuracy":0.5350877192982456}