{"_step":1,"_timestamp":1.728817921241288e+09,"val_rmse":24.177569180650657,"train_rmse":23.1654129238441,"val_mse":584.5548514851484,"train_mse":536.6363559322034,"train_r2":-5.4556323117704615,"val_r2":-5.84777302832906,"_wandb":{"runtime":0},"_runtime":0.449151,"early_stop_epoch":27}