{"_step":0,"val_r2":0.482678865986807,"train_mse":45.85343202497841,"train_r2":0.4483920179582126,"_wandb":{"runtime":0},"train_rmse":6.771516227919594,"val_rmse":6.645353168546838,"_runtime":0.454333,"val_mse":44.1607187347155,"_timestamp":1.728812202120669e+09}