{"_wandb":{"runtime":0},"train_loss":0.38702160473831515,"val_loss":0.38131212158648314,"_timestamp":1.728786683468126e+09,"_runtime":0.905512,"_step":1,"train_accuracy":0.00625,"val_accuracy":0.0043859649122807015}