{"val_accuracy":0.0043859649122807015,"_wandb":{"runtime":0},"train_loss":0.3344747726654389,"val_loss":0.3195205636256435,"_timestamp":1.728783257466132e+09,"_runtime":0.640521,"_step":1,"train_accuracy":0.00625}