{"_step":1,"train_accuracy":0.00625,"val_accuracy":0.0043859649122807015,"_wandb":{"runtime":0},"train_loss":0.3398264637538996,"val_loss":0.3274500731309727,"_timestamp":1.728781690962086e+09,"_runtime":0.446472}