{"val_loss":0.2547630422787081,"early_stop_epoch":46,"_wandb":{"runtime":0},"train_accuracy":0.53125,"train_loss":0.2578703889482724,"val_accuracy":0.543859649122807,"_timestamp":1.72878115641854e+09,"_step":2,"_runtime":0.495557}