{"train_r2":-5.4556323117704615,"train_mse":536.6363559322034,"train_rmse":23.1654129238441,"early_stop_epoch":43,"val_rmse":24.177569180650657,"_runtime":0.505015,"_step":1,"_timestamp":1.7288129389089222e+09,"val_mse":584.5548514851484,"val_r2":-5.84777302832906,"_wandb":{"runtime":0}}