{"train_loss":0.3942488836881122,"val_loss":0.39013415970757054,"_timestamp":1.728782907019885e+09,"_runtime":0.459473,"_step":1,"train_accuracy":0.00625,"val_accuracy":0.0043859649122807015,"_wandb":{"runtime":0}}