{"early_stop_epoch":64,"_runtime":0.886308,"val_loss":0.25535699383399163,"train_accuracy":0.5225,"val_accuracy":0.5350877192982456,"_wandb":{"runtime":0},"_timestamp":1.728785446721559e+09,"train_loss":0.2664781826864776,"_step":2}