{"train_mse":538.9174887729713,"val_mse":586.9530137760438,"val_rmse":24.227113195262117,"val_r2":-5.875866321903524,"train_r2":-5.483073901799748,"_wandb":{"runtime":0},"train_rmse":23.214596459403968,"_step":0,"_runtime":0.528184,"_timestamp":1.728816124381417e+09}