{"_timestamp":1.728782997129667e+09,"_runtime":0.557067,"val_accuracy":0.5482456140350878,"val_loss":0.2543874524161035,"train_loss":0.2521549412341365,"early_stop_epoch":72,"_wandb":{"runtime":0},"_step":2,"train_accuracy":0.545}