{"val_accuracy":0.0043859649122807015,"_wandb":{"runtime":0},"train_loss":0.3344169175704548,"val_loss":0.3219351689289579,"_timestamp":1.728781804825891e+09,"_runtime":0.441744,"_step":1,"train_accuracy":0.00625}