{"_wandb":{"runtime":0},"train_rmse":23.1654129238441,"val_rmse":24.177569180650657,"val_mse":584.5548514851484,"train_r2":-5.4556323117704615,"val_r2":-5.84777302832906,"_runtime":0.483781,"early_stop_epoch":36,"train_mse":536.6363559322034,"_step":1,"_timestamp":1.728817713217728e+09}