{"_wandb":{"runtime":0},"train_loss":0.415046997524416,"val_loss":0.41215828922737197,"_timestamp":1.728784738167088e+09,"_runtime":0.425804,"_step":1,"val_accuracy":0.0043859649122807015,"train_accuracy":0.00625}