{"_step":1,"train_accuracy":0.00625,"val_accuracy":0.0043859649122807015,"_wandb":{"runtime":0},"train_loss":0.33372572252604726,"val_loss":0.318287505286624,"_timestamp":1.7287766844927082e+09,"_runtime":0.54867}