{"train_loss":0.3602440030135544,"val_loss":0.3529335886098456,"_timestamp":1.728777845099503e+09,"_runtime":0.533324,"_step":1,"train_accuracy":0.00625,"val_accuracy":0.0043859649122807015,"_wandb":{"runtime":0}}