{"val_loss":0.26844952430675356,"_timestamp":1.7287753048779461e+09,"_runtime":0.855441,"_step":1,"train_accuracy":0.53875,"val_accuracy":0.5175438596491229,"_wandb":{"runtime":0},"train_loss":0.2764985603768623}