{"_timestamp":1.728786154493988e+09,"_runtime":2.01563,"train_accuracy":0.54125,"val_accuracy":0.5526315789473685,"_wandb":{"runtime":2},"_step":1,"train_loss":0.26814193337101033,"val_loss":0.2560566019591265}