{"_runtime":0.497858,"_timestamp":1.72877651321362e+09,"early_stop_epoch":49,"val_accuracy":0.0043859649122807015,"_wandb":{"runtime":0},"train_loss":0.33334573716396704,"val_loss":0.3165692599211408,"_step":2,"train_accuracy":0.00625}