{"_step":1,"val_mse":584.5548514851484,"train_r2":-5.4556323117704615,"train_rmse":23.1654129238441,"_timestamp":1.728815989318017e+09,"early_stop_epoch":27,"_runtime":0.462091,"_wandb":{"runtime":0},"train_mse":536.6363559322034,"val_r2":-5.84777302832906,"val_rmse":24.177569180650657}