{"_runtime":0.756074,"_step":1,"train_loss":0.27214479681732334,"val_loss":0.2616549516528221,"_timestamp":1.7287784911654139e+09,"train_accuracy":0.51625,"val_accuracy":0.5,"_wandb":{"runtime":0}}