{"_wandb":{"runtime":0},"val_rmse":24.208195815353697,"val_mse":586.0367446345083,"val_r2":-5.865132678861889,"train_mse":538.046252052375,"_step":0,"_runtime":0.392249,"train_r2":-5.472593091354262,"train_rmse":23.19582402184443,"_timestamp":1.728812600222856e+09}