{"_step":2,"val_loss":0.24765906785769762,"_timestamp":1.728774156646573e+09,"train_loss":0.24413653464867485,"train_accuracy":0.56375,"val_accuracy":0.6008771929824561,"_wandb":{"runtime":0},"_runtime":0.556293,"early_stop_epoch":84}