{"_step":1,"train_loss":0.27850468238331,"val_loss":0.2648941423576289,"train_accuracy":0.48125,"val_accuracy":0.4780701754385965,"_wandb":{"runtime":0},"_timestamp":1.7287812320576372e+09,"_runtime":0.531982}