{"train_accuracy":0.45125,"val_accuracy":0.4517543859649123,"_wandb":{"runtime":2},"val_loss":0.2637297758087199,"_timestamp":1.7287759345802171e+09,"_runtime":2.428972,"_step":1,"train_loss":0.27428066957600333}