{"train_mse":486.48515964409347,"_runtime":0.429388,"val_r2":-5.230493776140105,"_wandb":{"runtime":0},"train_rmse":22.056408584447592,"val_rmse":23.06211796987279,"val_mse":531.8612852563294,"train_r2":-4.852323050941387,"_timestamp":1.728811247730804e+09,"_step":0}