{"_step":2,"_wandb":{"runtime":1},"early_stop_epoch":18,"train_accuracy":0.33875,"val_loss":0.3172837176515337,"_timestamp":1.7287724582725859e+09,"val_accuracy":0.36403508771929827,"_runtime":1.189378,"train_loss":0.3396559536980647}