{"val_loss":0.4148860095294912,"_timestamp":1.7287735253537679e+09,"_runtime":0.433436,"_step":1,"train_loss":0.4169189245905203,"train_accuracy":0.00625,"val_accuracy":0.0043859649122807015,"_wandb":{"runtime":0}}