{"val_accuracy":0.0043859649122807015,"_wandb":{"runtime":0},"_step":1,"train_loss":0.33320285559840956,"val_loss":0.3175892267480714,"_timestamp":1.728778169399269e+09,"_runtime":0.711285,"train_accuracy":0.00625}