{"val_r2":0.7545653777474288,"_runtime":1.389268,"train_mse":14.861198992208337,"_step":1,"train_rmse":3.85502256701674,"val_rmse":4.577263026810025,"_timestamp":1.728812175296432e+09,"early_stop_epoch":51,"_wandb":{"runtime":1},"val_mse":20.951336816602065,"train_r2":0.8212226299146395}