{"_timestamp":1.728772080837934e+09,"_runtime":0.604016,"_step":1,"train_accuracy":0.00625,"val_accuracy":0.0043859649122807015,"_wandb":{"runtime":0},"train_loss":0.33174882326733807,"val_loss":0.31559297778943507}