{"_wandb":{"runtime":0},"val_rmse":3.676705127839565,"train_r2":0.889919253439008,"_runtime":0.904547,"train_rmse":3.0250066639126114,"val_mse":13.518160597081751,"_step":0,"val_r2":0.8416413869560213,"_timestamp":1.728810685711853e+09,"train_mse":9.150665316715706}