{"_wandb":{"runtime":1},"val_accuracy":0.5701754385964912,"_runtime":1.7252640000000001,"_timestamp":1.7287830744282858e+09,"train_loss":0.24764191770555233,"early_stop_epoch":38,"train_accuracy":0.55,"val_loss":0.2574712312077122,"_step":2}