{"_timestamp":1.72881227203557e+09,"train_mse":36.30715678663866,"val_mse":37.46059008544136,"val_r2":0.5611675828869693,"_runtime":0.46356,"_wandb":{"runtime":0},"_step":0,"train_rmse":6.025542032600773,"val_rmse":6.1205057050411575,"train_r2":0.5632318759075055}