{"train_loss":0.416271772378764,"val_loss":0.41373013384793866,"_timestamp":1.7287735902890399e+09,"_runtime":0.453694,"_step":1,"train_accuracy":0.00625,"val_accuracy":0.0043859649122807015,"_wandb":{"runtime":0}}