{"train_loss":0.37415862708475767,"val_loss":0.36807114976767324,"_timestamp":1.728782746912854e+09,"_runtime":0.509444,"_step":1,"train_accuracy":0.00625,"val_accuracy":0.0043859649122807015,"_wandb":{"runtime":0}}