{"train_mse":537.2458340017707,"_runtime":0.418701,"_timestamp":1.728809692913741e+09,"train_r2":-5.462964215909494,"val_mse":585.2277256121419,"_wandb":{"runtime":0},"train_rmse":23.178564105694097,"val_rmse":24.191480434486472,"_step":0,"val_r2":-5.8556554182991025}