{"_wandb":{"runtime":0},"val_loss":0.35108044866499644,"_timestamp":1.7287713872163572e+09,"_runtime":0.407208,"_step":1,"train_loss":0.3595149603175137,"train_accuracy":0.00625,"val_accuracy":0.0043859649122807015}