{"train_accuracy":0.00625,"val_accuracy":0.0043859649122807015,"_wandb":{"runtime":0},"train_loss":0.40620085942938355,"val_loss":0.4031578859502218,"_timestamp":1.728781195124445e+09,"_runtime":0.509306,"_step":1}