{"val_rmse":24.177569180650657,"_step":1,"train_r2":-5.4556323117704615,"_wandb":{"runtime":0},"train_rmse":23.1654129238441,"early_stop_epoch":30,"_runtime":0.450126,"train_mse":536.6363559322034,"_timestamp":1.7288166235153081e+09,"val_r2":-5.84777302832906,"val_mse":584.5548514851484}