{"train_rmse":22.17270799097078,"_step":0,"val_r2":-5.293931113795812,"train_r2":-4.914202217880863,"_runtime":0.391283,"_timestamp":1.728811079738571e+09,"val_rmse":23.17922700502686,"train_mse":491.62897965285936,"val_mse":537.2765645505664,"_wandb":{"runtime":0}}