{"_wandb":{"runtime":1},"train_loss":0.33311588173488177,"val_loss":0.3175394263840796,"_timestamp":1.728779116577923e+09,"_runtime":1.131457,"_step":1,"train_accuracy":0.00625,"val_accuracy":0.0043859649122807015}