{"val_accuracy":0.5394736842105263,"_wandb":{"runtime":1},"val_loss":0.2536728559458183,"_timestamp":1.728786181147617e+09,"_runtime":1.358879,"_step":1,"train_loss":0.26776171465590304,"train_accuracy":0.53875}