{"train_loss":0.28352164295937876,"val_loss":0.26696398862289955,"val_accuracy":0.4649122807017544,"train_accuracy":0.4675,"_wandb":{"runtime":0},"_timestamp":1.728785344071668e+09,"_runtime":0.51895,"_step":1}