{"_step":0,"val_r2":0.8511067576411722,"_timestamp":1.728811176741448e+09,"_runtime":0.561866,"train_r2":0.9045273851300635,"_wandb":{"runtime":0},"train_mse":7.93633739668027,"val_mse":12.710156544929287,"train_rmse":2.8171505811156545,"val_rmse":3.5651306490687387}