{"train_rmse":2.9188980057744036,"val_r2":0.8585901922473673,"_step":0,"val_rmse":3.474383245151973,"_timestamp":1.728810933731242e+09,"_wandb":{"runtime":0},"train_mse":8.519965568113792,"train_r2":0.8975064503016342,"val_mse":12.071338934192754,"_runtime":0.428775}