{"_runtime":0.456018,"_step":1,"train_accuracy":0.48625,"val_accuracy":0.4956140350877193,"_wandb":{"runtime":0},"train_loss":0.2779011606680059,"val_loss":0.26258283033980406,"_timestamp":1.728785063055969e+09}