{"_runtime":0.570485,"_step":1,"train_loss":0.26104424867763565,"val_loss":0.25786355485316614,"train_accuracy":0.575,"val_accuracy":0.5526315789473685,"_wandb":{"runtime":0},"_timestamp":1.728781993623821e+09}