{"_step":1,"train_accuracy":0.00625,"val_accuracy":0.0043859649122807015,"_wandb":{"runtime":0},"train_loss":0.3760358918322076,"val_loss":0.369405030513492,"_timestamp":1.728774277171828e+09,"_runtime":0.644908}