{"_runtime":0.87956,"train_loss":0.316096154211883,"_timestamp":1.728783637158497e+09,"early_stop_epoch":16,"val_loss":0.3018448236299125,"_step":2,"train_accuracy":0.305,"_wandb":{"runtime":0},"val_accuracy":0.31140350877192985}