{"val_loss":0.2628661762784314,"_step":2,"train_loss":0.2727653409067584,"_runtime":0.697352,"early_stop_epoch":143,"train_accuracy":0.5025,"val_accuracy":0.5,"_timestamp":1.728778761248139e+09,"_wandb":{"runtime":0}}