{"_runtime":0.48824,"_step":1,"train_accuracy":0.45125,"val_accuracy":0.45614035087719296,"_wandb":{"runtime":0},"train_loss":0.2832747568791817,"val_loss":0.26518182902157406,"_timestamp":1.728784353978296e+09}