{"val_loss":0.35755256610286656,"_timestamp":1.728776089572942e+09,"_runtime":0.501973,"_step":1,"train_accuracy":0.00625,"val_accuracy":0.0043859649122807015,"_wandb":{"runtime":0},"train_loss":0.365693389546524}