{"train_loss":0.4331860744871405,"val_loss":0.43206533612476256,"_timestamp":1.7287720204892108e+09,"_runtime":0.423341,"train_accuracy":0.00625,"val_accuracy":0.0043859649122807015,"_wandb":{"runtime":0},"_step":1}