{"val_rmse":24.177569180650657,"train_r2":-5.4556323117704615,"_timestamp":1.7288136191200461e+09,"_wandb":{"runtime":0},"val_mse":584.5548514851484,"train_mse":536.6363559322034,"val_r2":-5.84777302832906,"_step":1,"_runtime":0.619602,"early_stop_epoch":16,"train_rmse":23.1654129238441}