{"train_mse":37.188594510217264,"val_mse":40.91140461566285,"val_r2":0.5207429852537786,"_timestamp":1.728811106500533e+09,"train_r2":0.5526283493550361,"_wandb":{"runtime":0},"_step":0,"train_rmse":6.098245199253411,"val_rmse":6.396202358873807,"_runtime":0.531822}