{"val_accuracy":0.31140350877192985,"_wandb":{"runtime":0},"train_loss":0.29819591579889054,"val_loss":0.28806620378945597,"_timestamp":1.72878371281348e+09,"_runtime":0.45212,"_step":1,"train_accuracy":0.32125}