{"_timestamp":1.728781135743381e+09,"_runtime":0.580479,"_step":1,"train_accuracy":0.00625,"val_accuracy":0.0043859649122807015,"_wandb":{"runtime":0},"train_loss":0.4058889509250936,"val_loss":0.40297409218995695}