{"_step":1,"train_accuracy":0.00625,"val_accuracy":0.0043859649122807015,"_wandb":{"runtime":0},"train_loss":0.3919317320012887,"val_loss":0.3875948188913533,"_timestamp":1.7287753854522371e+09,"_runtime":0.525709}