{"val_rmse":3.531779485279534,"train_rmse":3.179076502395647,"_timestamp":1.72881055073491e+09,"val_r2":0.8538794672468777,"train_mse":10.10652740808414,"_step":0,"_wandb":{"runtime":1},"train_r2":0.8784204160337127,"val_mse":12.47346633264137,"_runtime":1.164733}