{"_wandb":{"runtime":0},"train_loss":0.43099188108004644,"val_loss":0.42961476473448107,"_timestamp":1.728780530970931e+09,"_runtime":0.446203,"_step":1,"train_accuracy":0.00625,"val_accuracy":0.0043859649122807015}