{"_wandb":{"runtime":0},"_runtime":0.442623,"_step":1,"train_loss":0.4055823467362423,"val_loss":0.4024413911939721,"_timestamp":1.7287850903661592e+09,"train_accuracy":0.00625,"val_accuracy":0.0043859649122807015}