{"train_mse":7.533885550983351,"_wandb":{"runtime":0},"train_r2":0.9093688035511086,"_step":0,"val_mse":12.115255872139405,"val_rmse":3.4806976128557054,"val_r2":0.8580757268855731,"_timestamp":1.728811635533154e+09,"train_rmse":2.744792442241007,"_runtime":0.478492}