{"val_rmse":4.809972612700951,"val_mse":23.13583653493321,"_runtime":0.771195,"train_mse":23.704078666772606,"val_r2":0.7289750362874701,"_wandb":{"runtime":0},"train_rmse":4.868683463398766,"_timestamp":1.728811570618583e+09,"train_r2":0.7148444855247589,"_step":0}