{"_timestamp":1.728782497965881e+09,"_runtime":0.629283,"_step":1,"train_accuracy":0.00625,"val_accuracy":0.0043859649122807015,"_wandb":{"runtime":0},"train_loss":0.3718211481647102,"val_loss":0.3664656506845385}