{"val_loss":0.264922953355381,"_timestamp":1.728786652134503e+09,"_runtime":0.912993,"_step":1,"train_accuracy":0.51,"val_accuracy":0.5043859649122807,"_wandb":{"runtime":0},"train_loss":0.2791628867294761}