{"train_loss":0.30125123589579783,"val_loss":0.31579113511374896,"_timestamp":1.728782808664306e+09,"train_accuracy":0.40625,"val_accuracy":0.4517543859649123,"_wandb":{"runtime":0},"_runtime":0.884598,"early_stop_epoch":16,"_step":2}