{"_runtime":0.606149,"_step":1,"train_loss":0.2739564713507154,"val_loss":0.25990774052267673,"train_accuracy":0.515,"val_accuracy":0.5307017543859649,"_wandb":{"runtime":0},"_timestamp":1.728777141607446e+09}