{"val_loss":0.3645819093679759,"_timestamp":1.728786311642566e+09,"val_accuracy":0.0043859649122807015,"train_accuracy":0.00625,"_wandb":{"runtime":0},"_runtime":0.886013,"_step":1,"train_loss":0.370963545149205}