{"_step":0,"_runtime":0.392702,"_timestamp":1.728809930303658e+09,"val_rmse":23.735585413572196,"train_mse":515.9745899864455,"_wandb":{"runtime":0},"train_rmse":22.715074069578673,"val_r2":-5.599696787316576,"train_r2":-5.207075235114766,"val_mse":563.3780149249811}