{"_timestamp":1.728781550863919e+09,"_step":2,"early_stop_epoch":16,"train_loss":0.30125123589579783,"_runtime":0.890703,"train_accuracy":0.40625,"val_accuracy":0.4517543859649123,"_wandb":{"runtime":0},"val_loss":0.31579113511374896}