{"val_loss":0.2577753893771468,"_timestamp":1.7287836689865742e+09,"_runtime":0.449723,"train_accuracy":0.51125,"val_accuracy":0.5263157894736842,"_wandb":{"runtime":0},"_step":1,"train_loss":0.2730922024943312}