{"_runtime":0.439455,"val_r2":0.8580790656170495,"val_rmse":3.4806566713635574,"train_r2":0.9037657237520071,"_step":0,"_timestamp":1.728810875001009e+09,"train_mse":7.999651905102506,"val_mse":12.114970863907638,"_wandb":{"runtime":0},"train_rmse":2.8283655890111707}