{"_step":1,"val_rmse":3.488617916622459,"train_rmse":3.1085645468375414,"train_mse":9.663173541855288,"_wandb":{"runtime":2},"val_mse":12.170454968179227,"_runtime":2.314004,"early_stop_epoch":53,"train_r2":0.8837538779073562,"_timestamp":1.7288124569827251e+09,"val_r2":0.8574290965820365}