{"_step":1,"train_loss":0.374554549330043,"val_loss":0.37027115032208463,"_timestamp":1.728776020789066e+09,"train_accuracy":0.00625,"val_accuracy":0.0043859649122807015,"_wandb":{"runtime":1},"_runtime":1.3647230000000001}