{"_wandb":{"runtime":2},"_step":2,"train_accuracy":0.5475,"val_accuracy":0.543859649122807,"_runtime":2.4328089999999998,"_timestamp":1.728781956976835e+09,"early_stop_epoch":52,"val_loss":0.26117710386174503,"train_loss":0.25821645125499526}