{"_runtime":0.776491,"_step":1,"train_accuracy":0.56,"val_accuracy":0.5701754385964912,"_wandb":{"runtime":0},"train_loss":0.25917491717788094,"val_loss":0.25161401353078733,"_timestamp":1.728774261533278e+09}