{"_step":0,"train_r2":-5.455632311770462,"_timestamp":1.728814396960045e+09,"_runtime":0.428644,"_wandb":{"runtime":0},"train_mse":536.6363559322034,"train_rmse":23.1654129238441,"val_rmse":24.177569180650657,"val_mse":584.5548514851486,"val_r2":-5.847773028329061}