{"_runtime":1.438177,"_step":1,"train_loss":0.27027566156801874,"train_accuracy":0.545,"val_accuracy":0.5526315789473685,"_wandb":{"runtime":1},"val_loss":0.25581242325753467,"_timestamp":1.728786728596063e+09}