{"_runtime":3.197292,"train_rmse":2.480529427074073,"train_r2":0.9259802759133793,"_timestamp":1.728812345167895e+09,"_wandb":{"runtime":3},"val_rmse":2.982942464769171,"early_stop_epoch":69,"train_mse":6.153026238580429,"val_r2":0.8957649350668657,"_step":1,"val_mse":8.897945748123178}