{"train_loss":0.2759629703154635,"train_accuracy":0.53625,"val_accuracy":0.5263157894736842,"_wandb":{"runtime":1},"val_loss":0.2610742373263662,"_timestamp":1.728795152541157e+09,"_runtime":1.6512,"_step":1}