{"_runtime":0.586907,"_step":1,"train_loss":0.27857221524007403,"val_loss":0.26456676408193364,"train_accuracy":0.51875,"val_accuracy":0.5043859649122807,"_wandb":{"runtime":0},"_timestamp":1.728782402500944e+09}