{"val_loss":0.256469457070481,"_timestamp":1.7287827102902138e+09,"_runtime":0.554794,"_step":1,"train_accuracy":0.53,"val_accuracy":0.5526315789473685,"_wandb":{"runtime":0},"train_loss":0.27095382457275846}