{"train_loss":0.266459913125182,"val_accuracy":0.5307017543859649,"_runtime":0.678843,"val_loss":0.2554153615133579,"_step":2,"train_accuracy":0.53125,"_wandb":{"runtime":0},"early_stop_epoch":37,"_timestamp":1.7287863274642382e+09}