{"train_r2":-3.706418795112401,"val_r2":-4.0225975978914414,"train_rmse":19.779528622313283,"_runtime":0.393961,"_wandb":{"runtime":0},"val_mse":428.75016165971124,"_step":0,"_timestamp":1.728811046354175e+09,"val_rmse":20.706283144488083,"train_mse":391.2297525209104}