{"_step":1,"train_loss":0.4273454031667626,"train_accuracy":0.00625,"val_accuracy":0.0043859649122807015,"_wandb":{"runtime":0},"val_loss":0.42680925320262336,"_timestamp":1.728771484260181e+09,"_runtime":0.395298}