{"val_loss":0.4308362860309688,"_timestamp":1.728780660712385e+09,"_runtime":0.458572,"_step":1,"train_accuracy":0.00625,"val_accuracy":0.0043859649122807015,"_wandb":{"runtime":0},"train_loss":0.4321362287884258}