{"val_rmse":22.25861577415032,"_timestamp":1.728809871430291e+09,"train_r2":-4.527481725379068,"train_rmse":21.43553415832588,"train_mse":459.4821246527555,"val_mse":495.4459761812535,"_step":0,"val_r2":-4.80390631275831,"_runtime":0.392818,"_wandb":{"runtime":0}}