{"_wandb":{"runtime":0},"_timestamp":1.728778998308161e+09,"_runtime":0.965735,"_step":1,"train_loss":0.33314548172409675,"val_loss":0.3175768695674558,"train_accuracy":0.00625,"val_accuracy":0.0043859649122807015}