{"_runtime":1.077039,"val_accuracy":0.543859649122807,"train_accuracy":0.55125,"_wandb":{"runtime":1},"_step":1,"train_loss":0.27306388880368265,"val_loss":0.26807383846002814,"_timestamp":1.728783274614505e+09}