{"_wandb":{"runtime":1},"train_mse":5.239278093232617,"train_r2":0.936972490635173,"train_rmse":2.288946939802803,"val_rmse":3.043409586618446,"_timestamp":1.728810919590353e+09,"_step":1,"val_mse":9.262341911921059,"_runtime":1.336784,"val_r2":0.8914962129516664,"early_stop_epoch":83}