{"train_loss":0.431249717034646,"val_loss":0.4301186098996248,"_timestamp":1.728780732075417e+09,"_runtime":0.447235,"_step":1,"train_accuracy":0.00625,"val_accuracy":0.0043859649122807015,"_wandb":{"runtime":0}}