{"_runtime":3.322105,"_step":1,"train_accuracy":0.34875,"val_accuracy":0.37719298245614036,"_wandb":{"runtime":3},"train_loss":0.30160198857532083,"val_loss":0.28793831761382227,"_timestamp":1.7287768490379379e+09}