{"_step":1,"train_loss":0.374924497600129,"train_accuracy":0.00625,"val_accuracy":0.0043859649122807015,"_wandb":{"runtime":0},"val_loss":0.3710795078012731,"_timestamp":1.728775669336597e+09,"_runtime":0.416157}