{"early_stop_epoch":20,"train_accuracy":0.42625,"val_accuracy":0.43859649122807015,"_runtime":1.1613769999999999,"_step":2,"_wandb":{"runtime":1},"_timestamp":1.728772102747875e+09,"train_loss":0.3396561607464072,"val_loss":0.3172834313633874}