{"_timestamp":1.728816179070057e+09,"train_rmse":23.323472537091803,"_step":0,"_wandb":{"runtime":0},"val_rmse":24.336493081523926,"train_r2":-5.5440275242665855,"val_mse":592.264895507062,"train_mse":543.9843711884755,"_runtime":0.692704,"val_r2":-5.938092407881468}