{"val_accuracy":0.5482456140350878,"_wandb":{"runtime":0},"train_loss":0.2582890680784782,"val_loss":0.2542380817640388,"_timestamp":1.728780042063485e+09,"_runtime":0.463477,"_step":1,"train_accuracy":0.54125}