{"_runtime":0.414489,"val_r2":-5.84777302832906,"_wandb":{"runtime":0},"_timestamp":1.728817767600492e+09,"early_stop_epoch":25,"val_mse":584.5548514851484,"val_rmse":24.177569180650657,"_step":1,"train_r2":-5.4556323117704615,"train_mse":536.6363559322034,"train_rmse":23.1654129238441}