{"val_accuracy":0.0043859649122807015,"_wandb":{"runtime":2},"_step":1,"train_loss":0.33438790429241066,"val_loss":0.31551593905497516,"_timestamp":1.72877626312829e+09,"_runtime":2.877061,"train_accuracy":0.00625}