{"train_rmse":23.1654129238441,"val_r2":-5.84777302832906,"early_stop_epoch":27,"train_mse":536.6363559322034,"_timestamp":1.728816482424756e+09,"_wandb":{"runtime":0},"val_rmse":24.177569180650657,"train_r2":-5.4556323117704615,"val_mse":584.5548514851484,"_runtime":0.441829,"_step":1}