{"_step":1,"val_accuracy":0.5,"train_accuracy":0.4925,"_wandb":{"runtime":1},"train_loss":0.2686382474874453,"val_loss":0.2563573273174581,"_timestamp":1.7287839497227619e+09,"_runtime":1.799794}