{"_wandb":{"runtime":0},"val_loss":0.32524210382953944,"_timestamp":1.728772350539605e+09,"_runtime":0.491528,"_step":1,"train_loss":0.3385006326663544,"train_accuracy":0.00625,"val_accuracy":0.0043859649122807015}