{"train_rmse":23.317879410025064,"train_mse":543.7235001804708,"_runtime":0.407431,"val_mse":591.9890792521292,"val_rmse":24.330825700171566,"train_r2":-5.540889296135258,"_step":0,"_timestamp":1.7288160657317061e+09,"val_r2":-5.934861355899769,"_wandb":{"runtime":0}}