{"train_loss":0.2592742887083286,"train_accuracy":0.49375,"val_loss":0.2570031553545742,"_runtime":1.2560959999999999,"_wandb":{"runtime":1},"_timestamp":1.728779937994965e+09,"_step":2,"early_stop_epoch":28,"val_accuracy":0.5307017543859649}