{"_timestamp":1.7287820795254998e+09,"_runtime":0.491004,"_step":1,"train_accuracy":0.00625,"val_accuracy":0.0043859649122807015,"_wandb":{"runtime":0},"train_loss":0.33556099069328194,"val_loss":0.32184974429918245}