{"_wandb":{"runtime":2},"_timestamp":1.728785878493765e+09,"train_accuracy":0.375,"train_loss":0.31257109554626794,"val_loss":0.2990842774349639,"early_stop_epoch":29,"_runtime":2.604539,"val_accuracy":0.41228070175438597,"_step":2}