{"_timestamp":1.7287795993626938e+09,"_runtime":1.051263,"_step":1,"train_accuracy":0.00625,"val_accuracy":0.0043859649122807015,"_wandb":{"runtime":1},"train_loss":0.333101224315348,"val_loss":0.3174600318012326}