{"_wandb":{"runtime":0},"val_mse":584.5548514851484,"_timestamp":1.7288160177845619e+09,"_runtime":0.860421,"train_mse":536.6363559322034,"_step":1,"train_rmse":23.1654129238441,"val_r2":-5.84777302832906,"early_stop_epoch":16,"val_rmse":24.177569180650657,"train_r2":-5.4556323117704615}