{"val_rmse":21.170852219387005,"train_mse":407.53927849929835,"_timestamp":1.728811133274131e+09,"train_rmse":20.187602098795644,"_runtime":0.444905,"val_mse":448.20498369512364,"val_r2":-4.250501284374528,"_step":0,"train_r2":-3.9026192607197716,"_wandb":{"runtime":0}}