{"_runtime":0.825225,"_step":1,"train_accuracy":0.57625,"val_accuracy":0.5614035087719298,"_wandb":{"runtime":0},"train_loss":0.2775069656956969,"val_loss":0.27215863231198345,"_timestamp":1.7287806781871e+09}