{"val_loss":0.25591393368418935,"_timestamp":1.7287863330961778e+09,"_runtime":0.917745,"train_accuracy":0.53,"val_accuracy":0.543859649122807,"_wandb":{"runtime":0},"_step":1,"train_loss":0.2712131066302243}