{"_runtime":0.488849,"_step":1,"train_loss":0.33310382387950527,"train_accuracy":0.00625,"val_accuracy":0.0043859649122807015,"_wandb":{"runtime":0},"val_loss":0.3176102811962213,"_timestamp":1.728777430733363e+09}