{"val_accuracy":0.0043859649122807015,"train_accuracy":0.00625,"_wandb":{"runtime":0},"_runtime":0.389501,"_step":1,"train_loss":0.4165283535722752,"val_loss":0.4140434191690302,"_timestamp":1.728784700241502e+09}