{"_runtime":0.562204,"val_loss":0.2612436048518687,"_wandb":{"runtime":0},"train_accuracy":0.57625,"train_loss":0.25290560228404146,"early_stop_epoch":89,"_timestamp":1.728783306972403e+09,"val_accuracy":0.5570175438596491,"_step":2}