{"train_accuracy":0.00625,"val_accuracy":0.0043859649122807015,"_wandb":{"runtime":0},"train_loss":0.389920719917349,"val_loss":0.3857779456034166,"_timestamp":1.728783289750706e+09,"_runtime":0.577118,"_step":1}