{"train_rmse":3.069094111416954,"val_rmse":3.776110246245136,"train_r2":0.8866871646555954,"val_r2":0.8329627165054775,"_wandb":{"runtime":0},"_runtime":0.446737,"_timestamp":1.728809748619318e+09,"train_mse":9.419338664734223,"val_mse":14.2590085917975,"_step":0}