{"val_loss":0.2990842774349639,"_timestamp":1.728784706439015e+09,"_step":2,"train_accuracy":0.375,"val_accuracy":0.41228070175438597,"_wandb":{"runtime":1},"_runtime":1.175193,"early_stop_epoch":29,"train_loss":0.31257109554626794}