{"_runtime":1.723386,"_step":1,"train_accuracy":0.49125,"val_accuracy":0.5087719298245614,"_wandb":{"runtime":1},"train_loss":0.2749031880545463,"val_loss":0.260659381190641,"_timestamp":1.7287743258925729e+09}