{"_wandb":{"runtime":0},"train_mse":536.6363559322082,"train_r2":-5.455632311770519,"val_mse":584.5548514851537,"_timestamp":1.728818116296652e+09,"train_rmse":23.165412923844205,"val_r2":-5.8477730283291205,"val_rmse":24.177569180650764,"_step":0,"_runtime":0.586985}