{"_timestamp":1.72878503114396e+09,"train_accuracy":0.28625,"early_stop_epoch":16,"_wandb":{"runtime":0},"train_loss":0.31370919466901065,"val_accuracy":0.2982456140350877,"_runtime":0.787645,"val_loss":0.29839236784219575,"_step":2}