{"val_accuracy":0.5307017543859649,"_wandb":{"runtime":1},"train_loss":0.2688784068983948,"val_loss":0.25474054236676064,"_timestamp":1.7287859093977878e+09,"_runtime":1.296912,"_step":1,"train_accuracy":0.53875}