{"_wandb":{"runtime":1},"_runtime":1.799396,"_step":1,"train_loss":0.2731150375547617,"val_loss":0.2588935954282687,"_timestamp":1.728786988820639e+09,"train_accuracy":0.54875,"val_accuracy":0.5482456140350878}