{"train_accuracy":0.545,"val_accuracy":0.5701754385964912,"_wandb":{"runtime":0},"_runtime":0.630505,"_step":1,"train_loss":0.26600624245544263,"val_loss":0.2546488878822606,"_timestamp":1.7287815287183318e+09}