{"_wandb":{"runtime":0},"train_loss":0.4102478692526725,"val_loss":0.4071445966980013,"_timestamp":1.728781599690754e+09,"_runtime":0.452414,"_step":1,"train_accuracy":0.00625,"val_accuracy":0.0043859649122807015}