{"_timestamp":1.728780064675254e+09,"_runtime":1.6802730000000001,"_step":2,"val_accuracy":0.5964912280701754,"val_loss":0.25467692239744405,"early_stop_epoch":46,"train_accuracy":0.55,"_wandb":{"runtime":1},"train_loss":0.24355428881547156}