{"_wandb":{"runtime":0},"train_r2":-5.5467698421563,"_runtime":0.425119,"_step":0,"train_rmse":23.32835895271283,"train_mse":544.2123314266169,"_timestamp":1.728816211437966e+09,"val_mse":592.5015398576891,"val_rmse":24.341354519781536,"val_r2":-5.940864580240339}