{"train_loss":0.3425372607281263,"val_loss":0.33174040902384044,"_timestamp":1.728784677669525e+09,"_runtime":0.42472,"_step":1,"train_accuracy":0.00625,"val_accuracy":0.0043859649122807015,"_wandb":{"runtime":0}}