{"_timestamp":1.728778895214203e+09,"train_accuracy":0.51875,"val_accuracy":0.5394736842105263,"_wandb":{"runtime":0},"_runtime":0.933374,"_step":1,"train_loss":0.26830304764088475,"val_loss":0.25642712697408004}