{"_runtime":0.50907,"_step":1,"train_loss":0.25978669842115937,"val_loss":0.2574426558640806,"train_accuracy":0.5575,"val_accuracy":0.5394736842105263,"_wandb":{"runtime":0},"_timestamp":1.728780829009089e+09}