{"val_loss":0.3855195443612538,"_timestamp":1.7287812699226592e+09,"train_accuracy":0.00625,"val_accuracy":0.0043859649122807015,"_wandb":{"runtime":0},"_runtime":0.592035,"_step":1,"train_loss":0.38770974231380334}