{"_runtime":0.478168,"_step":1,"train_loss":0.41307238404874996,"train_accuracy":0.00625,"val_accuracy":0.0043859649122807015,"_wandb":{"runtime":0},"val_loss":0.410409647195046,"_timestamp":1.728781917412624e+09}