{"train_rmse":2.645847635870669,"_runtime":0.916865,"early_stop_epoch":41,"train_r2":0.9157852124671841,"_wandb":{"runtime":0},"val_rmse":3.3924739638868067,"train_mse":7.000509712242408,"_timestamp":1.728809603669985e+09,"val_r2":0.8651791271920013,"_step":1,"val_mse":11.508879595649862}