{"val_accuracy":0.0043859649122807015,"_wandb":{"runtime":0},"_step":1,"train_loss":0.41092305390413875,"val_loss":0.40804801038046634,"_timestamp":1.728773195862398e+09,"_runtime":0.457573,"train_accuracy":0.00625}