{"_wandb":{"runtime":1},"train_r2":0.8770331642007256,"_step":0,"train_mse":10.221845278195348,"val_mse":17.305010189700504,"val_rmse":4.159929108734968,"val_r2":0.7972803035832791,"train_rmse":3.1971620663011984,"_timestamp":1.728810167264406e+09,"_runtime":1.432067}