{"_wandb":{"runtime":1},"_runtime":1.7807680000000001,"_step":1,"train_loss":0.2588274786576785,"val_loss":0.25465313968252573,"_timestamp":1.728780295909143e+09,"train_accuracy":0.54375,"val_accuracy":0.5745614035087719}