{"train_r2":-5.455976268178748,"val_r2":-5.848124921983995,"_runtime":0.554666,"train_rmse":23.16603004279631,"val_rmse":24.178190391652578,"train_mse":536.6649479437413,"_wandb":{"runtime":0},"_step":0,"val_mse":584.5848906150011,"_timestamp":1.728817145839978e+09}