{"train_loss":0.3344513833418356,"val_loss":0.31972580997157585,"_timestamp":1.7287736270080252e+09,"_runtime":0.438295,"_step":1,"train_accuracy":0.00625,"val_accuracy":0.0043859649122807015,"_wandb":{"runtime":0}}