{"_step":0,"_timestamp":1.72881673753959e+09,"val_mse":584.5911989200922,"val_rmse":24.17832084575131,"val_r2":-5.848198820680324,"train_mse":536.7147961532285,"train_r2":-5.456575932566545,"_wandb":{"runtime":0},"_runtime":0.403022,"train_rmse":23.16710590801597}