{"_timestamp":1.7287772805945191e+09,"_runtime":0.574323,"_step":1,"val_accuracy":0.4956140350877193,"train_accuracy":0.50375,"_wandb":{"runtime":0},"train_loss":0.27773765530921596,"val_loss":0.2709459495882261}