{"val_mse":56.70000305991813,"train_rmse":7.3602491666174545,"val_r2":0.3357873077720114,"_timestamp":1.728810329081287e+09,"val_rmse":7.529940441990105,"_step":0,"train_r2":0.34830599130373396,"_wandb":{"runtime":0},"_runtime":0.494453,"train_mse":54.17326779469294}