{"val_loss":0.26045659628991047,"train_accuracy":0.49875,"val_accuracy":0.5087719298245614,"_wandb":{"runtime":0},"_timestamp":1.7287848842147279e+09,"_runtime":0.473955,"_step":1,"train_loss":0.27574672337705936}