{"_runtime":0.473188,"_step":0,"_wandb":{"runtime":0},"val_r2":-5.847773758828578,"val_rmse":24.17757047024525,"val_mse":584.5549138436752,"train_r2":-5.455633026659442,"train_rmse":23.165414206499094,"train_mse":536.63641535867,"_timestamp":1.728814873653313e+09}