{"_step":0,"train_r2":0.8594216285593608,"val_mse":14.988288370160074,"train_rmse":3.4184553086506746,"_wandb":{"runtime":0},"train_mse":11.68583669724198,"val_rmse":3.871471086055025,"_timestamp":1.7288101099544299e+09,"_runtime":0.62035,"val_r2":0.8244195620287176}