{"_wandb":{"runtime":0},"val_rmse":24.177943562378648,"train_r2":-5.456654792470263,"val_mse":584.5729549055671,"_timestamp":1.728816362899961e+09,"train_rmse":23.167247387817486,"train_mse":536.7213515283361,"val_r2":-5.847985101009234,"_step":0,"_runtime":0.410956}