{"_runtime":0.995124,"train_mse":7.220392307745961,"val_rmse":3.3996489689062956,"val_r2":0.8646082379819942,"val_mse":11.55761311178564,"_timestamp":1.7288097972816598e+09,"train_r2":0.9131400670672553,"_wandb":{"runtime":0},"train_rmse":2.6870787684297537,"_step":0}