{"train_rmse":3.359963947495257,"val_rmse":3.882407085919882,"_wandb":{"runtime":0},"_runtime":0.633368,"val_r2":0.8234262137189565,"_step":0,"train_mse":11.28935772846791,"_timestamp":1.728812228585241e+09,"val_mse":15.073084780800912,"train_r2":0.8641911944179935}