{"train_rmse":23.16541304295157,"val_rmse":24.17756930169383,"val_r2":-5.847773096894777,"_step":0,"val_mse":584.5548573382079,"train_r2":-5.45563237815512,"_timestamp":1.728813880674911e+09,"train_mse":536.6363614505507,"_runtime":1.83179,"_wandb":{"runtime":1}}