{"train_accuracy":0.31,"early_stop_epoch":17,"train_loss":0.31089359555819934,"val_loss":0.2982073398791305,"_wandb":{"runtime":2},"_timestamp":1.728786137339424e+09,"_step":2,"_runtime":2.001801,"val_accuracy":0.30701754385964913}