{"val_mse":15.387059922748094,"val_rmse":3.922634309077013,"train_r2":0.8743514639714951,"_runtime":0.41664,"_step":0,"_wandb":{"runtime":0},"train_rmse":3.23183640696452,"val_r2":0.8197481491145328,"_timestamp":1.728809866058641e+09,"train_mse":10.444766561381337}