{"val_accuracy":0.0043859649122807015,"_wandb":{"runtime":0},"train_loss":0.3350817935284895,"val_loss":0.3206846268425343,"_timestamp":1.7287764641670048e+09,"_runtime":0.609454,"_step":1,"train_accuracy":0.00625}