{"_runtime":0.540445,"_step":1,"train_accuracy":0.00625,"val_accuracy":0.0043859649122807015,"_wandb":{"runtime":0},"train_loss":0.415623993904896,"val_loss":0.41334211909661106,"_timestamp":1.728782106278671e+09}