{"val_accuracy":0.5833333333333334,"early_stop_epoch":46,"train_loss":0.25552831625031663,"_step":2,"val_loss":0.2517649687771618,"_wandb":{"runtime":1},"_timestamp":1.7287796642060869e+09,"train_accuracy":0.54125,"_runtime":1.607322}