{"train_loss":0.2685916019465465,"val_loss":0.25628940224605384,"_timestamp":1.728783729485933e+09,"train_accuracy":0.49125,"val_accuracy":0.5,"_wandb":{"runtime":1},"_runtime":1.842713,"_step":1}