{"_runtime":0.565043,"_step":1,"train_loss":0.3330766432901983,"train_accuracy":0.00625,"val_accuracy":0.0043859649122807015,"_wandb":{"runtime":0},"val_loss":0.3170532239031171,"_timestamp":1.72877374572482e+09}