{"val_rmse":3.9636524311055044,"val_mse":15.710540594608574,"_wandb":{"runtime":1},"_runtime":1.2441659999999999,"train_mse":11.00909355261108,"train_rmse":3.3179954117827046,"_timestamp":1.7288102911754382e+09,"early_stop_epoch":42,"_step":1,"train_r2":0.8675627186345184,"val_r2":0.8159587318950466}