{"_step":0,"train_mse":536.6364179984439,"train_rmse":23.16541426347571,"_timestamp":1.728817032026356e+09,"train_r2":-5.455633058415417,"_runtime":0.459236,"val_rmse":24.177570527167013,"val_r2":-5.847773791072294,"_wandb":{"runtime":0},"val_mse":584.5549165961351}