{"val_loss":0.2565088590996425,"_step":2,"train_accuracy":0.525,"_timestamp":1.7287827261860569e+09,"train_loss":0.25479392757206865,"val_accuracy":0.5350877192982456,"_runtime":1.137956,"_wandb":{"runtime":1},"early_stop_epoch":26}