{"train_accuracy":0.00625,"val_accuracy":0.0043859649122807015,"_wandb":{"runtime":0},"_runtime":0.747093,"_step":1,"train_loss":0.3467761437074438,"val_loss":0.3364699371970675,"_timestamp":1.728779549764704e+09}