{"_step":1,"train_loss":0.2744805350124276,"val_accuracy":0.5219298245614035,"train_accuracy":0.51375,"_wandb":{"runtime":0},"val_loss":0.26226045861244435,"_timestamp":1.728777065951916e+09,"_runtime":0.59132}