{"early_stop_epoch":37,"val_accuracy":0.5482456140350878,"_wandb":{"runtime":1},"train_accuracy":0.52,"train_loss":0.28345388535076105,"_runtime":1.525039,"val_loss":0.2716040514749132,"_step":2,"_timestamp":1.7287732028516579e+09}