{"train_r2":0.9153526529482522,"val_mse":11.686966732590317,"val_rmse":3.4186205891543913,"_runtime":0.533533,"_step":0,"val_r2":0.8630929238358322,"train_rmse":2.6526339779460892,"_timestamp":1.728811608828501e+09,"_wandb":{"runtime":0},"train_mse":7.036467020954093}