{"val_accuracy":0.0043859649122807015,"train_accuracy":0.00625,"_wandb":{"runtime":0},"_step":1,"train_loss":0.41457622265811456,"val_loss":0.41651229185217076,"_timestamp":1.7287688746726458e+09,"_runtime":0.457674}