{"_timestamp":1.728814675956301e+09,"val_r2":-5.84777302832906,"_runtime":1.538182,"_step":1,"train_rmse":23.1654129238441,"val_mse":584.5548514851484,"early_stop_epoch":16,"train_mse":536.6363559322034,"train_r2":-5.4556323117704615,"_wandb":{"runtime":1},"val_rmse":24.177569180650657}