{"_step":1,"early_stop_epoch":25,"train_mse":536.6363559322034,"_wandb":{"runtime":0},"val_r2":-5.84777302832906,"train_rmse":23.1654129238441,"val_rmse":24.177569180650657,"_timestamp":1.728814533818132e+09,"val_mse":584.5548514851484,"_runtime":0.409898,"train_r2":-5.4556323117704615}