{"_wandb":{"runtime":0},"val_rmse":3.1423111257550254,"_timestamp":1.728811370731244e+09,"_runtime":0.671801,"train_rmse":2.240857678850131,"train_r2":0.939593003329545,"train_mse":5.0214431368615955,"val_r2":0.8843295423173654,"_step":0,"val_mse":9.874119211043814}