{"val_accuracy":0.5219298245614035,"val_loss":0.2552614316303152,"_runtime":1.094119,"_step":2,"early_stop_epoch":90,"train_accuracy":0.52125,"_wandb":{"runtime":1},"_timestamp":1.728785698898766e+09,"train_loss":0.26664478500109257}