{"_wandb":{"runtime":0},"train_loss":0.4312266508876749,"val_loss":0.4300897997933034,"_timestamp":1.7287844733187609e+09,"_runtime":0.415051,"_step":1,"train_accuracy":0.00625,"val_accuracy":0.0043859649122807015}