{"_wandb":{"runtime":1},"_timestamp":1.728775685365401e+09,"train_accuracy":0.31375,"val_accuracy":0.3157894736842105,"val_loss":0.2837496403803815,"_step":2,"early_stop_epoch":20,"_runtime":1.152841,"train_loss":0.29336579492620274}