{"_runtime":0.542906,"_step":1,"val_accuracy":0.0043859649122807015,"train_accuracy":0.00625,"_wandb":{"runtime":0},"train_loss":0.3331775433957631,"val_loss":0.3169795789003945,"_timestamp":1.7287765881077352e+09}