{"val_mse":584.5632692470602,"val_r2":-5.847871638276154,"_runtime":0.432803,"val_rmse":24.177743262080114,"train_r2":-5.455728828640415,"_wandb":{"runtime":0},"_timestamp":1.7288130454106371e+09,"_step":0,"train_rmse":23.165586093928898,"train_mse":536.644379075232}