{"train_rmse":3.0547422842036043,"train_r2":0.8877444433276949,"_step":0,"val_rmse":3.5252548678214977,"val_r2":0.8544188553622587,"val_mse":12.427421883099166,"_wandb":{"runtime":0},"_runtime":0.97257,"train_mse":9.331450422901453,"_timestamp":1.728809523496442e+09}