{"_wandb":{"runtime":0},"_timestamp":1.72878416407302e+09,"_runtime":0.41288,"_step":1,"train_loss":0.43072870249202944,"val_loss":0.4293736405040652,"train_accuracy":0.00625,"val_accuracy":0.0043859649122807015}