{"train_rmse":23.075825148049592,"val_mse":580.2030440996886,"_timestamp":1.728810285076124e+09,"_step":0,"val_rmse":24.087404262387604,"_wandb":{"runtime":0},"val_r2":-5.796793741846494,"train_mse":532.4937062633579,"_runtime":0.484703,"train_r2":-5.405797031765835}