{"_step":2,"_timestamp":1.728774251524738e+09,"train_accuracy":0.52875,"_wandb":{"runtime":1},"_runtime":1.521822,"train_loss":0.23861701947483147,"early_stop_epoch":28,"val_accuracy":0.5745614035087719,"val_loss":0.25625749809909754}