{"val_loss":0.2648465465055783,"_runtime":2.391664,"_wandb":{"runtime":2},"train_accuracy":0.455,"train_loss":0.2744117019529157,"val_accuracy":0.4692982456140351,"_timestamp":1.728778919256479e+09,"_step":2,"early_stop_epoch":55}