{"val_accuracy":0.5570175438596491,"_wandb":{"runtime":1},"_step":1,"train_loss":0.2690715478361605,"val_loss":0.25513429368009793,"_timestamp":1.728787053949756e+09,"_runtime":1.836714,"train_accuracy":0.5425}