{"val_accuracy":0.0043859649122807015,"_wandb":{"runtime":0},"train_loss":0.3976372969218346,"val_loss":0.39473366886991895,"_timestamp":1.7287729818243341e+09,"_runtime":0.529186,"_step":1,"train_accuracy":0.00625}