{"val_mse":15.52984626635064,"_step":0,"_wandb":{"runtime":0},"_timestamp":1.728812358981538e+09,"train_rmse":3.6283140851325535,"train_r2":0.8416316309082383,"val_r2":0.8180754772171889,"_runtime":0.808433,"train_mse":13.16466310037128,"val_rmse":3.9407925936733386}