{"val_r2":-5.8304898073679245,"train_r2":-5.438715117230125,"train_mse":535.2300828992473,"val_rmse":24.147038797481958,"_wandb":{"runtime":0},"val_mse":583.0794826870989,"_step":0,"_runtime":0.42558,"_timestamp":1.7288104855240068e+09,"train_rmse":23.135040153396044}