{"_runtime":0.519319,"_step":1,"val_accuracy":0.0043859649122807015,"train_accuracy":0.00625,"_wandb":{"runtime":0},"train_loss":0.35280093487653913,"val_loss":0.3436423738261925,"_timestamp":1.728779121348462e+09}