{"val_rmse":24.258416243375784,"_runtime":0.449913,"train_mse":541.3875482739759,"train_r2":-5.512788243272162,"val_r2":-5.893645957630607,"_step":0,"_timestamp":1.728815506408777e+09,"train_rmse":23.267736208621066,"_wandb":{"runtime":0},"val_mse":588.470758636878}