{"train_r2":0.9021132912842852,"val_rmse":3.547278508180053,"val_mse":12.583184814596104,"train_rmse":2.8525450750372747,"_wandb":{"runtime":0},"_runtime":0.43499,"_step":0,"val_r2":0.8525941691101332,"train_mse":8.137013405119411,"_timestamp":1.72881071197006e+09}