{"_wandb":{"runtime":1},"_runtime":1.8175409999999999,"_step":2,"early_stop_epoch":36,"train_accuracy":0.55625,"val_loss":0.2539496009431967,"_timestamp":1.7287734396095e+09,"train_loss":0.23585029903795032,"val_accuracy":0.6096491228070176}