{"val_loss":0.28377815380263166,"train_accuracy":0.33,"train_loss":0.304112830309744,"_runtime":1.7685110000000002,"_wandb":{"runtime":1},"_timestamp":1.7287779269640572e+09,"early_stop_epoch":26,"val_accuracy":0.35526315789473684,"_step":2}