{"val_accuracy":0.5,"_wandb":{"runtime":1},"train_loss":0.2703175078899745,"val_loss":0.25677525171598164,"_timestamp":1.728784070374101e+09,"_runtime":1.847078,"_step":1,"train_accuracy":0.49375}