{"train_loss":0.2894218494315115,"val_loss":0.2836293682856768,"val_accuracy":0.35526315789473684,"early_stop_epoch":21,"_wandb":{"runtime":0},"_runtime":0.97317,"_step":2,"train_accuracy":0.35,"_timestamp":1.7287714261426492e+09}