{"val_r2":-5.847773028329453,"train_mse":536.6363559322364,"val_mse":584.554851485182,"_step":0,"_wandb":{"runtime":0},"train_rmse":23.165412923844816,"_runtime":0.410811,"val_rmse":24.17756918065135,"_timestamp":1.728813683981235e+09,"train_r2":-5.455632311770858}