{"train_loss":0.3457360485547352,"val_loss":0.33490877167411104,"_timestamp":1.728771716066684e+09,"_runtime":0.413733,"_step":1,"train_accuracy":0.00625,"val_accuracy":0.0043859649122807015,"_wandb":{"runtime":0}}