{"_runtime":0.405503,"_step":0,"val_rmse":3.92949517166567,"val_r2":0.8191170606215433,"train_rmse":3.2226536145065943,"train_mse":10.385496319092418,"val_mse":15.44093230414381,"train_r2":0.8750644736045867,"_timestamp":1.7288097142984378e+09,"_wandb":{"runtime":0}}