{"train_accuracy":0.00625,"val_accuracy":0.0043859649122807015,"_wandb":{"runtime":0},"train_loss":0.3376625734263005,"val_loss":0.3241899805976424,"_timestamp":1.728774030800221e+09,"_runtime":0.552186,"_step":1}