{"val_loss":0.4128645308715851,"_timestamp":1.728785602583934e+09,"train_accuracy":0.00625,"val_accuracy":0.0043859649122807015,"_wandb":{"runtime":0},"_runtime":0.668253,"_step":1,"train_loss":0.4150553156643202}