{"early_stop_epoch":193,"val_accuracy":0.5350877192982456,"_step":2,"_timestamp":1.728786814875814e+09,"train_accuracy":0.54125,"val_loss":0.2580293634436566,"_runtime":1.5348549999999999,"_wandb":{"runtime":1},"train_loss":0.26960512571229}