{"_runtime":1.095336,"_step":2,"early_stop_epoch":20,"val_accuracy":0.3157894736842105,"_wandb":{"runtime":1},"train_loss":0.29336579492620274,"_timestamp":1.728777051245406e+09,"train_accuracy":0.31375,"val_loss":0.2837496403803815}