{"val_loss":0.28883900216686703,"val_accuracy":0.27631578947368424,"train_accuracy":0.2675,"_wandb":{"runtime":0},"_timestamp":1.7287833874097831e+09,"_runtime":0.730934,"_step":1,"train_loss":0.30525032250082174}