{"_runtime":0.432964,"_step":1,"train_accuracy":0.28375,"val_accuracy":0.2850877192982456,"_wandb":{"runtime":0},"train_loss":0.29683659872321183,"val_loss":0.27923685665556397,"_timestamp":1.7287847551108859e+09}