{"early_stop_epoch":46,"val_loss":0.2517649687771618,"_timestamp":1.7287809917596722e+09,"train_loss":0.25552831625031663,"_wandb":{"runtime":1},"_step":2,"_runtime":1.580635,"val_accuracy":0.5833333333333334,"train_accuracy":0.54125}