{"_wandb":{"runtime":0},"train_loss":0.34192109483752775,"val_loss":0.33001665760447907,"_timestamp":1.7287790622467918e+09,"_runtime":0.588882,"_step":1,"train_accuracy":0.00625,"val_accuracy":0.0043859649122807015}