{"_wandb":{"runtime":1},"train_loss":0.2707229223259596,"val_loss":0.2575277783337774,"_timestamp":1.7287869229251719e+09,"_runtime":1.885373,"_step":1,"train_accuracy":0.5525,"val_accuracy":0.543859649122807}