{"_wandb":{"runtime":0},"train_loss":0.2746577572163263,"val_loss":0.26091137078242954,"_timestamp":1.7287798837012448e+09,"_runtime":0.475395,"_step":1,"val_accuracy":0.5175438596491229,"train_accuracy":0.51}