{"_timestamp":1.728776439232049e+09,"_step":2,"_wandb":{"runtime":1},"train_accuracy":0.32875,"_runtime":1.649216,"val_accuracy":0.35526315789473684,"train_loss":0.30421567310458986,"val_loss":0.28395868663318724,"early_stop_epoch":26}