{"train_mse":7.483669831269,"_runtime":0.498477,"val_mse":11.266393453157823,"val_r2":0.868019733273846,"train_rmse":2.7356296955671833,"val_rmse":3.356544868336758,"_step":0,"_timestamp":1.728811935965776e+09,"_wandb":{"runtime":0},"train_r2":0.909972889016365}