{"_timestamp":1.728785944146893e+09,"train_accuracy":0.52375,"val_accuracy":0.5131578947368421,"_wandb":{"runtime":0},"_runtime":0.787745,"_step":1,"train_loss":0.2766924654794329,"val_loss":0.26078121449269276}