{"_timestamp":1.728815810717039e+09,"_runtime":0.408904,"_wandb":{"runtime":0},"train_mse":543.6861089285723,"val_mse":591.9464269089566,"train_rmse":23.317077624105732,"_step":0,"train_r2":-5.540439486555148,"val_r2":-5.934361704644749,"val_rmse":24.32994917604549}