{"train_rmse":23.16541477675912,"_timestamp":1.72881649808784e+09,"_wandb":{"runtime":0},"_step":0,"train_r2":-5.455633344494426,"train_mse":536.6364417792898,"val_mse":584.5548752477139,"val_rmse":24.177569672068238,"val_r2":-5.847773306695846,"_runtime":0.720583}