{"val_accuracy":0.0043859649122807015,"_wandb":{"runtime":0},"train_loss":0.3331142822107592,"val_loss":0.3175231949923233,"_timestamp":1.7287793899715981e+09,"_runtime":0.970946,"_step":1,"train_accuracy":0.00625}