{"_timestamp":1.728811242000584e+09,"train_r2":0.9134313611411891,"_wandb":{"runtime":0},"val_mse":12.637480754434051,"val_rmse":3.5549234526827793,"train_rmse":2.682569281489229,"_step":0,"train_mse":7.196177949989637,"val_r2":0.8519581188379894,"_runtime":0.499993}