{"_wandb":{"runtime":0},"train_r2":-5.4558816378082,"_runtime":0.520494,"_timestamp":1.72881432636182e+09,"val_rmse":24.178018859085984,"train_mse":536.6570816194591,"train_rmse":23.16586026072546,"val_r2":-5.84802775406048,"val_mse":584.5765959503175,"_step":0}