{"val_loss":0.2894701396154864,"_timestamp":1.7287830474254909e+09,"early_stop_epoch":34,"train_accuracy":0.40375,"_step":2,"train_loss":0.2899085114549033,"_runtime":1.5254050000000001,"val_accuracy":0.4166666666666667,"_wandb":{"runtime":1}}