{"_step":1,"train_accuracy":0.00625,"val_accuracy":0.0043859649122807015,"_wandb":{"runtime":1},"train_loss":0.3921420531327265,"val_loss":0.3882991759983255,"_timestamp":1.728786626192895e+09,"_runtime":1.667268}