{"val_accuracy":0.35526315789473684,"_wandb":{"runtime":1},"_timestamp":1.72877868683022e+09,"train_accuracy":0.33125,"val_loss":0.27946767319680077,"_runtime":1.708636,"early_stop_epoch":37,"_step":2,"train_loss":0.30180476449414145}