{"val_accuracy":0.543859649122807,"_runtime":0.481098,"train_accuracy":0.54,"_wandb":{"runtime":0},"val_loss":0.2596817274662072,"_timestamp":1.728773611647216e+09,"_step":2,"train_loss":0.24200134579173713,"early_stop_epoch":58}