{"_wandb":{"runtime":0},"train_rmse":23.275311477515494,"val_mse":589.902310767173,"train_r2":-5.517029666066798,"_step":0,"_timestamp":1.7288103122692852e+09,"val_r2":-5.9104158878460105,"val_rmse":24.287904618702147,"train_mse":541.7401243753644,"_runtime":0.457782}