{"train_accuracy":0.00625,"val_accuracy":0.0043859649122807015,"_wandb":{"runtime":0},"_step":1,"train_loss":0.3331502754755008,"val_loss":0.3175005261012815,"_timestamp":1.728777679979628e+09,"_runtime":0.784282}