{"val_r2":0.8632506022966588,"val_rmse":3.4166513771032507,"_timestamp":1.72881090790414e+09,"_wandb":{"runtime":0},"val_mse":11.67350663266154,"train_rmse":2.862700482900869,"train_r2":0.9014150734141432,"_step":0,"train_mse":8.195054054800867,"_runtime":0.449869}