{"_timestamp":1.728813068755792e+09,"val_mse":584.5548514851484,"train_mse":536.6363559322034,"val_rmse":24.177569180650657,"_wandb":{"runtime":0},"train_rmse":23.1654129238441,"early_stop_epoch":16,"train_r2":-5.4556323117704615,"_step":1,"_runtime":0.867284,"val_r2":-5.84777302832906}