{"_wandb":{"runtime":0},"val_loss":0.2589891963662958,"_timestamp":1.728781324955371e+09,"_runtime":0.54157,"_step":1,"train_loss":0.27182183239098634,"train_accuracy":0.5375,"val_accuracy":0.5482456140350878}