{"_runtime":0.631784,"val_r2":-5.847819047041268,"val_rmse":24.177650420107934,"train_r2":-5.455677633296969,"val_mse":584.5587798369453,"train_rmse":23.165494239661246,"_step":0,"_timestamp":1.7288127706393359e+09,"_wandb":{"runtime":0},"train_mse":536.6401233677783}