{"_runtime":0.787339,"_step":1,"train_accuracy":0.56625,"val_accuracy":0.5701754385964912,"_wandb":{"runtime":0},"train_loss":0.25894344946481174,"val_loss":0.25147509710738797,"_timestamp":1.728774495537278e+09}