{"_timestamp":1.728814604415157e+09,"early_stop_epoch":28,"_wandb":{"runtime":0},"_runtime":0.658658,"val_mse":584.5548514851484,"_step":1,"val_r2":-5.84777302832906,"train_r2":-5.4556323117704615,"val_rmse":24.177569180650657,"train_mse":536.6363559322034,"train_rmse":23.1654129238441}