{"val_mse":98.80542556084022,"_runtime":0.419953,"train_r2":-0.13818702065007393,"_step":0,"train_mse":94.61389769943031,"train_rmse":9.726967549006746,"val_rmse":9.940091828591939,"val_r2":-0.15745704015474482,"_timestamp":1.728810896955057e+09,"_wandb":{"runtime":0}}