{"_step":2,"train_loss":0.3076202825614404,"val_loss":0.2892653401447473,"_timestamp":1.728784181384062e+09,"val_accuracy":0.4780701754385965,"train_accuracy":0.445,"_wandb":{"runtime":1},"_runtime":1.938342,"early_stop_epoch":19}