{"train_mse":541.0702787274729,"_timestamp":1.728815897812914e+09,"train_rmse":23.26091740941171,"val_rmse":24.272926662643478,"train_r2":-5.508971551552892,"_wandb":{"runtime":0},"_step":0,"val_r2":-5.901895433525105,"_runtime":0.394158,"val_mse":589.1749687700686}