{"_runtime":1.301399,"_step":1,"train_accuracy":0.5275,"val_accuracy":0.5263157894736842,"_wandb":{"runtime":1},"train_loss":0.2757473148526249,"val_loss":0.2608543693919014,"_timestamp":1.728786707218731e+09}