{"train_r2":0.9174319141648768,"early_stop_epoch":77,"_timestamp":1.72881159891771e+09,"val_mse":11.741893830769463,"_step":1,"train_mse":6.86362459306579,"_runtime":1.273784,"val_rmse":3.4266446898926453,"train_rmse":2.619852017398271,"val_r2":0.8624494798536637,"_wandb":{"runtime":1}}