{"_step":1,"train_accuracy":0.00625,"val_accuracy":0.0043859649122807015,"_wandb":{"runtime":0},"train_loss":0.33935339481642435,"val_loss":0.3263743024337257,"_timestamp":1.728781998909442e+09,"_runtime":0.441589}