{"_runtime":0.444491,"train_rmse":4.835585688175701,"train_r2":0.7187083361673758,"val_mse":23.94957199593358,"val_rmse":4.89382999254506,"val_r2":0.7194425249621836,"_timestamp":1.728811942849046e+09,"_step":0,"_wandb":{"runtime":0},"train_mse":23.38288894768967}