{"train_rmse":23.1654129238441,"val_r2":-5.84777302832906,"_wandb":{"runtime":0},"val_mse":584.5548514851484,"early_stop_epoch":28,"train_mse":536.6363559322034,"_timestamp":1.728814148568138e+09,"train_r2":-5.4556323117704615,"_step":1,"_runtime":0.474354,"val_rmse":24.177569180650657}