{"_wandb":{"runtime":0},"_step":1,"train_loss":0.26970374869204367,"val_loss":0.2575436477608672,"_timestamp":1.728778556665974e+09,"_runtime":0.933388,"train_accuracy":0.51375,"val_accuracy":0.5219298245614035}