{"_runtime":1.386438,"early_stop_epoch":33,"_timestamp":1.728771727434627e+09,"val_loss":0.2619255787378458,"train_accuracy":0.56125,"_wandb":{"runtime":1},"train_loss":0.22461164931765987,"_step":2,"val_accuracy":0.5789473684210527}