{"_runtime":5.114998,"_step":1,"train_accuracy":0.5725,"val_accuracy":0.5614035087719298,"_wandb":{"runtime":5},"train_loss":0.28219316292695595,"val_loss":0.27592023438347996,"_timestamp":1.728777888633708e+09}