{"val_accuracy":0.5482456140350878,"_wandb":{"runtime":0},"train_loss":0.2590875228296052,"train_accuracy":0.525,"_runtime":0.48057,"early_stop_epoch":36,"val_loss":0.25474213522715994,"_timestamp":1.728780230577058e+09,"_step":2}