{"train_mse":536.6363559322034,"val_mse":584.5548514851484,"early_stop_epoch":27,"val_rmse":24.177569180650657,"_timestamp":1.728815555420644e+09,"_step":1,"train_rmse":23.1654129238441,"_runtime":0.642173,"val_r2":-5.84777302832906,"_wandb":{"runtime":0},"train_r2":-5.4556323117704615}