{"val_accuracy":0.0043859649122807015,"_wandb":{"runtime":0},"_runtime":0.519831,"_step":1,"train_loss":0.33559169130444544,"val_loss":0.3210754877959266,"_timestamp":1.728772634376238e+09,"train_accuracy":0.00625}