{"_runtime":0.435181,"_step":1,"train_accuracy":0.3,"val_accuracy":0.29385964912280704,"_wandb":{"runtime":0},"train_loss":0.28629107656803154,"val_loss":0.27171998629303756,"_timestamp":1.728783511712543e+09}