{"train_r2":0.8859612904346079,"train_rmse":3.078908621516045,"_step":0,"_wandb":{"runtime":0},"val_r2":0.8436219414526744,"train_mse":9.479678299645833,"val_mse":13.349092093371166,"_timestamp":1.7288099675852969e+09,"val_rmse":3.6536409365687765,"_runtime":0.495075}