{"_wandb":{"runtime":0},"val_loss":0.31687059542567875,"_timestamp":1.728773982703535e+09,"_runtime":0.681151,"_step":1,"train_loss":0.33272289044175835,"train_accuracy":0.00625,"val_accuracy":0.0043859649122807015}