{"_step":0,"_wandb":{"runtime":0},"val_rmse":5.076705953184846,"train_mse":23.8134283079294,"train_r2":0.7135290303400164,"val_mse":25.772943335102454,"val_r2":0.6980826251251262,"_timestamp":1.728811877670614e+09,"_runtime":0.67894,"train_rmse":4.879900440370623}