{"val_rmse":3.1982587290783187,"train_rmse":2.5651581531287744,"val_r2":0.8801739410848971,"_runtime":1.080086,"_step":1,"train_mse":6.5800363505630255,"_wandb":{"runtime":1},"_timestamp":1.7288109031696699e+09,"val_mse":10.228858898125662,"train_r2":0.9208434262648328,"early_stop_epoch":58}