{"_step":1,"train_loss":0.431744339759483,"val_loss":0.43056375777978717,"_timestamp":1.728780872350145e+09,"train_accuracy":0.00625,"val_accuracy":0.0043859649122807015,"_wandb":{"runtime":0},"_runtime":0.491888}