{"_step":2,"train_loss":0.24200860300039315,"early_stop_epoch":41,"val_loss":0.25756752648509923,"_wandb":{"runtime":2},"_runtime":2.187547,"_timestamp":1.728773769486633e+09,"train_accuracy":0.565,"val_accuracy":0.5833333333333334}