{"val_rmse":3.442561066258683,"train_r2":0.9156473477488545,"train_rmse":2.648012456827606,"_step":1,"train_mse":7.011969971514173,"_timestamp":1.7288108867411358e+09,"_runtime":1.191999,"_wandb":{"runtime":1},"val_mse":11.85122669492012,"early_stop_epoch":67,"val_r2":0.861168699040129}