{"_wandb":{"runtime":2},"val_loss":0.27610015316392433,"early_stop_epoch":61,"train_accuracy":0.33625,"_timestamp":1.7287773456907809e+09,"_runtime":2.635869,"val_accuracy":0.35526315789473684,"train_loss":0.29397597862268154,"_step":2}