{"val_loss":0.26486800165890784,"_timestamp":1.728780013180955e+09,"_runtime":0.458464,"_step":1,"train_accuracy":0.495,"val_accuracy":0.4780701754385965,"_wandb":{"runtime":0},"train_loss":0.279270029626362}