{"val_loss":0.3174572095847012,"_timestamp":1.728778980710165e+09,"_runtime":0.556484,"_step":1,"train_accuracy":0.00625,"val_accuracy":0.0043859649122807015,"_wandb":{"runtime":0},"train_loss":0.33291980707067714}