{"val_loss":0.41023276301392164,"train_accuracy":0.00625,"val_accuracy":0.0043859649122807015,"_wandb":{"runtime":0},"_timestamp":1.728785494212406e+09,"_runtime":0.673272,"_step":1,"train_loss":0.41295721518941075}