{"train_accuracy":0.465,"val_accuracy":0.4692982456140351,"_wandb":{"runtime":0},"_step":1,"train_loss":0.2801361789377686,"val_loss":0.2650265906576072,"_timestamp":1.728781427813047e+09,"_runtime":0.457927}