{"_step":1,"train_loss":0.33199999038460354,"val_loss":0.3351883099070715,"_timestamp":1.728768707145812e+09,"train_accuracy":0.00625,"val_accuracy":0.0043859649122807015,"_wandb":{"runtime":0},"_runtime":0.563866}