{"_wandb":{"runtime":0},"val_loss":0.31659879033365784,"train_accuracy":0.00625,"_timestamp":1.728779491145448e+09,"_runtime":0.522043,"early_stop_epoch":41,"_step":2,"val_accuracy":0.0043859649122807015,"train_loss":0.33334763589879873}