{"val_mse":12.051441297391031,"_timestamp":1.7288116898727932e+09,"_wandb":{"runtime":1},"_runtime":1.035068,"val_r2":0.8588232832913851,"train_mse":7.353811873849215,"val_rmse":3.471518586640583,"train_r2":0.9115350553075463,"_step":0,"train_rmse":2.711791266644469}