{"val_loss":0.3175111857245634,"_timestamp":1.728779244818966e+09,"_runtime":0.875945,"_step":1,"train_loss":0.33311475708410504,"val_accuracy":0.0043859649122807015,"train_accuracy":0.00625,"_wandb":{"runtime":0}}