{"val_r2":0.8786969224084096,"_timestamp":1.728812213170361e+09,"train_r2":0.9381712625134164,"val_mse":10.354943455762596,"train_rmse":2.267074759988893,"train_mse":5.139627967378697,"_step":0,"_wandb":{"runtime":0},"val_rmse":3.217909796088541,"_runtime":0.732329}