{"val_accuracy":0.5,"_timestamp":1.728786298303095e+09,"_runtime":3.618777,"train_loss":0.26867935579843266,"train_accuracy":0.48125,"_step":2,"_wandb":{"runtime":3},"val_loss":0.2564286890610632,"early_stop_epoch":42}