{"_step":1,"train_accuracy":0.00625,"val_accuracy":0.0043859649122807015,"_wandb":{"runtime":0},"train_loss":0.3333255227521517,"val_loss":0.31783870007590415,"_timestamp":1.7287792977154188e+09,"_runtime":0.579825}