{"val_r2":0.8623734067827027,"val_mse":11.748387749670352,"train_r2":0.9346847376027323,"_runtime":0.766847,"early_stop_epoch":183,"val_rmse":3.4275921212522285,"_wandb":{"runtime":0},"train_rmse":2.3301184064937117,"train_mse":5.429451788280795,"_step":1,"_timestamp":1.728812407293168e+09}