{"val_accuracy":0.0043859649122807015,"_wandb":{"runtime":0},"_step":1,"train_loss":0.34024647299686783,"val_loss":0.32816581495757013,"_timestamp":1.728772736278399e+09,"_runtime":0.396921,"train_accuracy":0.00625}