{"train_mse":541.3303260965018,"val_mse":589.4242803346715,"train_rmse":23.266506529698475,"_runtime":0.407203,"_step":0,"_timestamp":1.728815881648476e+09,"val_r2":-5.904815996075224,"val_rmse":24.278061708766444,"_wandb":{"runtime":0},"train_r2":-5.512099871465503}