{"train_loss":0.4168056393727589,"val_loss":0.41440290124482987,"val_accuracy":0.0043859649122807015,"train_accuracy":0.00625,"_wandb":{"runtime":0},"_timestamp":1.7287810120068228e+09,"_runtime":0.429999,"_step":1}