{"_timestamp":1.7287773281837661e+09,"_runtime":0.522654,"_step":1,"train_loss":0.3548631688167629,"val_loss":0.34510423873530394,"train_accuracy":0.00625,"val_accuracy":0.0043859649122807015,"_wandb":{"runtime":0}}