{"_step":0,"train_rmse":23.16541295970472,"_runtime":0.601276,"_wandb":{"runtime":0},"val_rmse":24.177569216698988,"train_mse":536.6363575936554,"val_r2":-5.847773048748879,"_timestamp":1.728814262047072e+09,"val_mse":584.5548532282705,"train_r2":-5.45563233175741}