{"_runtime":0.452181,"train_accuracy":0.41875,"val_accuracy":0.40350877192982454,"_wandb":{"runtime":0},"_step":1,"train_loss":0.2839330730043619,"val_loss":0.2664199187076494,"_timestamp":1.728783575797576e+09}