{"train_rmse":2.702319992753791,"val_rmse":3.5154731209400194,"val_r2":0.8552256408441667,"_timestamp":1.728811010586213e+09,"_runtime":1.337476,"val_mse":12.35855126405176,"_wandb":{"runtime":1},"early_stop_epoch":60,"train_r2":0.9121519261838146,"train_mse":7.302533343236847,"_step":1}