{"val_accuracy":0.5570175438596491,"_wandb":{"runtime":1},"train_loss":0.26484804461605777,"val_loss":0.25452107340179625,"_timestamp":1.728786403520957e+09,"_runtime":1.512202,"_step":1,"train_accuracy":0.53}