{"train_accuracy":0.00625,"val_accuracy":0.0043859649122807015,"_wandb":{"runtime":0},"train_loss":0.3357518677737408,"val_loss":0.32157042740230274,"_timestamp":1.7287769423997939e+09,"_runtime":0.428797,"_step":1}