{"train_loss":0.2718970106684878,"_runtime":2.100958,"val_loss":0.25761737836582554,"early_stop_epoch":46,"train_accuracy":0.4725,"_wandb":{"runtime":2},"_timestamp":1.7287845080453372e+09,"val_accuracy":0.4956140350877193,"_step":2}