{"val_accuracy":0.5394736842105263,"_wandb":{"runtime":1},"val_loss":0.2560812861715811,"_timestamp":1.728778641754157e+09,"_runtime":1.029256,"_step":1,"train_loss":0.2692488783834274,"train_accuracy":0.525}