{"train_mse":6.2066296431189585,"_step":0,"train_r2":0.925335437250224,"_runtime":0.588358,"_timestamp":1.72881142545593e+09,"val_r2":0.8646942210306003,"val_mse":11.550273235303123,"train_rmse":2.4913108282827654,"val_rmse":3.3985692924086637,"_wandb":{"runtime":0}}