{"val_r2":-4.095270419053712,"train_mse":394.7460859498921,"_timestamp":1.728812288495219e+09,"_wandb":{"runtime":0},"train_rmse":19.868217986268725,"train_r2":-3.748719611022758,"_runtime":0.418126,"val_rmse":20.855546525200317,"val_mse":434.953820864795,"_step":0}