{"_wandb":{"runtime":1},"_runtime":1.139035,"train_r2":0.8866614446553316,"train_rmse":3.0694424065694568,"val_rmse":3.7427879423583144,"early_stop_epoch":40,"_step":1,"val_r2":0.835897751695656,"val_mse":14.008461581462786,"_timestamp":1.728809335023156e+09,"train_mse":9.4214766872469}