{"train_r2":0.915052729920406,"val_rmse":3.4438790758793454,"val_r2":0.8610623735373447,"train_mse":7.061398676437338,"_runtime":0.503748,"_timestamp":1.728811651992981e+09,"val_mse":11.860303089279574,"_wandb":{"runtime":0},"_step":0,"train_rmse":2.6573292374934154}