{"_runtime":1.785189,"early_stop_epoch":39,"_step":2,"val_loss":0.2576591033682049,"_timestamp":1.728773299231242e+09,"train_accuracy":0.5725,"_wandb":{"runtime":1},"train_loss":0.22945023373039708,"val_accuracy":0.6228070175438597}