{"_wandb":{"runtime":0},"train_r2":-5.494656510027381,"train_rmse":23.235324711925706,"train_mse":539.8803144686253,"val_rmse":24.2478456403109,"_timestamp":1.728816038807892e+09,"_step":0,"val_mse":587.9580181963443,"val_r2":-5.887639455160737,"_runtime":0.445694}