{"train_loss":0.33860014013123857,"val_loss":0.3257642392013184,"val_accuracy":0.0043859649122807015,"train_accuracy":0.00625,"_wandb":{"runtime":0},"_timestamp":1.728776254731444e+09,"_runtime":0.403998,"_step":1}