{"val_r2":-5.847773028329207,"train_mse":536.6363559322157,"_timestamp":1.728813559254257e+09,"_runtime":0.571649,"val_mse":584.554851485161,"train_rmse":23.165412923844368,"val_rmse":24.177569180650917,"_step":0,"train_r2":-5.45563231177061,"_wandb":{"runtime":0}}