{"train_accuracy":0.36625,"_runtime":1.342359,"early_stop_epoch":30,"val_accuracy":0.3991228070175439,"train_loss":0.28880633730854716,"_step":2,"val_loss":0.27218041461667164,"_timestamp":1.7287740759859169e+09,"_wandb":{"runtime":1}}