{"train_accuracy":0.00625,"_wandb":{"runtime":0},"val_loss":0.3181317205460531,"_timestamp":1.7287865440362592e+09,"_runtime":0.738555,"_step":1,"train_loss":0.3334755556405339,"val_accuracy":0.0043859649122807015}