{"val_rmse":3.387225174699149,"train_mse":5.441895581588412,"val_mse":11.47329438411568,"_step":0,"train_r2":0.934535041158819,"_wandb":{"runtime":0},"train_rmse":2.332787084495371,"_runtime":0.960514,"val_r2":0.8655959904703268,"_timestamp":1.72881250334092e+09}