{"_runtime":2.21943,"_step":1,"train_loss":0.2720386804257313,"val_loss":0.25769288900815013,"_timestamp":1.728784567002615e+09,"train_accuracy":0.48625,"val_accuracy":0.5175438596491229,"_wandb":{"runtime":2}}