{"val_loss":0.2517649687771618,"_runtime":1.568788,"early_stop_epoch":46,"val_accuracy":0.5833333333333334,"_wandb":{"runtime":1},"_timestamp":1.728782299400356e+09,"_step":2,"train_loss":0.25552831625031663,"train_accuracy":0.54125}