{"val_accuracy":0.0043859649122807015,"_wandb":{"runtime":0},"_timestamp":1.728779764866443e+09,"_runtime":0.411287,"_step":1,"train_loss":0.4320175865532013,"val_loss":0.43047669485771306,"train_accuracy":0.00625}