{"val_loss":0.3182579357992625,"_timestamp":1.728776126468427e+09,"_runtime":0.504504,"_step":1,"train_accuracy":0.00625,"val_accuracy":0.0043859649122807015,"_wandb":{"runtime":0},"train_loss":0.33334899683815294}