{"_step":1,"train_loss":0.3931906235687835,"train_accuracy":0.00625,"val_accuracy":0.0043859649122807015,"_wandb":{"runtime":0},"val_loss":0.3893603744389872,"_timestamp":1.7287749612674718e+09,"_runtime":0.557109}