{"val_loss":0.26117611783184225,"_timestamp":1.7287761111866162e+09,"_runtime":0.517031,"_step":1,"train_accuracy":0.50125,"val_accuracy":0.5087719298245614,"_wandb":{"runtime":0},"train_loss":0.2772727315239527}