{"train_rmse":21.713621053805813,"val_r2":-5.042470290236548,"_runtime":0.417551,"_timestamp":1.728810560554708e+09,"train_mse":471.4813392682791,"train_r2":-4.671829972998782,"val_rmse":22.7114685944668,"_step":0,"_wandb":{"runtime":0},"val_mse":515.8108057174518}