{"train_accuracy":0.555,"val_accuracy":0.5701754385964912,"_wandb":{"runtime":0},"train_loss":0.2659995938282511,"val_loss":0.2542187792316148,"_timestamp":1.728782424094219e+09,"_runtime":0.727372,"_step":1}