{"val_accuracy":0.0043859649122807015,"train_accuracy":0.00625,"_wandb":{"runtime":0},"_timestamp":1.728774059970826e+09,"_runtime":0.690135,"_step":1,"train_loss":0.3955835366589159,"val_loss":0.3913882837594564}