{"_timestamp":1.728773394010436e+09,"_runtime":0.41924,"_step":1,"train_accuracy":0.00625,"val_accuracy":0.0043859649122807015,"_wandb":{"runtime":0},"train_loss":0.4182756873888913,"val_loss":0.41610635994299766}