{"_step":1,"train_accuracy":0.5475,"val_accuracy":0.543859649122807,"_wandb":{"runtime":0},"train_loss":0.2698688204951735,"val_loss":0.25860890841548695,"_timestamp":1.728782368984799e+09,"_runtime":0.653722}