{"val_loss":0.37779838776783986,"_timestamp":1.7287742098492439e+09,"_runtime":0.572013,"_step":1,"train_accuracy":0.00625,"val_accuracy":0.0043859649122807015,"_wandb":{"runtime":0},"train_loss":0.38197075173977435}