{"_timestamp":1.7287824556365151e+09,"train_accuracy":0.53125,"val_accuracy":0.543859649122807,"val_loss":0.2547630422787081,"train_loss":0.2578703889482724,"_wandb":{"runtime":0},"_runtime":0.644502,"_step":2,"early_stop_epoch":46}