{"_step":0,"train_mse":32.13729156044186,"_timestamp":1.7288112309923358e+09,"val_mse":32.6156526373715,"val_r2":0.61792364589208,"_wandb":{"runtime":0},"train_r2":0.6133945538408747,"_runtime":0.506155,"train_rmse":5.668976235656828,"val_rmse":5.711011524885193}