{"_timestamp":1.728815285441824e+09,"_wandb":{"runtime":0},"_runtime":0.744739,"val_rmse":24.177569180672478,"train_r2":-5.45563231178256,"_step":0,"val_mse":584.5548514862036,"val_r2":-5.847773028341421,"train_mse":536.6363559332091,"train_rmse":23.16541292386581}