{"_step":1,"train_loss":0.3791459057240385,"val_loss":0.37237295999568465,"_timestamp":1.728776282247494e+09,"train_accuracy":0.00625,"val_accuracy":0.0043859649122807015,"_wandb":{"runtime":0},"_runtime":0.549397}