{"val_accuracy":0.5526315789473685,"early_stop_epoch":71,"train_accuracy":0.5675,"train_loss":0.2556164763158417,"_runtime":0.499233,"_timestamp":1.7287817940644531e+09,"val_loss":0.2578550908199252,"_step":2,"_wandb":{"runtime":0}}