{"_timestamp":1.728810999008367e+09,"_step":0,"_runtime":0.416729,"val_mse":36.95066193501914,"train_r2":0.5729483844695549,"val_rmse":6.0787056134525175,"_wandb":{"runtime":0},"train_rmse":5.958141830415753,"train_mse":35.49945407134999,"val_r2":0.5671411407592124}