{"train_rmse":23.271362668031475,"_wandb":{"runtime":0},"val_mse":589.7162428190201,"train_mse":541.5563204270491,"_runtime":0.385079,"_step":0,"val_r2":-5.908236193205617,"train_r2":-5.514818539864374,"_timestamp":1.728812557122596e+09,"val_rmse":24.284073851374693}