{"val_accuracy":0.0043859649122807015,"_wandb":{"runtime":0},"val_loss":0.31622417520897544,"_timestamp":1.7287852473058581e+09,"_runtime":0.497857,"_step":1,"train_loss":0.33225128690492206,"train_accuracy":0.00625}