{"val_mse":20.289565049921194,"val_r2":0.7623177090184354,"train_rmse":4.045335841296332,"_wandb":{"runtime":0},"_step":0,"val_rmse":4.504393971437356,"_runtime":0.496464,"train_mse":16.364742068876698,"train_r2":0.8031352954271764,"_timestamp":1.72881174262297e+09}