{"train_accuracy":0.57375,"val_accuracy":0.5745614035087719,"_wandb":{"runtime":0},"train_loss":0.25769793576926353,"val_loss":0.2508871817097267,"_timestamp":1.728774560289875e+09,"_runtime":0.76004,"_step":1}