{"_runtime":0.616766,"_step":1,"train_loss":0.3366657668620014,"train_accuracy":0.00625,"val_accuracy":0.0043859649122807015,"_wandb":{"runtime":0},"val_loss":0.3230244185855798,"_timestamp":1.728776667977109e+09}