{"val_loss":0.32476539565060475,"train_accuracy":0.00625,"val_accuracy":0.0043859649122807015,"_wandb":{"runtime":0},"_timestamp":1.728776389304272e+09,"_runtime":0.425418,"_step":1,"train_loss":0.33797739694514095}