{"_timestamp":1.7287789282705321e+09,"_runtime":0.755558,"_step":1,"val_accuracy":0.0043859649122807015,"train_accuracy":0.00625,"_wandb":{"runtime":0},"train_loss":0.33178768987327123,"val_loss":0.31610398500745357}