{"train_loss":0.40405684745094395,"train_accuracy":0.00625,"val_accuracy":0.0043859649122807015,"_wandb":{"runtime":0},"val_loss":0.40093203677418265,"_timestamp":1.72878479194546e+09,"_runtime":0.692008,"_step":1}