{"train_mse":536.7647219812574,"_runtime":0.456733,"train_r2":-5.457176530690492,"_timestamp":1.728812928065975e+09,"_step":0,"val_mse":584.6904667984327,"val_r2":-5.849361695127697,"val_rmse":24.180373586825176,"train_rmse":23.168183398386187,"_wandb":{"runtime":0}}