{"val_mse":10.501552654145684,"train_mse":4.724456105541253,"val_r2":0.8769794676445974,"train_r2":0.9431657002860117,"_step":0,"train_rmse":2.1735814007166265,"_wandb":{"runtime":0},"val_rmse":3.2406099200838234,"_timestamp":1.728812304804079e+09,"_runtime":0.709782}