{"train_loss":0.28345388535076105,"early_stop_epoch":37,"train_accuracy":0.52,"_wandb":{"runtime":1},"_step":2,"_runtime":1.5577239999999999,"_timestamp":1.728771834322859e+09,"val_accuracy":0.5482456140350878,"val_loss":0.2716040514749132}