{"train_loss":0.3149296526866445,"_step":2,"_wandb":{"runtime":1},"_timestamp":1.728773143121598e+09,"train_accuracy":0.28125,"val_accuracy":0.25877192982456143,"val_loss":0.33313214718297185,"_runtime":1.300365,"early_stop_epoch":30}