{"val_loss":0.2689868585648155,"_timestamp":1.72876885945962e+09,"train_accuracy":0.5125,"val_accuracy":0.5350877192982456,"_wandb":{"runtime":0},"_runtime":0.539645,"_step":1,"train_loss":0.2709184098372188}