{"val_loss":0.2549732025734856,"_timestamp":1.728784878878227e+09,"_runtime":0.502389,"_step":1,"train_loss":0.26540386720988407,"train_accuracy":0.52875,"val_accuracy":0.5394736842105263,"_wandb":{"runtime":0}}