{"early_stop_epoch":37,"_wandb":{"runtime":1},"train_accuracy":0.4825,"val_accuracy":0.5,"_timestamp":1.7287840140112488e+09,"train_loss":0.26892084178925757,"_runtime":1.283661,"val_loss":0.25626995486710047,"_step":2}