{"val_loss":0.28298339697513214,"_timestamp":1.728781755523618e+09,"_runtime":0.506808,"_step":1,"train_accuracy":0.39625,"val_accuracy":0.38596491228070173,"_wandb":{"runtime":0},"train_loss":0.29767588059640104}