{"_step":2,"_wandb":{"runtime":1},"val_loss":0.2803848215752439,"_runtime":1.48022,"early_stop_epoch":34,"_timestamp":1.728781681210659e+09,"train_accuracy":0.36125,"val_accuracy":0.36403508771929827,"train_loss":0.3003596307064859}