{"_wandb":{"runtime":0},"train_loss":0.39225262137578765,"val_loss":0.3883883457133635,"_timestamp":1.7287830403682828e+09,"_runtime":0.521662,"_step":1,"train_accuracy":0.00625,"val_accuracy":0.0043859649122807015}