{"train_accuracy":0.00625,"val_accuracy":0.0043859649122807015,"_wandb":{"runtime":0},"_step":1,"train_loss":0.4319876871233417,"val_loss":0.43094306573482466,"_timestamp":1.728784230122997e+09,"_runtime":0.388641}