{"_runtime":0.412373,"_step":0,"val_mse":588.6069228501452,"train_rmse":23.248633204949588,"_wandb":{"runtime":0},"train_r2":-5.502098527330602,"val_rmse":24.261222616557173,"val_r2":-5.895241054522995,"_timestamp":1.7288105338839831e+09,"train_mse":540.4989458982845}