{"_runtime":0.483017,"_step":1,"train_accuracy":0.11125,"val_accuracy":0.13157894736842105,"_wandb":{"runtime":0},"train_loss":0.3181597448630933,"val_loss":0.3024119594099553,"_timestamp":1.728784580816758e+09}