{"val_loss":0.31733030885207814,"train_accuracy":0.00625,"val_accuracy":0.0043859649122807015,"_wandb":{"runtime":0},"_timestamp":1.7287754277685492e+09,"_runtime":0.555179,"_step":1,"train_loss":0.33292852531893224}