{"_wandb":{"runtime":0},"train_loss":0.25829714846518737,"val_loss":0.25367825082365064,"_timestamp":1.728772730567505e+09,"_runtime":0.555091,"_step":1,"train_accuracy":0.565,"val_accuracy":0.5789473684210527}