{"train_accuracy":0.53,"val_accuracy":0.5482456140350878,"_wandb":{"runtime":1},"train_loss":0.27562272470027654,"val_loss":0.2588192107316035,"_timestamp":1.728786598670322e+09,"_runtime":1.183853,"_step":1}