{"_step":1,"train_accuracy":0.00625,"val_accuracy":0.0043859649122807015,"_wandb":{"runtime":0},"train_loss":0.33505600876402725,"val_loss":0.3204479125649761,"_timestamp":1.7287765553651881e+09,"_runtime":0.509286}