{"_runtime":0.419201,"val_mse":565.9792161015594,"_timestamp":1.728810334417218e+09,"train_mse":518.9393432892659,"val_r2":-5.630168581730693,"_wandb":{"runtime":0},"val_rmse":23.790317696524344,"train_r2":-5.242740648027145,"_step":0,"train_rmse":22.780240193844882}