{"val_loss":0.2566939630714624,"train_accuracy":0.48625,"val_accuracy":0.49122807017543857,"_step":2,"_runtime":2.153801,"early_stop_epoch":59,"_wandb":{"runtime":2},"train_loss":0.2704448647515644,"_timestamp":1.728785351089403e+09}