{"_step":0,"val_mse":14.935269160152561,"train_r2":0.8894513693980106,"val_rmse":3.8646175955911293,"_wandb":{"runtime":0},"_timestamp":1.728810139192559e+09,"train_rmse":3.031428547986759,"val_r2":0.8250406560378604,"_runtime":0.426387,"train_mse":9.189559041549112}