{"_timestamp":1.728768722343932e+09,"_runtime":0.459713,"_step":1,"train_loss":0.4176277045050528,"val_loss":0.41861988065559236,"val_accuracy":0.0043859649122807015,"train_accuracy":0.00625,"_wandb":{"runtime":0}}