{"train_rmse":23.16552124614391,"train_r2":-5.455692685447025,"val_r2":-5.847834716976162,"_timestamp":1.7288129875149062e+09,"val_rmse":24.177678083075413,"val_mse":584.5601174888252,"_wandb":{"runtime":0},"_step":0,"_runtime":0.446433,"train_mse":536.6413746055449}