{"train_mse":8.697228068247464,"val_mse":15.206412597037314,"val_r2":0.8218643438249166,"_wandb":{"runtime":2},"_timestamp":1.7288104394132612e+09,"_runtime":2.315846,"_step":0,"train_r2":0.8953740164646828,"val_rmse":3.899540049420869,"train_rmse":2.949106316877617}