{"_runtime":1.035095,"val_mse":11.880608515327614,"val_r2":0.8608245054425591,"train_r2":0.914951039756818,"_wandb":{"runtime":1},"_timestamp":1.728809743854754e+09,"val_rmse":3.4468258608939926,"_step":0,"train_mse":7.069851859051608,"train_rmse":2.6589193028468556}