{"train_accuracy":0.00625,"val_accuracy":0.0043859649122807015,"_wandb":{"runtime":0},"val_loss":0.38593348438298225,"_timestamp":1.7287833497776608e+09,"_runtime":0.747234,"_step":1,"train_loss":0.39023556747214294}