{"_step":1,"train_loss":0.33311440008635845,"train_accuracy":0.00625,"val_accuracy":0.0043859649122807015,"_wandb":{"runtime":1},"val_loss":0.3175137754940957,"_timestamp":1.728779454356949e+09,"_runtime":1.074744}