{"val_loss":0.31866339237056013,"_timestamp":1.72877436990747e+09,"_step":2,"train_accuracy":0.3525,"train_loss":0.2979063545982712,"_runtime":1.490288,"val_accuracy":0.41228070175438597,"_wandb":{"runtime":1},"early_stop_epoch":30}