{"train_r2":0.9208691710057986,"train_mse":6.5778962714338185,"_wandb":{"runtime":3},"early_stop_epoch":78,"_timestamp":1.7288124311645088e+09,"_step":1,"train_rmse":2.5647409755048987,"_runtime":3.268891,"val_mse":9.418036229528507,"val_rmse":3.068881918472672,"val_r2":0.8896723304775621}