{"train_rmse":2.7862799979738053,"val_r2":0.8355243567611119,"_wandb":{"runtime":1},"val_rmse":3.747043654860391,"early_stop_epoch":36,"train_mse":7.763356227108908,"_runtime":1.2741069999999999,"_timestamp":1.7288102483159711e+09,"train_r2":0.9066083153824928,"val_mse":14.040336151429518,"_step":1}