{"_wandb":{"runtime":0},"_step":1,"train_loss":0.2797732264632595,"val_loss":0.2659269320069456,"_timestamp":1.728773292009355e+09,"_runtime":0.504815,"train_accuracy":0.47,"val_accuracy":0.47368421052631576}