{"val_loss":0.26115001091958034,"_runtime":1.860322,"val_accuracy":0.5745614035087719,"early_stop_epoch":48,"_timestamp":1.7287713293303092e+09,"train_accuracy":0.54125,"_step":2,"_wandb":{"runtime":1},"train_loss":0.2554495600130673}