{"_wandb":{"runtime":2},"_runtime":2.179177,"_step":1,"early_stop_epoch":50,"train_r2":0.9068293879221763,"train_mse":7.74497916404785,"val_mse":11.183032304918784,"val_rmse":3.344104110956892,"train_rmse":2.7829802665573915,"val_r2":0.868996268189383,"_timestamp":1.7288114918006148e+09}