{"_step":1,"train_loss":0.2689975514922223,"val_loss":0.25664775392745104,"train_accuracy":0.53625,"val_accuracy":0.5175438596491229,"_wandb":{"runtime":0},"_timestamp":1.728784608009556e+09,"_runtime":0.49563}