{"_wandb":{"runtime":0},"val_r2":-5.84777302832906,"train_mse":536.6363559322034,"val_rmse":24.177569180650657,"_runtime":0.44477,"train_rmse":23.1654129238441,"early_stop_epoch":181,"_step":1,"val_mse":584.5548514851484,"train_r2":-5.4556323117704615,"_timestamp":1.7288176043403158e+09}