{"_timestamp":1.728786819613336e+09,"_runtime":0.849046,"_step":1,"train_loss":0.3341064191514661,"train_accuracy":0.00625,"val_accuracy":0.0043859649122807015,"_wandb":{"runtime":0},"val_loss":0.3188754567980328}