{"_wandb":{"runtime":0},"val_rmse":4.160694404970454,"val_r2":0.7972057086144849,"train_rmse":3.477411187188448,"train_mse":12.092388564783372,"_timestamp":1.7288098877084212e+09,"train_r2":0.8545308876628525,"_runtime":0.430311,"_step":0,"val_mse":17.31137793155244}