{"_wandb":{"runtime":0},"train_loss":0.33509700415948157,"val_loss":0.32063059039459846,"_timestamp":1.728776867829621e+09,"_runtime":0.766155,"_step":1,"train_accuracy":0.00625,"val_accuracy":0.0043859649122807015}