{"val_mse":584.7138062863671,"val_rmse":24.18085619423694,"_step":0,"_runtime":0.409234,"train_mse":536.8401763289619,"_timestamp":1.728816628835829e+09,"_wandb":{"runtime":0},"train_rmse":23.169811745652183,"train_r2":-5.458084232003906,"val_r2":-5.849635105767547}