{"_runtime":0.57086,"_step":1,"train_loss":0.30405296926755504,"train_accuracy":0.23375,"val_accuracy":0.2543859649122807,"_wandb":{"runtime":0},"val_loss":0.28720751418745294,"_timestamp":1.728780579408343e+09}