{"val_r2":0.8635319761370471,"_runtime":0.960647,"val_mse":11.649487372268487,"val_rmse":3.4131345376747877,"train_r2":0.9158061497964575,"_timestamp":1.72881004345888e+09,"_wandb":{"runtime":0},"train_rmse":2.6455187124809365,"train_mse":6.998769258086791,"_step":0}