{"_runtime":0.776338,"_step":1,"train_accuracy":0.455,"val_accuracy":0.45614035087719296,"_wandb":{"runtime":0},"train_loss":0.2849839123939754,"val_loss":0.2700775393837158,"_timestamp":1.728785462135361e+09}