{"_step":1,"train_accuracy":0.00625,"val_accuracy":0.0043859649122807015,"_wandb":{"runtime":0},"train_loss":0.33314568295365415,"val_loss":0.3171049103326266,"_timestamp":1.728772388792522e+09,"_runtime":0.48099}