{"val_rmse":24.312613015152284,"_runtime":0.457997,"val_r2":-5.924483148794379,"_timestamp":1.728815631772214e+09,"train_mse":543.3214049106884,"val_mse":591.1031516245522,"_step":0,"_wandb":{"runtime":0},"train_r2":-5.536052167253993,"train_rmse":23.309255777709602}