{"train_accuracy":0.00625,"val_accuracy":0.0043859649122807015,"_wandb":{"runtime":0},"train_loss":0.34456533578121995,"val_loss":0.3339197062645894,"_timestamp":1.728780983945407e+09,"_runtime":0.47084,"_step":1}