{"_wandb":{"runtime":0},"train_accuracy":0.5295404814004376,"val_accuracy":0.49122807017543857,"_timestamp":1.7287650038791811e+09,"_runtime":0.569452,"_step":0}