{"val_loss":0.31658146596127473,"_timestamp":1.728785709669195e+09,"_runtime":1.19553,"_step":1,"train_accuracy":0.00625,"val_accuracy":0.0043859649122807015,"_wandb":{"runtime":1},"train_loss":0.33112520884115054}