{"train_loss":0.367378252556479,"val_loss":0.3601842898672747,"_timestamp":1.7287793360148191e+09,"train_accuracy":0.00625,"val_accuracy":0.0043859649122807015,"_wandb":{"runtime":1},"_runtime":1.257144,"_step":1}