{"val_mse":14.17867649345888,"train_rmse":3.202657351907956,"train_r2":0.8766100898627021,"_runtime":1.306611,"_step":0,"_timestamp":1.728809995712407e+09,"train_mse":10.257014113730081,"val_rmse":3.7654583377669817,"_wandb":{"runtime":1},"val_r2":0.8339037675889039}