{"_wandb":{"runtime":0},"val_loss":0.42473000380366105,"_timestamp":1.728779829722829e+09,"_runtime":0.422814,"_step":1,"train_loss":0.42614419886049276,"train_accuracy":0.00625,"val_accuracy":0.0043859649122807015}