{"_step":0,"train_rmse":23.174315683138907,"val_rmse":24.18619257782992,"_timestamp":1.7288163033736162e+09,"val_mse":584.9719114118751,"val_r2":-5.852658680565424,"train_r2":-5.46059522648673,"train_mse":537.0489073817779,"_runtime":0.403006,"_wandb":{"runtime":0}}