{"train_accuracy":0.55,"_wandb":{"runtime":1},"early_stop_epoch":34,"val_accuracy":0.5657894736842105,"_timestamp":1.728772486519756e+09,"_step":2,"train_loss":0.23649347404283957,"_runtime":1.9463059999999999,"val_loss":0.2627293569957381}