{"_runtime":1.089044,"val_rmse":24.177569192963713,"val_mse":584.554852080548,"_step":0,"_timestamp":1.728817195523672e+09,"train_rmse":23.165412936843012,"train_r2":-5.455632319015416,"_wandb":{"runtime":1},"train_mse":536.6363565344536,"val_r2":-5.847773035303874}