{"train_r2":0.9187251501578494,"train_mse":6.756121963251535,"early_stop_epoch":52,"_timestamp":1.72881219153251e+09,"train_rmse":2.5992541167133956,"_wandb":{"runtime":1},"_step":1,"_runtime":1.367895,"val_rmse":3.191540000201022,"val_r2":0.8806768604778664,"val_mse":10.18592757288314}