{"_wandb":{"runtime":0},"_timestamp":1.728778394360296e+09,"_runtime":0.484536,"_step":1,"train_loss":0.35076694723170027,"val_loss":0.34100707134203323,"train_accuracy":0.00625,"val_accuracy":0.0043859649122807015}