{"val_accuracy":0.0043859649122807015,"_wandb":{"runtime":0},"_timestamp":1.728773993359772e+09,"_runtime":0.554317,"_step":1,"train_loss":0.4165807065822408,"val_loss":0.4143339311952582,"train_accuracy":0.00625}