{"train_loss":0.3493314497772413,"val_loss":0.33910173932758886,"train_accuracy":0.00625,"val_accuracy":0.0043859649122807015,"_wandb":{"runtime":0},"_timestamp":1.728779464819992e+09,"_runtime":0.784099,"_step":1}