{"_wandb":{"runtime":0},"train_r2":0.8836360798392774,"_timestamp":1.7288101555225742e+09,"_runtime":0.452739,"train_mse":9.672965723772833,"_step":0,"val_rmse":3.9280484475920217,"val_mse":15.429564606630091,"train_rmse":3.1101391807719527,"val_r2":0.8192502276155916}