{"_runtime":1.892772,"_step":2,"_timestamp":1.728774039570188e+09,"early_stop_epoch":48,"_wandb":{"runtime":1},"train_loss":0.2554495600130673,"val_accuracy":0.5745614035087719,"train_accuracy":0.54125,"val_loss":0.26115001091958034}