{"train_accuracy":0.00625,"val_accuracy":0.0043859649122807015,"_wandb":{"runtime":0},"train_loss":0.3340822784809786,"val_loss":0.3189563929693044,"_timestamp":1.7287781426763892e+09,"_runtime":0.570819,"_step":1}