{"train_loss":0.40436271368333543,"val_loss":0.4014326019959899,"_timestamp":1.728784857498537e+09,"train_accuracy":0.00625,"val_accuracy":0.0043859649122807015,"_wandb":{"runtime":0},"_runtime":0.456178,"_step":1}