{"val_loss":0.2611700115186838,"early_stop_epoch":34,"_timestamp":1.72878170765245e+09,"_runtime":1.569524,"_step":2,"val_accuracy":0.5043859649122807,"train_loss":0.255773664401631,"train_accuracy":0.49625,"_wandb":{"runtime":1}}