{"_step":1,"train_loss":0.24532633433085113,"train_accuracy":0.5725,"val_accuracy":0.6096491228070176,"_wandb":{"runtime":0},"val_loss":0.2529177234826969,"_timestamp":1.7287719778221598e+09,"_runtime":0.478745}