{"_step":0,"_wandb":{"runtime":3},"train_accuracy":0.7210065645514223,"val_accuracy":0.5394736842105263,"_timestamp":1.728764986919553e+09,"_runtime":3.945262}