{"_runtime":0.546883,"_step":1,"train_accuracy":0.31125,"val_accuracy":0.32456140350877194,"_wandb":{"runtime":0},"train_loss":0.29317169292465384,"val_loss":0.27671178391733203,"_timestamp":1.728783317595513e+09}