{"val_loss":0.27427832447587763,"_timestamp":1.728776166300716e+09,"train_accuracy":0.3225,"val_accuracy":0.3508771929824561,"_wandb":{"runtime":2},"_runtime":2.230932,"_step":1,"train_loss":0.29954383007146335}