{"_step":0,"_wandb":{"runtime":0},"train_rmse":2.602035868643599,"val_r2":0.8662563008527864,"train_mse":6.77059066170785,"_timestamp":1.728811974398206e+09,"val_rmse":3.3788944195865,"_runtime":0.56579,"val_mse":11.416927498712791,"train_r2":0.9185510944938391}