{"val_loss":0.3178569561461448,"_timestamp":1.7287794374691148e+09,"_runtime":0.685273,"_step":1,"train_accuracy":0.00625,"val_accuracy":0.0043859649122807015,"_wandb":{"runtime":0},"train_loss":0.33332053515677607}