{"train_mse":11.852235036526029,"val_rmse":4.137506216402157,"train_r2":0.8574198884911893,"val_r2":0.7994598172436596,"_timestamp":1.728809732419372e+09,"_step":0,"_wandb":{"runtime":0},"val_mse":17.118957690766493,"_runtime":0.507228,"train_rmse":3.4427075153904707}