{"_wandb":{"runtime":1},"train_rmse":2.5863920512395655,"val_rmse":3.3776131562889447,"_runtime":1.047975,"_timestamp":1.7288097705560918e+09,"train_mse":6.689423842715207,"val_r2":0.8663577117772117,"train_r2":0.9195275157398844,"val_mse":11.408270633536166,"_step":0}