{"val_loss":0.2653237633543046,"_timestamp":1.7287822398837602e+09,"train_accuracy":0.54625,"val_accuracy":0.5350877192982456,"_wandb":{"runtime":0},"_runtime":0.663126,"_step":1,"train_loss":0.274386881127364}