{"train_r2":0.8109245909830951,"val_mse":19.05059703265882,"_step":0,"val_r2":0.7768316109217663,"_timestamp":1.728812168039837e+09,"_wandb":{"runtime":0},"train_mse":15.717242493229293,"val_rmse":4.36469896243244,"train_rmse":3.9644977605277183,"_runtime":0.507639}