{"train_rmse":23.23913505061059,"_step":0,"val_rmse":24.251705105251812,"val_r2":-5.889832204070327,"train_mse":540.0573979005177,"_timestamp":1.7288161522314188e+09,"_wandb":{"runtime":0},"_runtime":0.476461,"train_r2":-5.496786789707776,"val_mse":588.1452005120967}