{"val_mse":309.55100242153577,"_wandb":{"runtime":0},"train_r2":-2.33299298735279,"_timestamp":1.728812509099266e+09,"train_rmse":16.64515533979275,"_step":0,"_runtime":0.51978,"val_r2":-2.62623798243897,"val_rmse":17.594061566947406,"train_mse":277.06119628583116}