{"train_accuracy":0.00625,"val_accuracy":0.0043859649122807015,"_wandb":{"runtime":0},"train_loss":0.39212388097282513,"val_loss":0.38749609609827035,"_timestamp":1.728785871184983e+09,"_runtime":0.708517,"_step":1}