{"_timestamp":1.728810913294753e+09,"train_mse":131.65905475117685,"train_r2":-0.5838331462138806,"_runtime":0.438288,"_wandb":{"runtime":0},"val_rmse":11.8123777882634,"val_r2":-0.6345520114988099,"train_rmse":11.474277962084448,"val_mse":139.5322690126585,"_step":0}