{"_step":0,"_runtime":0.412035,"val_mse":587.053366655734,"_wandb":{"runtime":0},"train_mse":539.0179706260291,"_timestamp":1.728812944184385e+09,"train_r2":-5.484282679196538,"val_rmse":24.22918419294661,"train_rmse":23.216760554091717,"val_r2":-5.877041906608896}