{"train_accuracy":0.00625,"val_accuracy":0.0043859649122807015,"_wandb":{"runtime":0},"val_loss":0.3198484738196428,"_timestamp":1.728774847319854e+09,"_runtime":0.717496,"_step":1,"train_loss":0.3345569268982659}