{"_wandb":{"runtime":0},"val_loss":0.3796950507597895,"_timestamp":1.728784926128767e+09,"_runtime":0.541932,"_step":1,"train_loss":0.38232270298932597,"train_accuracy":0.00625,"val_accuracy":0.0043859649122807015}