{"_timestamp":1.72881738894267e+09,"train_mse":536.6363559322034,"_step":1,"val_rmse":24.177569180650657,"val_mse":584.5548514851484,"val_r2":-5.84777302832906,"_wandb":{"runtime":0},"train_rmse":23.1654129238441,"early_stop_epoch":16,"_runtime":0.588337,"train_r2":-5.4556323117704615}