{"val_loss":0.3603712962005512,"_timestamp":1.728785975943716e+09,"_runtime":0.90081,"_step":1,"train_accuracy":0.01125,"val_accuracy":0.017543859649122806,"_wandb":{"runtime":0},"train_loss":0.36674079322433384}