{"early_stop_epoch":79,"train_accuracy":0.5425,"val_loss":0.25299303301976384,"_timestamp":1.728781216835144e+09,"_runtime":0.672893,"val_accuracy":0.5614035087719298,"_step":2,"_wandb":{"runtime":0},"train_loss":0.24831327154081578}