{"train_rmse":23.166663068076925,"train_r2":-5.456329099632242,"_timestamp":1.7288139055565188e+09,"train_mse":536.6942777097994,"val_r2":-5.848484906223109,"val_mse":584.6156203913184,"val_rmse":24.178825868749673,"_step":0,"_runtime":0.577533,"_wandb":{"runtime":0}}