{"train_loss":0.332337516096795,"val_loss":0.3165375287272668,"_timestamp":1.728777388112834e+09,"train_accuracy":0.00625,"val_accuracy":0.0043859649122807015,"_wandb":{"runtime":0},"_runtime":0.582314,"_step":1}