{"_step":2,"_timestamp":1.728785982688967e+09,"train_loss":0.316096154211883,"_runtime":1.886169,"early_stop_epoch":16,"train_accuracy":0.305,"_wandb":{"runtime":1},"val_accuracy":0.31140350877192985,"val_loss":0.3018448236299125}