{"_step":1,"val_rmse":3.1743944198834493,"train_r2":0.9450048965909577,"_wandb":{"runtime":2},"early_stop_epoch":164,"train_mse":4.571569516704618,"val_r2":0.8819554714802154,"_runtime":2.245885,"train_rmse":2.138122895603669,"_timestamp":1.728811626622536e+09,"val_mse":10.07677993298718}