{"val_mse":10.739449098686057,"_step":0,"_wandb":{"runtime":1},"train_mse":4.592899013071238,"train_r2":0.944748306845563,"_timestamp":1.728810865483327e+09,"val_rmse":3.2771098697916825,"val_r2":0.8741926276203977,"_runtime":1.576732,"train_rmse":2.14310499347821}