{"val_r2":-5.848200161789194,"train_mse":536.6988772747521,"_timestamp":1.7288165305203042e+09,"val_mse":584.5913134028142,"train_r2":-5.456384431515371,"_runtime":0.670846,"_step":0,"_wandb":{"runtime":0},"train_rmse":23.166762339065684,"val_rmse":24.178323213217542}