{"val_loss":0.2595004417139334,"train_accuracy":0.54,"val_accuracy":0.543859649122807,"_wandb":{"runtime":0},"_timestamp":1.728785478958143e+09,"_runtime":0.968488,"_step":1,"train_loss":0.27512005784813726}