{"_runtime":0.475751,"_step":1,"train_accuracy":0.00625,"val_accuracy":0.0043859649122807015,"_wandb":{"runtime":0},"train_loss":0.3821767598673253,"val_loss":0.37720844616589805,"_timestamp":1.728782612832046e+09}