{"_step":0,"val_mse":596.2622348188869,"_wandb":{"runtime":0},"train_mse":547.8023137058598,"_timestamp":1.728815838350914e+09,"val_r2":-5.984919274949716,"val_rmse":24.41848141918098,"train_rmse":23.405177070594014,"_runtime":0.391809,"train_r2":-5.589956639592535}