{"train_mse":6.093503938858185,"val_r2":0.8713616564001306,"_timestamp":1.728812082778032e+09,"_wandb":{"runtime":0},"_step":0,"val_mse":10.981112768666913,"train_r2":0.9266963177489912,"train_rmse":2.468502367602305,"val_rmse":3.3137762098045958,"_runtime":0.677605}