{"train_mse":4.460033717075967,"_runtime":1.638048,"early_stop_epoch":105,"train_rmse":2.111879190928299,"train_r2":0.9463466508423093,"val_rmse":3.273639700376562,"val_mse":10.716716887881546,"_timestamp":1.728811835179002e+09,"val_r2":0.8744589243068864,"_wandb":{"runtime":1},"_step":1}