{"train_accuracy":0.5375,"val_loss":0.25433715967829457,"_timestamp":1.72877303594326e+09,"early_stop_epoch":33,"_runtime":1.407967,"_wandb":{"runtime":1},"train_loss":0.2383731608288602,"val_accuracy":0.5745614035087719,"_step":2}