{"train_rmse":2.6473887077332057,"_runtime":1.252218,"_step":1,"early_stop_epoch":76,"val_r2":0.8700833480513885,"train_mse":7.008666969833293,"_wandb":{"runtime":1},"_timestamp":1.728810603864236e+09,"val_rmse":3.3302003802731845,"train_r2":0.9156870822248012,"val_mse":11.090234572771664}