{"_runtime":0.435093,"train_mse":8.71483109587612,"_timestamp":1.7288110313341792e+09,"train_rmse":2.952089276406816,"val_mse":12.811433130395743,"val_rmse":3.579306235906023,"train_r2":0.8951622554226134,"_step":0,"_wandb":{"runtime":0},"val_r2":0.8499203521762333}