{"_timestamp":1.7288095971670551e+09,"train_rmse":22.85497057508705,"_wandb":{"runtime":0},"val_r2":-5.6719152832111535,"train_r2":-5.2837663436282805,"val_rmse":23.86509775812295,"train_mse":522.349679988095,"val_mse":569.5428910047651,"_runtime":0.41729,"_step":0}