{"train_loss":0.33428833231029986,"_step":2,"_wandb":{"runtime":3},"_timestamp":1.728776676279116e+09,"early_stop_epoch":42,"_runtime":3.04529,"val_accuracy":0.0043859649122807015,"train_accuracy":0.00625,"val_loss":0.3159449189880857}