{"_step":1,"_runtime":0.406813,"_timestamp":1.7288145604910688e+09,"train_mse":536.6363559322034,"_wandb":{"runtime":0},"val_r2":-5.84777302832906,"val_rmse":24.177569180650657,"val_mse":584.5548514851484,"train_rmse":23.1654129238441,"early_stop_epoch":21,"train_r2":-5.4556323117704615}