{"early_stop_epoch":42,"train_loss":0.33428833231029986,"_runtime":2.827519,"val_loss":0.3159449189880857,"_step":2,"_timestamp":1.728778091650763e+09,"train_accuracy":0.00625,"_wandb":{"runtime":2},"val_accuracy":0.0043859649122807015}