{"train_accuracy":0.00625,"val_accuracy":0.0043859649122807015,"_wandb":{"runtime":0},"val_loss":0.31967483480726383,"_timestamp":1.728775706158772e+09,"_runtime":0.409847,"_step":1,"train_loss":0.334360472930821}