{"train_accuracy":0.54625,"val_accuracy":0.5394736842105263,"_wandb":{"runtime":0},"train_loss":0.27442344098262766,"val_loss":0.2644740412063269,"_timestamp":1.728781836106326e+09,"_runtime":0.596007,"_step":1}