{"_timestamp":1.7288120139671848e+09,"early_stop_epoch":60,"_wandb":{"runtime":1},"val_rmse":3.5154731209400194,"val_r2":0.8552256408441667,"_runtime":1.3817,"_step":1,"train_mse":7.302533343236847,"train_rmse":2.702319992753791,"train_r2":0.9121519261838146,"val_mse":12.35855126405176}