{"train_accuracy":0.00625,"val_accuracy":0.0043859649122807015,"_wandb":{"runtime":0},"_step":1,"train_loss":0.33327251566650046,"val_loss":0.3178469382091418,"_timestamp":1.728777366002183e+09,"_runtime":0.479877}