{"train_r2":-5.479208746856621,"val_r2":-5.87176749096384,"_step":0,"_runtime":1.514548,"val_rmse":24.219891003906774,"val_mse":586.6031202411242,"_wandb":{"runtime":1},"train_rmse":23.20767525262925,"_timestamp":1.728816250834183e+09,"train_mse":538.5961906315001}