{"train_r2":-0.016251734186127686,"_runtime":0.509991,"val_mse":90.28094272636307,"_step":0,"_wandb":{"runtime":0},"val_rmse":9.501628424978692,"train_mse":84.47780186444061,"val_r2":-0.05759690985888022,"_timestamp":1.7288124811209931e+09,"train_rmse":9.191180656718734}