{"train_loss":0.4177865450406785,"val_loss":0.41560738862844043,"_timestamp":1.7287816740690298e+09,"train_accuracy":0.00625,"val_accuracy":0.0043859649122807015,"_wandb":{"runtime":0},"_runtime":0.414939,"_step":1}