{"_timestamp":1.728784982131191e+09,"_runtime":0.456693,"_step":1,"train_accuracy":0.00625,"val_accuracy":0.0043859649122807015,"_wandb":{"runtime":0},"train_loss":0.41033561068373936,"val_loss":0.40744837451724825}