{"train_mse":536.7272663832133,"_runtime":0.475707,"val_r2":-5.848890346573515,"_timestamp":1.728813301083515e+09,"val_mse":584.6502304934402,"train_r2":-5.456725947038608,"_wandb":{"runtime":0},"val_rmse":24.179541569133196,"_step":0,"train_rmse":23.16737504300419}