{"_timestamp":1.728810608886778e+09,"train_mse":8.576130700448234,"train_rmse":2.9285031501516663,"val_r2":0.8565179841214207,"train_r2":0.8968307945450219,"_step":0,"_runtime":0.421468,"val_mse":12.248231379123075,"val_rmse":3.4997473307544755,"_wandb":{"runtime":0}}