{"_runtime":0.487337,"_step":1,"train_accuracy":0.00625,"val_accuracy":0.0043859649122807015,"_wandb":{"runtime":0},"train_loss":0.39617273019172167,"val_loss":0.39189044150345703,"_timestamp":1.728776699754821e+09}