{"_timestamp":1.728812196154474e+09,"_step":0,"train_mse":6.162650083522427,"train_r2":0.9258645029067907,"val_r2":0.8621982269293713,"_runtime":0.558556,"val_rmse":3.4297728558087286,"_wandb":{"runtime":0},"val_mse":11.763341842442362,"train_rmse":2.4824685463309355}