{"val_r2":0.8430724377521629,"val_mse":13.396000052019062,"_runtime":0.438116,"_timestamp":1.7288100848867378e+09,"_step":0,"val_rmse":3.6600546515071413,"train_rmse":3.145846393222886,"train_mse":9.89634952975344,"train_r2":0.8809488155496457,"_wandb":{"runtime":0}}