{"_wandb":{"runtime":1},"_timestamp":1.728772961080867e+09,"early_stop_epoch":26,"val_loss":0.2625538852211489,"_runtime":1.263131,"val_accuracy":0.5921052631578947,"_step":2,"train_loss":0.21234609013787387,"train_accuracy":0.5575}