{"train_accuracy":0.00625,"val_accuracy":0.0043859649122807015,"_wandb":{"runtime":0},"train_loss":0.3536647048277133,"val_loss":0.34545191083248644,"_timestamp":1.728780499090003e+09,"_runtime":0.420766,"_step":1}