{"_step":0,"val_rmse":3.407009202652609,"val_mse":11.607711706959567,"train_rmse":2.7400417501837366,"_runtime":0.469809,"train_mse":7.507828792749955,"train_r2":0.9096822613489861,"_timestamp":1.72881105814583e+09,"val_r2":0.8640213575414031,"_wandb":{"runtime":0}}