{"_runtime":0.441668,"_step":1,"train_accuracy":0.00625,"val_accuracy":0.0043859649122807015,"_wandb":{"runtime":0},"train_loss":0.4292377857978632,"val_loss":0.4275324318269492,"_timestamp":1.72878027298455e+09}