{"_runtime":0.456116,"train_accuracy":0.00625,"val_accuracy":0.0043859649122807015,"_wandb":{"runtime":0},"_step":1,"train_loss":0.41779504950788426,"val_loss":0.41561423058495034,"_timestamp":1.7287852527040288e+09}