{"_wandb":{"runtime":0},"_timestamp":1.728810772691906e+09,"val_r2":0.8541638450420368,"train_r2":0.9045810270937966,"train_rmse":2.816359051931702,"val_rmse":3.5283410608912593,"train_mse":7.931878309397634,"val_mse":12.449190641971258,"_runtime":0.481155,"_step":0}