{"_step":1,"train_loss":0.42661923409896396,"val_accuracy":0.0043859649122807015,"train_accuracy":0.00625,"_wandb":{"runtime":0},"val_loss":0.42545991556658563,"_timestamp":1.728783857158827e+09,"_runtime":0.578287}