{"val_loss":0.2840585022731254,"_timestamp":1.728779678666434e+09,"_runtime":0.433876,"_step":1,"train_loss":0.2973772548765696,"val_accuracy":0.2982456140350877,"train_accuracy":0.31625,"_wandb":{"runtime":0}}