{"_step":1,"train_accuracy":0.00625,"val_accuracy":0.0043859649122807015,"_wandb":{"runtime":0},"train_loss":0.4321224506928897,"val_loss":0.4310927309697842,"_timestamp":1.728772161725941e+09,"_runtime":0.420658}