{"train_mse":536.6363559322034,"val_mse":584.5548514851484,"_timestamp":1.7288155669084349e+09,"val_rmse":24.177569180650657,"train_r2":-5.4556323117704615,"val_r2":-5.84777302832906,"train_rmse":23.1654129238441,"_step":1,"_runtime":0.567802,"early_stop_epoch":16,"_wandb":{"runtime":0}}