{"train_r2":-5.498489240449344,"train_rmse":23.242179701179158,"_wandb":{"runtime":0},"val_mse":587.8999356190162,"val_r2":-5.886959046289897,"_step":0,"train_mse":540.1989172619044,"_timestamp":1.728815605064787e+09,"_runtime":0.406242,"val_rmse":24.246647925414685}