{"train_r2":-5.455644898307434,"_runtime":0.404387,"_timestamp":1.728817232405987e+09,"val_mse":584.5559043610581,"_wandb":{"runtime":0},"train_rmse":23.165435506619115,"train_mse":536.6374022113297,"_step":0,"val_r2":-5.847785362253306,"val_rmse":24.177590954457354}