{"train_mse":536.6371123634593,"val_rmse":24.177585592847212,"_timestamp":1.72881429010027e+09,"_runtime":0.765831,"_wandb":{"runtime":0},"_step":0,"train_rmse":23.16542925057637,"val_r2":-5.847782325130919,"train_r2":-5.455641411493213,"val_mse":584.555645099453}