{"val_accuracy":0.0043859649122807015,"_wandb":{"runtime":0},"train_loss":0.3325282440488788,"val_loss":0.316741178764844,"_timestamp":1.728777098730434e+09,"_runtime":0.613079,"_step":1,"train_accuracy":0.00625}