{"_step":1,"train_accuracy":0.00625,"val_accuracy":0.0043859649122807015,"_wandb":{"runtime":0},"train_loss":0.34090640105733266,"val_loss":0.3289425406770358,"_timestamp":1.72877342288272e+09,"_runtime":0.434152}