{"val_mse":505.565839595952,"train_r2":-4.562045109733255,"_timestamp":1.728810700722006e+09,"train_rmse":21.502447995445383,"val_rmse":22.484791295361227,"_wandb":{"runtime":0},"val_r2":-4.922455543109377,"_step":0,"_runtime":0.756379,"train_mse":462.3552697968332}