{"_wandb":{"runtime":0},"train_loss":0.24971433162796064,"_timestamp":1.728781874477598e+09,"early_stop_epoch":59,"train_accuracy":0.54125,"_step":2,"val_accuracy":0.5526315789473685,"_runtime":0.549668,"val_loss":0.25715803543393423}