{"_step":1,"train_loss":0.2758103254220082,"train_accuracy":0.5375,"val_accuracy":0.5307017543859649,"_wandb":{"runtime":1},"val_loss":0.2629010722791986,"_timestamp":1.728781060902175e+09,"_runtime":1.099}