{"_timestamp":1.7288107389140842e+09,"train_r2":0.896430429292664,"val_mse":13.157586531446674,"_wandb":{"runtime":0},"train_mse":8.60941180130577,"_runtime":0.45655,"val_r2":0.8458653350681576,"_step":0,"train_rmse":2.9341799197230167,"val_rmse":3.627338767119315}