{"val_mse":584.5548514851484,"train_r2":-5.4556323117704615,"early_stop_epoch":16,"val_r2":-5.84777302832906,"_step":1,"_timestamp":1.728816000904115e+09,"val_rmse":24.177569180650657,"train_mse":536.6363559322034,"train_rmse":23.1654129238441,"_runtime":0.72253,"_wandb":{"runtime":0}}