{"_runtime":2.1333159999999998,"_wandb":{"runtime":2},"early_stop_epoch":49,"train_loss":0.28307321440357897,"val_accuracy":0.4473684210526316,"train_accuracy":0.45625,"_timestamp":1.728783103740793e+09,"_step":2,"val_loss":0.2776886195954831}