{"val_r2":0.8610404429364134,"_runtime":0.510034,"train_mse":7.883746933881299,"val_rmse":3.4441508645929733,"train_rmse":2.8078010851699053,"train_r2":0.9051600382986067,"val_mse":11.862175178076527,"_step":0,"_wandb":{"runtime":0},"_timestamp":1.728810961681528e+09}