{"train_loss":0.42717768478336166,"val_loss":0.4253984030705513,"_timestamp":1.7287798907020218e+09,"_runtime":1.125416,"_step":1,"train_accuracy":0.00625,"val_accuracy":0.0043859649122807015,"_wandb":{"runtime":1}}