{"_runtime":0.543483,"_step":1,"train_accuracy":0.00625,"val_accuracy":0.0043859649122807015,"_wandb":{"runtime":0},"train_loss":0.3951499737073142,"val_loss":0.39110932224388695,"_timestamp":1.728774808569408e+09}