{"val_accuracy":0.0043859649122807015,"_wandb":{"runtime":0},"train_loss":0.3330915929769314,"val_loss":0.31744269422438687,"_timestamp":1.728779057131107e+09,"_runtime":0.903694,"_step":1,"train_accuracy":0.00625}