{"val_loss":0.2622659495964644,"train_loss":0.25657588183236923,"_wandb":{"runtime":1},"early_stop_epoch":48,"_timestamp":1.7287803224496481e+09,"train_accuracy":0.53,"_step":2,"_runtime":1.9468990000000002,"val_accuracy":0.5263157894736842}