{"_timestamp":1.728777576233205e+09,"_runtime":0.559586,"_step":1,"train_accuracy":0.00625,"val_accuracy":0.0043859649122807015,"_wandb":{"runtime":0},"train_loss":0.33347774285125864,"val_loss":0.31816330581376706}