{"val_mse":309.90331507000093,"train_rmse":16.96653389142617,"_runtime":0.388563,"_timestamp":1.7288106195054889e+09,"_wandb":{"runtime":0},"val_r2":-2.630365152105887,"val_rmse":17.60407098003189,"train_mse":287.8632722889129,"_step":0,"train_r2":-2.4629398873509425}