{"val_accuracy":0.5570175438596491,"train_loss":0.2820509675047979,"val_loss":0.27209171760611306,"_wandb":{"runtime":2},"_runtime":2.05089,"_step":2,"_timestamp":1.728778299863212e+09,"train_accuracy":0.5575,"early_stop_epoch":49}