{"_runtime":0.542977,"train_r2":0.9089743674796319,"_timestamp":1.7288103870707982e+09,"train_mse":7.566673777732195,"_wandb":{"runtime":0},"val_r2":0.8633846862646702,"val_mse":11.66206065837425,"val_rmse":3.414975938183789,"_step":0,"train_rmse":2.750758764001706}