{"_wandb":{"runtime":0},"val_loss":0.4135947055571811,"_timestamp":1.72878218596142e+09,"_runtime":0.77352,"_step":1,"train_loss":0.41592954154257805,"val_accuracy":0.0043859649122807015,"train_accuracy":0.00625}