{"_timestamp":1.728772617422475e+09,"_runtime":0.439763,"_step":1,"train_loss":0.3531336086766985,"val_accuracy":0.0043859649122807015,"train_accuracy":0.00625,"_wandb":{"runtime":0},"val_loss":0.34393134588783564}