{"val_r2":0.8777750718846765,"_step":0,"_timestamp":1.728809952599125e+09,"val_mse":10.433636513164315,"train_mse":6.587525174894268,"train_rmse":2.566617457841014,"val_rmse":3.230114009313652,"_runtime":1.005849,"train_r2":0.9207533371462043,"_wandb":{"runtime":1}}