{"val_mse":584.6535750372552,"val_rmse":24.179610729646896,"val_r2":-5.848929526261906,"_wandb":{"runtime":0},"train_rmse":23.167447581373548,"_step":0,"_runtime":0.407449,"_timestamp":1.7288133569279659e+09,"train_mse":536.730627435691,"train_r2":-5.456766379854493}