{"_runtime":0.475125,"_step":1,"train_loss":0.33634579660972896,"train_accuracy":0.00625,"val_accuracy":0.0043859649122807015,"_wandb":{"runtime":0},"val_loss":0.32223857385041166,"_timestamp":1.7287722860607119e+09}