{"val_rmse":24.207210890722138,"val_r2":-5.864574066334521,"train_mse":538.0555562788154,"_timestamp":1.7288166823368042e+09,"val_mse":585.9890591078965,"_runtime":0.461285,"_step":0,"train_rmse":23.196024579199243,"_wandb":{"runtime":0},"train_r2":-5.472705019411652}