{"val_mse":558.0436910436711,"val_rmse":23.622948398615932,"_step":0,"train_mse":511.255349526963,"_wandb":{"runtime":0},"_runtime":0.419292,"train_r2":-5.150303678621307,"_timestamp":1.728810037472975e+09,"train_rmse":22.610956404516884,"val_r2":-5.537207802568608}