{"val_accuracy":0.34649122807017546,"val_loss":0.2799126335620395,"_step":2,"_timestamp":1.7287772008641658e+09,"train_accuracy":0.32,"_runtime":1.227253,"early_stop_epoch":19,"_wandb":{"runtime":1},"train_loss":0.2899793246837389}