{"val_r2":-5.849044056703049,"_timestamp":1.728816886231404e+09,"_step":0,"val_mse":584.6633518398355,"_runtime":0.449725,"val_rmse":24.179812899190008,"_wandb":{"runtime":0},"train_rmse":23.167698009587276,"train_r2":-5.4569059692680035,"train_mse":536.7422310634342}