{"_wandb":{"runtime":0},"train_rmse":23.16541305580543,"val_rmse":24.17756931240551,"train_r2":-5.455632385319231,"_step":0,"_timestamp":1.728812868822442e+09,"_runtime":0.47091,"train_mse":536.6363620460806,"val_r2":-5.847773102962481,"val_mse":584.5548578561727}