{"val_accuracy":0.5482456140350878,"_wandb":{"runtime":2},"train_accuracy":0.53375,"_timestamp":1.72878071077894e+09,"_step":2,"train_loss":0.2545244533621068,"early_stop_epoch":46,"_runtime":2.436338,"val_loss":0.25887588970259834}