{"val_loss":0.26059976776963567,"_timestamp":1.728783788160244e+09,"_runtime":0.451227,"_step":1,"train_accuracy":0.51,"val_accuracy":0.5087719298245614,"_wandb":{"runtime":0},"train_loss":0.2769917971957998}