{"_timestamp":1.728783394272042e+09,"train_accuracy":0.52375,"train_loss":0.2531376789340439,"val_accuracy":0.5263157894736842,"val_loss":0.2583749060477673,"_wandb":{"runtime":2},"_runtime":2.181281,"_step":2,"early_stop_epoch":41}