{"val_accuracy":0.0043859649122807015,"_wandb":{"runtime":0},"_runtime":0.528224,"_step":1,"train_loss":0.3711354520444089,"val_loss":0.3652398590553282,"_timestamp":1.7287780511042e+09,"train_accuracy":0.00625}