{"_wandb":{"runtime":0},"train_mse":13.5635449146618,"val_r2":0.7909650168913105,"_step":0,"val_rmse":4.224228894919723,"train_r2":0.8368331592794603,"_runtime":0.448106,"train_rmse":3.6828718297901437,"_timestamp":1.728812131236984e+09,"val_mse":17.844109756674708}