{"_runtime":2.863528,"train_r2":0.9045535952160355,"_wandb":{"runtime":2},"_timestamp":1.7288114171560571e+09,"train_rmse":2.8167638585597077,"val_rmse":4.080567142879773,"val_mse":16.651028207549995,"val_r2":0.804941381353835,"train_mse":7.934158634888174,"early_stop_epoch":67,"_step":1}