{"val_accuracy":0.5482456140350878,"_wandb":{"runtime":0},"train_loss":0.27676012749775725,"val_loss":0.26586931481333054,"_timestamp":1.7287831282502909e+09,"_runtime":0.584183,"_step":1,"train_accuracy":0.54625}