{"_runtime":0.516368,"_step":1,"train_accuracy":0.54,"val_accuracy":0.543859649122807,"_wandb":{"runtime":0},"train_loss":0.271727011018224,"val_loss":0.2562929122129754,"_timestamp":1.728784975350529e+09}