{"_timestamp":1.728809059128316e+09,"val_mse":309.90331507000093,"train_rmse":16.96653389142617,"val_rmse":17.60407098003189,"train_mse":287.8632722889129,"val_r2":-2.630365152105887,"_step":0,"_runtime":0.393316,"_wandb":{"runtime":0},"train_r2":-2.4629398873509425}