{"_step":0,"train_rmse":22.78847573959663,"val_rmse":23.772206381008218,"_wandb":{"runtime":0},"train_r2":-5.2472552333980005,"val_mse":565.1177962212478,"_timestamp":1.7288102636069949e+09,"val_r2":-5.6200774708495205,"_runtime":0.477247,"train_mse":519.3146265341842}