{"val_accuracy":0.0043859649122807015,"train_accuracy":0.00625,"_wandb":{"runtime":0},"_step":1,"train_loss":0.35009981394235046,"val_loss":0.340712571652096,"_timestamp":1.728780834317738e+09,"_runtime":0.471028}