{"_step":1,"_runtime":1.194384,"_timestamp":1.72881326392827e+09,"train_mse":536.6363559322034,"train_r2":-5.4556323117704615,"train_rmse":23.1654129238441,"_wandb":{"runtime":1},"early_stop_epoch":16,"val_r2":-5.84777302832906,"val_mse":584.5548514851484,"val_rmse":24.177569180650657}