{"val_loss":0.26299509717555947,"_timestamp":1.728780764268499e+09,"_runtime":0.522886,"_step":1,"train_accuracy":0.5325,"val_accuracy":0.4956140350877193,"_wandb":{"runtime":0},"train_loss":0.26539008420258087}