{"_step":1,"train_accuracy":0.55,"val_accuracy":0.543859649122807,"_wandb":{"runtime":0},"train_loss":0.2702479244052511,"val_loss":0.2603296718110191,"_timestamp":1.7287831451686149e+09,"_runtime":0.748735}