{"_wandb":{"runtime":0},"_step":0,"val_rmse":3.4725558178630807,"val_r2":0.8587389082430336,"val_mse":12.05864390817473,"train_r2":0.9087168568246214,"_timestamp":1.72880964592096e+09,"_runtime":0.976032,"train_mse":7.588079826411046,"train_rmse":2.754646951318997}