{"train_accuracy":0.00625,"val_accuracy":0.0043859649122807015,"_wandb":{"runtime":0},"val_loss":0.31817300346889843,"_timestamp":1.728773778555264e+09,"_runtime":0.593527,"_step":1,"train_loss":0.3335238088777465}