{"train_r2":-5.4556323117704615,"_runtime":0.444581,"val_rmse":24.177569180650657,"early_stop_epoch":29,"train_mse":536.6363559322034,"_timestamp":1.728812921874441e+09,"train_rmse":23.1654129238441,"_step":1,"val_mse":584.5548514851484,"val_r2":-5.84777302832906,"_wandb":{"runtime":0}}