{"_timestamp":1.728814977878647e+09,"val_r2":-5.84777302832906,"val_mse":584.5548514851484,"train_mse":536.6363559322034,"train_rmse":23.1654129238441,"_runtime":0.868742,"val_rmse":24.177569180650657,"train_r2":-5.4556323117704615,"early_stop_epoch":16,"_wandb":{"runtime":0},"_step":1}