{"train_accuracy":0.51875,"val_accuracy":0.5614035087719298,"_wandb":{"runtime":0},"_step":1,"train_loss":0.2711993633057147,"val_loss":0.2576430495113658,"_timestamp":1.7287801932719748e+09,"_runtime":0.502957}