{"_wandb":{"runtime":0},"train_loss":0.2766720163504476,"val_loss":0.2660047255589705,"_timestamp":1.72877494612154e+09,"_runtime":0.767157,"_step":1,"train_accuracy":0.5525,"val_accuracy":0.5350877192982456}