{"_runtime":0.479323,"train_accuracy":0.00625,"val_accuracy":0.0043859649122807015,"_wandb":{"runtime":0},"_step":1,"train_loss":0.3927147290524284,"val_loss":0.388219425547761,"_timestamp":1.728782320328214e+09}