{"train_accuracy":0.00625,"val_accuracy":0.0043859649122807015,"_wandb":{"runtime":0},"_timestamp":1.728778217173629e+09,"_runtime":0.704708,"_step":1,"train_loss":0.33389167545709936,"val_loss":0.31883647084712496}