{"_step":1,"train_loss":0.3432082525406271,"val_loss":0.3319368493930323,"train_accuracy":0.00625,"val_accuracy":0.0043859649122807015,"_wandb":{"runtime":0},"_timestamp":1.7287796140239959e+09,"_runtime":0.68153}