{"val_accuracy":0.0043859649122807015,"_wandb":{"runtime":0},"train_loss":0.34868050271593937,"val_loss":0.33811034752551866,"_timestamp":1.7287792598717701e+09,"_runtime":0.57161,"_step":1,"train_accuracy":0.00625}