{"train_rmse":2.829576813943674,"val_r2":0.8576060139767443,"train_mse":8.006504946007633,"_timestamp":1.728810235743752e+09,"train_r2":0.9036832829859056,"val_mse":12.155352551530672,"val_rmse":3.4864527175240267,"_wandb":{"runtime":0},"_runtime":0.79024,"_step":0}