{"_runtime":0.796071,"_step":1,"train_accuracy":0.00625,"val_accuracy":0.0043859649122807015,"_wandb":{"runtime":0},"train_loss":0.41309329008875423,"val_loss":0.4107157838923159,"_timestamp":1.728785811367077e+09}