{"val_accuracy":0.0043859649122807015,"_wandb":{"runtime":1},"train_loss":0.4301740261253136,"val_loss":0.42863252321980316,"_timestamp":1.728784360727489e+09,"_runtime":1.232129,"_step":1,"train_accuracy":0.00625}