{"_step":1,"train_accuracy":0.00625,"val_accuracy":0.0043859649122807015,"_wandb":{"runtime":0},"train_loss":0.33708648237102096,"val_loss":0.3235678907866434,"_timestamp":1.7287739610968819e+09,"_runtime":0.555883}