{"val_accuracy":0.0043859649122807015,"train_accuracy":0.00625,"_wandb":{"runtime":0},"train_loss":0.3923849949647648,"val_loss":0.38774007567709284,"_timestamp":1.728783220900791e+09,"_runtime":0.869066,"_step":1}