{"_runtime":0.433782,"_step":0,"val_mse":584.5548966926679,"train_r2":-5.455632833611273,"val_rmse":24.177570115556854,"train_mse":536.6363993111844,"train_rmse":23.165413860131753,"val_r2":-5.847773557912949,"_wandb":{"runtime":0},"_timestamp":1.728817744833109e+09}