{"_wandb":{"runtime":0},"val_loss":0.3184494939961699,"_timestamp":1.7287783526836329e+09,"_runtime":0.758357,"_step":1,"train_loss":0.3337007222671484,"train_accuracy":0.00625,"val_accuracy":0.0043859649122807015}