{"val_loss":0.3172834211044908,"train_accuracy":0.41125,"val_accuracy":0.4692982456140351,"_wandb":{"runtime":2},"_timestamp":1.728772379858071e+09,"_runtime":2.851176,"_step":1,"train_loss":0.33965616885424293}