{"train_accuracy":0.00625,"val_accuracy":0.0043859649122807015,"_wandb":{"runtime":0},"train_loss":0.33264338299018875,"val_loss":0.3166697284764264,"_timestamp":1.728773848042547e+09,"_runtime":0.695505,"_step":1}