{"_step":0,"train_mse":7.066275800686852,"_timestamp":1.728809833849199e+09,"_wandb":{"runtime":0},"val_rmse":3.4006526227676948,"_runtime":0.961751,"val_r2":0.864528284713651,"val_mse":11.564438260736802,"train_rmse":2.65824675316022,"train_r2":0.9149940590522367}