{"val_accuracy":0.5526315789473685,"_wandb":{"runtime":0},"train_loss":0.27381762413220007,"val_loss":0.2581508663589229,"_timestamp":1.728786002953697e+09,"_runtime":0.822654,"_step":1,"train_accuracy":0.53}