{"val_loss":0.4305219440689063,"train_accuracy":0.00625,"val_accuracy":0.0043859649122807015,"_wandb":{"runtime":0},"_timestamp":1.7287835820153248e+09,"_runtime":0.40231,"_step":1,"train_loss":0.43204196293421643}