{"val_loss":0.25741600956014515,"_wandb":{"runtime":3},"train_loss":0.26984051344796856,"early_stop_epoch":72,"_timestamp":1.728777170351697e+09,"train_accuracy":0.51,"_step":2,"val_accuracy":0.5307017543859649,"_runtime":3.308066}