{"_wandb":{"runtime":0},"train_loss":0.2988521802568289,"val_loss":0.2881552405065704,"_timestamp":1.728783884619126e+09,"_runtime":0.402226,"_step":1,"train_accuracy":0.27875,"val_accuracy":0.2850877192982456}