{"val_r2":0.8429927549619882,"train_r2":0.9054799135595893,"val_mse":13.402802111810436,"train_rmse":2.8030620243187174,"_runtime":0.494402,"train_mse":7.857156712177746,"_step":0,"val_rmse":3.660983762844413,"_timestamp":1.728811118136095e+09,"_wandb":{"runtime":0}}