{"val_loss":0.25474213522715994,"train_loss":0.2590875228296052,"val_accuracy":0.5482456140350878,"_wandb":{"runtime":0},"_runtime":0.472824,"_step":2,"train_accuracy":0.525,"early_stop_epoch":36,"_timestamp":1.728781556891304e+09}