{"val_accuracy":0.44298245614035087,"_runtime":0.841254,"_step":2,"train_accuracy":0.385,"early_stop_epoch":16,"_wandb":{"runtime":0},"train_loss":0.29784094082667717,"val_loss":0.2984764974424277,"_timestamp":1.7287811413764338e+09}