{"train_accuracy":0.5775,"val_accuracy":0.6096491228070176,"_step":2,"_timestamp":1.728773907488833e+09,"_runtime":2.067017,"val_loss":0.25768269118088405,"_wandb":{"runtime":2},"early_stop_epoch":35,"train_loss":0.24077530287269477}