{"_timestamp":1.728813377989971e+09,"val_rmse":24.177569180650657,"_runtime":0.641718,"train_r2":-5.4556323117704615,"_step":1,"train_mse":536.6363559322034,"val_r2":-5.84777302832906,"train_rmse":23.1654129238441,"_wandb":{"runtime":0},"val_mse":584.5548514851484,"early_stop_epoch":51}