{"_step":1,"train_loss":0.33333921678730843,"val_loss":0.3162272716629818,"train_accuracy":0.00625,"val_accuracy":0.0043859649122807015,"_wandb":{"runtime":0},"_timestamp":1.728777862814278e+09,"_runtime":0.642735}