{"_wandb":{"runtime":0},"_step":0,"_runtime":0.463525,"train_mse":31.242503385612096,"train_rmse":5.5894993859568585,"train_r2":0.6241586837582129,"val_r2":0.6418117120292041,"val_rmse":5.529599111705799,"val_mse":30.576466336177567,"_timestamp":1.728811592555546e+09}