{"_runtime":0.602646,"_step":1,"train_accuracy":0.00625,"val_accuracy":0.0043859649122807015,"_wandb":{"runtime":0},"train_loss":0.3431386043470483,"val_loss":0.33182064911432446,"_timestamp":1.72877919010698e+09}