{"_runtime":0.524305,"_step":1,"train_loss":0.3337206329379718,"val_accuracy":0.0043859649122807015,"train_accuracy":0.00625,"_wandb":{"runtime":0},"val_loss":0.31839118466618893,"_timestamp":1.728776620080637e+09}