{"_timestamp":1.728776775597665e+09,"_runtime":0.476216,"_step":1,"train_loss":0.3894927612522242,"train_accuracy":0.00625,"val_accuracy":0.0043859649122807015,"_wandb":{"runtime":0},"val_loss":0.3845513958089851}