{"_timestamp":1.728772929099039e+09,"_step":2,"train_loss":0.24326671159177038,"_wandb":{"runtime":0},"_runtime":0.47981,"train_accuracy":0.5425,"val_loss":0.2512300608194748,"val_accuracy":0.5921052631578947,"early_stop_epoch":50}