{"val_mse":584.5548514851484,"train_mse":536.6363559322034,"_step":1,"_runtime":0.613863,"val_rmse":24.177569180650657,"train_rmse":23.1654129238441,"train_r2":-5.4556323117704615,"val_r2":-5.84777302832906,"_wandb":{"runtime":0},"_timestamp":1.7288127487637079e+09,"early_stop_epoch":31}