{"_wandb":{"runtime":2},"train_loss":0.26793441730196993,"early_stop_epoch":77,"val_loss":0.2567821124297073,"_timestamp":1.728784686079051e+09,"_runtime":2.226768,"_step":2,"val_accuracy":0.49122807017543857,"train_accuracy":0.505}