{"train_rmse":20.42110443905889,"train_mse":417.02150651095064,"val_mse":448.0853823331426,"val_rmse":21.168027360459043,"train_r2":-4.016688642830981,"_wandb":{"runtime":0},"_runtime":0.414948,"val_r2":-4.249100213151453,"_step":0,"_timestamp":1.728809790917758e+09}