{"val_mse":9.418036229528507,"val_rmse":3.068881918472672,"_timestamp":1.728811438932138e+09,"val_r2":0.8896723304775621,"_runtime":3.282384,"_wandb":{"runtime":3},"early_stop_epoch":78,"train_r2":0.9208691710057986,"train_mse":6.5778962714338185,"_step":1,"train_rmse":2.5647409755048987}