{"_wandb":{"runtime":0},"train_loss":0.3302340710910613,"val_loss":0.3144715669328317,"_timestamp":1.728778449219393e+09,"_runtime":0.79851,"_step":1,"train_accuracy":0.00625,"val_accuracy":0.0043859649122807015}