{"_timestamp":1.728810410654627e+09,"train_mse":23.72356835010284,"_step":0,"val_rmse":5.878624094544499,"_wandb":{"runtime":2},"_runtime":2.582449,"train_rmse":4.870684587417136,"val_mse":34.55822124495913,"train_r2":0.7146100283768932,"val_r2":0.595167408589591}