{"_timestamp":1.728813128124544e+09,"val_rmse":24.177569180650657,"early_stop_epoch":27,"train_r2":-5.4556323117704615,"train_rmse":23.1654129238441,"val_r2":-5.84777302832906,"train_mse":536.6363559322034,"_wandb":{"runtime":0},"val_mse":584.5548514851484,"_runtime":0.582566,"_step":1}