{"_wandb":{"runtime":0},"train_loss":0.3796296755018368,"val_loss":0.3745307642222365,"_timestamp":1.728786196222139e+09,"_runtime":0.956646,"_step":1,"train_accuracy":0.00625,"val_accuracy":0.0043859649122807015}