{"_wandb":{"runtime":1},"train_mse":5.158734646260773,"_step":0,"_runtime":1.670909,"train_rmse":2.2712848007814372,"val_r2":0.8721164009695603,"val_rmse":3.3040406447087642,"_timestamp":1.728810784766061e+09,"val_mse":10.916684581887507,"train_r2":0.9379414128355139}