{"train_rmse":23.165668349653092,"val_r2":-5.847918474125635,"train_r2":-5.455774674369557,"_step":0,"val_rmse":24.177825943478638,"_wandb":{"runtime":0},"val_mse":584.5672673531487,"train_mse":536.648190086119,"_runtime":0.482436,"_timestamp":1.728813284772083e+09}