{"val_rmse":24.229307030651498,"_wandb":{"runtime":0},"_step":0,"train_r2":-5.484378366926461,"_timestamp":1.728810214904705e+09,"_runtime":0.391175,"val_mse":587.059319185578,"train_rmse":23.21693185684236,"train_mse":539.0259248452617,"val_r2":-5.8771116375729155}