{"_wandb":{"runtime":0},"_timestamp":1.728780548257556e+09,"_runtime":0.547215,"_step":1,"train_loss":0.2539617731005599,"val_loss":0.2546464809008632,"train_accuracy":0.565,"val_accuracy":0.5833333333333334}