{"val_accuracy":0.0043859649122807015,"_wandb":{"runtime":0},"val_loss":0.31769509496506254,"_timestamp":1.72877922258317e+09,"_runtime":0.589796,"_step":1,"train_loss":0.33317795098209496,"train_accuracy":0.00625}