{"val_mse":584.5550333456431,"_wandb":{"runtime":0},"train_r2":-5.455634519300319,"_runtime":0.438065,"train_rmse":23.165416884597583,"val_rmse":24.177572941584586,"train_mse":536.6365394371988,"_step":0,"val_r2":-5.847775158735449,"_timestamp":1.728816859363411e+09}