{"train_accuracy":0.54375,"val_accuracy":0.5526315789473685,"_wandb":{"runtime":1},"train_loss":0.27048478572029117,"val_loss":0.25539911094701695,"_timestamp":1.728786560975103e+09,"_runtime":1.476864,"_step":1}