{"val_loss":0.2543519084594622,"_timestamp":1.7287729666369548e+09,"train_accuracy":0.54625,"val_accuracy":0.5701754385964912,"_wandb":{"runtime":0},"_runtime":0.597078,"_step":1,"train_loss":0.26180716923265646}