{"_timestamp":1.728809085914507e+09,"val_mse":12.39503443726552,"train_mse":7.485987177427741,"_runtime":0.474151,"_step":0,"train_rmse":2.7360532117317713,"train_r2":0.9099450117870744,"val_rmse":3.5206582392026524,"_wandb":{"runtime":0},"val_r2":0.8547982583857262}