{"_runtime":0.58728,"train_accuracy":0.00625,"val_accuracy":0.0043859649122807015,"_wandb":{"runtime":0},"_step":1,"train_loss":0.3341722667736669,"val_loss":0.3190204228048223,"_timestamp":1.7287737136584709e+09}