{"_wandb":{"runtime":3},"_timestamp":1.728811297765301e+09,"train_mse":8.410280441715795,"early_stop_epoch":70,"val_mse":13.373434347269686,"val_rmse":3.6569706516828497,"train_r2":0.8988259413094053,"_step":1,"val_r2":0.8433367839019817,"train_rmse":2.9000483516168822,"_runtime":3.037297}