{"_timestamp":1.7288133239517e+09,"val_mse":584.5548514851484,"val_r2":-5.84777302832906,"train_mse":536.6363559322034,"_runtime":1.335866,"val_rmse":24.177569180650657,"train_r2":-5.4556323117704615,"_step":1,"early_stop_epoch":16,"train_rmse":23.1654129238441,"_wandb":{"runtime":1}}