{"_step":1,"train_accuracy":0.00625,"val_accuracy":0.0043859649122807015,"_wandb":{"runtime":1},"train_loss":0.3899348471015326,"val_loss":0.3856049172206567,"_timestamp":1.728786933581877e+09,"_runtime":1.8275679999999999}