{"_timestamp":1.72878541435553e+09,"_runtime":1.260607,"_step":1,"val_accuracy":0.5307017543859649,"train_accuracy":0.53625,"_wandb":{"runtime":1},"train_loss":0.27374533690543595,"val_loss":0.2594097070998906}