{"train_r2":0.8584684377438047,"val_r2":0.8227590301681608,"train_rmse":3.430025137488986,"_runtime":0.396559,"_wandb":{"runtime":0},"_step":0,"_timestamp":1.728809581885921e+09,"val_mse":15.130038388906097,"train_mse":11.765072443806337,"val_rmse":3.889735002401333}