{"_wandb":{"runtime":0},"val_rmse":22.37780003735884,"_step":0,"_timestamp":1.728809345049958e+09,"train_mse":456.9511390965133,"train_r2":-4.4970344551617565,"val_mse":500.7659345120172,"val_r2":-4.866227012136107,"_runtime":0.399816,"train_rmse":21.37641548755341}