{"val_accuracy":0.5350877192982456,"_wandb":{"runtime":0},"_step":1,"train_loss":0.273724055670812,"val_loss":0.2602038665182525,"_timestamp":1.728782650158411e+09,"_runtime":0.529271,"train_accuracy":0.525}