{"_runtime":1.024932,"train_mse":22.658441146568826,"val_mse":24.68195438649611,"train_r2":0.7274233040993987,"val_r2":0.7108630249070984,"_timestamp":1.728811705767709e+09,"val_rmse":4.9680936370499404,"train_rmse":4.760088354912,"_wandb":{"runtime":1},"_step":0}