{"val_accuracy":0.5833333333333334,"train_accuracy":0.575,"_wandb":{"runtime":0},"train_loss":0.25854784775752954,"val_loss":0.2512866770408587,"_timestamp":1.728772463821449e+09,"_runtime":0.523175,"_step":1}