{"_runtime":0.729679,"val_rmse":3.511296427920568,"_step":0,"train_rmse":2.647735274045671,"train_mse":7.010502081425704,"_timestamp":1.728811791636543e+09,"_wandb":{"runtime":0},"val_mse":12.32920260472774,"val_r2":0.8555694459759282,"train_r2":0.9156650061847403}