{"train_loss":0.41558616816934935,"val_loss":0.4151957034018067,"_timestamp":1.728783749306386e+09,"_runtime":0.439941,"_step":1,"train_accuracy":0.00625,"val_accuracy":0.0043859649122807015,"_wandb":{"runtime":0}}