{"_wandb":{"runtime":0},"_timestamp":1.728782607626577e+09,"_runtime":0.678081,"_step":1,"train_loss":0.26598009949656737,"val_loss":0.2554182520742949,"val_accuracy":0.5526315789473685,"train_accuracy":0.53125}