{"_step":1,"train_loss":0.278506560495844,"val_loss":0.26479529149373954,"train_accuracy":0.5425,"val_accuracy":0.5219298245614035,"_wandb":{"runtime":0},"_timestamp":1.728783198079417e+09,"_runtime":0.71002}